case_id,gps_match,perspective_match,landmark_match,surface_analysis,evidence_integrity,confidence_score
CF00001,FAIL,PASS,PASS,PASS,PASS,75
CF00002,PASS,FAIL,FAIL,PASS,PASS,60
CF00003,PASS,PASS,PASS,FAIL,PASS,99
CF00004,FAIL,FAIL,FAIL,FAIL,PASS,94
CF00005,PASS,PASS,FAIL,PASS,PASS,71
CF00006,PASS,FAIL,PASS,FAIL,PASS,94
CF00007,FAIL,PASS,FAIL,PASS,PASS,86
CF00008,FAIL,PASS,FAIL,FAIL,FAIL,90
CF00009,PASS,PASS,FAIL,PASS,PASS,90
CF00010,PASS,FAIL,FAIL,PASS,PASS,85
CF00011,FAIL,FAIL,PASS,PASS,FAIL,68
CF00012,FAIL,PASS,FAIL,FAIL,PASS,64
CF00013,FAIL,FAIL,PASS,FAIL,FAIL,89
CF00014,FAIL,FAIL,FAIL,PASS,FAIL,79
CF00015,PASS,PASS,FAIL,FAIL,PASS,65
CF00016,FAIL,PASS,FAIL,PASS,FAIL,69
CF00017,FAIL,PASS,FAIL,FAIL,FAIL,96
CF00018,FAIL,FAIL,FAIL,PASS,PASS,89
CF00019,PASS,PASS,FAIL,PASS,FAIL,67
CF00020,PASS,FAIL,FAIL,FAIL,PASS,78
CF00021,FAIL,PASS,PASS,PASS,FAIL,66
CF00022,PASS,PASS,PASS,PASS,PASS,83
CF00023,FAIL,FAIL,FAIL,PASS,PASS,94
CF00024,PASS,PASS,FAIL,FAIL,PASS,92
CF00025,PASS,FAIL,FAIL,FAIL,PASS,99
CF00026,FAIL,PASS,PASS,PASS,PASS,72
CF00027,PASS,PASS,PASS,PASS,PASS,82
CF00028,FAIL,PASS,PASS,FAIL,FAIL,65
CF00029,PASS,PASS,FAIL,FAIL,FAIL,70
CF00030,FAIL,PASS,PASS,PASS,FAIL,80
CF00031,FAIL,PASS,FAIL,PASS,FAIL,78
CF00032,FAIL,PASS,FAIL,FAIL,PASS,88
CF00033,FAIL,FAIL,FAIL,FAIL,PASS,69
CF00034,FAIL,PASS,FAIL,FAIL,PASS,76
CF00035,FAIL,FAIL,FAIL,FAIL,PASS,81
CF00036,FAIL,PASS,PASS,FAIL,PASS,69
CF00037,FAIL,FAIL,PASS,FAIL,PASS,87
CF00038,PASS,PASS,PASS,FAIL,PASS,65
CF00039,PASS,FAIL,PASS,FAIL,PASS,74
CF00040,PASS,FAIL,FAIL,PASS,FAIL,80
CF00041,PASS,PASS,FAIL,PASS,PASS,84
CF00042,FAIL,PASS,FAIL,PASS,PASS,92
CF00043,PASS,PASS,PASS,FAIL,PASS,99
CF00044,PASS,FAIL,FAIL,PASS,FAIL,99
CF00045,FAIL,PASS,FAIL,PASS,PASS,79
CF00046,PASS,FAIL,PASS,FAIL,FAIL,98
CF00047,PASS,PASS,FAIL,PASS,FAIL,92
CF00048,FAIL,FAIL,PASS,FAIL,FAIL,64
CF00049,PASS,PASS,FAIL,PASS,FAIL,85
CF00050,FAIL,PASS,FAIL,FAIL,FAIL,93
CF00051,PASS,FAIL,PASS,FAIL,PASS,61
CF00052,PASS,PASS,FAIL,FAIL,PASS,69
CF00053,PASS,PASS,PASS,FAIL,PASS,83
CF00054,FAIL,FAIL,PASS,PASS,FAIL,79
CF00055,FAIL,PASS,FAIL,FAIL,FAIL,94
CF00056,FAIL,PASS,PASS,PASS,PASS,92
CF00057,FAIL,PASS,FAIL,FAIL,PASS,76
CF00058,PASS,PASS,PASS,FAIL,PASS,85
CF00059,FAIL,PASS,FAIL,PASS,PASS,80
CF00060,PASS,FAIL,PASS,PASS,PASS,76
CF00061,PASS,PASS,PASS,FAIL,FAIL,74
CF00062,PASS,PASS,PASS,PASS,FAIL,99
CF00063,PASS,FAIL,FAIL,FAIL,FAIL,90
CF00064,FAIL,PASS,FAIL,PASS,PASS,82
CF00065,FAIL,PASS,FAIL,FAIL,PASS,90
CF00066,PASS,FAIL,FAIL,PASS,PASS,88
CF00067,PASS,PASS,FAIL,PASS,FAIL,65
CF00068,FAIL,PASS,PASS,PASS,PASS,63
CF00069,FAIL,FAIL,FAIL,FAIL,FAIL,64
CF00070,PASS,FAIL,FAIL,PASS,PASS,60
CF00071,PASS,PASS,FAIL,FAIL,PASS,91
CF00072,FAIL,PASS,PASS,PASS,PASS,94
CF00073,PASS,FAIL,FAIL,PASS,FAIL,71
CF00074,FAIL,PASS,PASS,PASS,PASS,96
CF00075,FAIL,PASS,FAIL,FAIL,PASS,83
CF00076,PASS,FAIL,FAIL,FAIL,PASS,84
CF00077,PASS,FAIL,FAIL,FAIL,PASS,68
CF00078,PASS,PASS,FAIL,PASS,PASS,81
CF00079,FAIL,PASS,FAIL,FAIL,PASS,87
CF00080,PASS,FAIL,PASS,PASS,PASS,70
CF00081,FAIL,PASS,FAIL,PASS,FAIL,80
CF00082,PASS,PASS,PASS,PASS,FAIL,95
CF00083,FAIL,FAIL,PASS,PASS,FAIL,65
CF00084,FAIL,FAIL,FAIL,FAIL,PASS,62
CF00085,FAIL,PASS,FAIL,FAIL,FAIL,97
CF00086,FAIL,PASS,FAIL,PASS,PASS,75
CF00087,PASS,PASS,PASS,PASS,PASS,97
CF00088,PASS,PASS,FAIL,FAIL,PASS,93
CF00089,FAIL,FAIL,PASS,PASS,PASS,68
CF00090,PASS,FAIL,FAIL,PASS,FAIL,83
CF00091,FAIL,FAIL,PASS,PASS,FAIL,84
CF00092,PASS,PASS,FAIL,PASS,FAIL,89
CF00093,FAIL,FAIL,FAIL,FAIL,PASS,69
CF00094,FAIL,FAIL,PASS,FAIL,FAIL,62
CF00095,FAIL,PASS,PASS,PASS,PASS,98
CF00096,PASS,FAIL,PASS,FAIL,PASS,85
CF00097,PASS,FAIL,PASS,FAIL,PASS,69
CF00098,FAIL,FAIL,FAIL,PASS,FAIL,89
CF00099,FAIL,FAIL,PASS,FAIL,FAIL,72
CF00100,PASS,PASS,PASS,PASS,FAIL,70
CF00101,PASS,PASS,PASS,PASS,FAIL,73
CF00102,PASS,PASS,PASS,FAIL,FAIL,95
CF00103,FAIL,PASS,PASS,PASS,FAIL,82
CF00104,PASS,FAIL,FAIL,FAIL,FAIL,71
CF00105,PASS,FAIL,PASS,PASS,FAIL,69
CF00106,FAIL,PASS,FAIL,PASS,PASS,76
CF00107,FAIL,FAIL,PASS,PASS,FAIL,94
CF00108,FAIL,FAIL,PASS,FAIL,FAIL,69
CF00109,PASS,FAIL,FAIL,FAIL,FAIL,95
CF00110,PASS,FAIL,FAIL,FAIL,FAIL,83
CF00111,FAIL,FAIL,FAIL,PASS,PASS,61
CF00112,PASS,FAIL,PASS,PASS,FAIL,69
CF00113,PASS,FAIL,PASS,FAIL,PASS,66
CF00114,PASS,FAIL,FAIL,FAIL,FAIL,97
CF00115,FAIL,FAIL,FAIL,FAIL,FAIL,86
CF00116,PASS,PASS,PASS,FAIL,FAIL,69
CF00117,FAIL,FAIL,PASS,PASS,PASS,97
CF00118,FAIL,PASS,PASS,FAIL,PASS,78
CF00119,FAIL,FAIL,FAIL,FAIL,PASS,95
CF00120,FAIL,FAIL,PASS,FAIL,FAIL,77
CF00121,FAIL,PASS,FAIL,PASS,FAIL,90
CF00122,FAIL,FAIL,FAIL,PASS,FAIL,92
CF00123,FAIL,FAIL,FAIL,PASS,FAIL,60
CF00124,PASS,PASS,PASS,FAIL,PASS,94
CF00125,FAIL,FAIL,FAIL,PASS,PASS,84
CF00126,FAIL,FAIL,PASS,PASS,FAIL,98
CF00127,PASS,FAIL,FAIL,PASS,FAIL,89
CF00128,FAIL,PASS,PASS,FAIL,FAIL,96
CF00129,PASS,PASS,PASS,FAIL,FAIL,92
CF00130,PASS,PASS,FAIL,PASS,PASS,79
CF00131,PASS,FAIL,FAIL,FAIL,FAIL,89
CF00132,FAIL,PASS,PASS,PASS,FAIL,81
CF00133,PASS,FAIL,FAIL,PASS,FAIL,99
CF00134,PASS,FAIL,PASS,FAIL,PASS,62
CF00135,FAIL,PASS,PASS,PASS,FAIL,63
CF00136,FAIL,PASS,FAIL,PASS,FAIL,83
CF00137,FAIL,PASS,FAIL,FAIL,FAIL,92
CF00138,FAIL,FAIL,FAIL,PASS,FAIL,61
CF00139,FAIL,FAIL,FAIL,FAIL,FAIL,72
CF00140,PASS,PASS,PASS,FAIL,PASS,82
CF00141,FAIL,FAIL,FAIL,FAIL,PASS,97
CF00142,PASS,PASS,FAIL,PASS,FAIL,94
CF00143,PASS,PASS,FAIL,FAIL,PASS,60
CF00144,FAIL,FAIL,PASS,FAIL,PASS,69
CF00145,FAIL,FAIL,PASS,PASS,PASS,90
CF00146,PASS,FAIL,FAIL,PASS,FAIL,76
CF00147,PASS,FAIL,FAIL,FAIL,PASS,88
CF00148,PASS,PASS,PASS,FAIL,PASS,71
CF00149,PASS,FAIL,FAIL,PASS,FAIL,79
CF00150,PASS,FAIL,FAIL,PASS,PASS,87
CF00151,PASS,PASS,PASS,PASS,PASS,67
CF00152,PASS,PASS,FAIL,PASS,PASS,83
CF00153,FAIL,PASS,FAIL,FAIL,PASS,68
CF00154,PASS,FAIL,PASS,PASS,PASS,67
CF00155,PASS,FAIL,FAIL,PASS,FAIL,65
CF00156,FAIL,PASS,PASS,FAIL,PASS,68
CF00157,FAIL,PASS,PASS,FAIL,PASS,88
CF00158,FAIL,FAIL,PASS,FAIL,PASS,71
CF00159,FAIL,PASS,PASS,PASS,PASS,60
CF00160,PASS,FAIL,FAIL,PASS,FAIL,76
CF00161,PASS,PASS,PASS,FAIL,PASS,95
CF00162,PASS,FAIL,FAIL,FAIL,FAIL,78
CF00163,FAIL,FAIL,FAIL,PASS,FAIL,97
CF00164,PASS,PASS,FAIL,PASS,FAIL,76
CF00165,FAIL,FAIL,FAIL,PASS,PASS,87
CF00166,FAIL,PASS,PASS,PASS,FAIL,92
CF00167,FAIL,FAIL,PASS,FAIL,FAIL,93
CF00168,FAIL,FAIL,PASS,FAIL,FAIL,71
CF00169,FAIL,PASS,FAIL,FAIL,FAIL,78
CF00170,FAIL,FAIL,PASS,FAIL,PASS,82
CF00171,FAIL,PASS,FAIL,PASS,PASS,67
CF00172,FAIL,PASS,PASS,FAIL,FAIL,71
CF00173,PASS,PASS,PASS,PASS,FAIL,63
CF00174,FAIL,FAIL,FAIL,FAIL,PASS,70
CF00175,FAIL,FAIL,PASS,PASS,FAIL,74
CF00176,PASS,PASS,FAIL,PASS,PASS,90
CF00177,PASS,FAIL,PASS,FAIL,FAIL,66
CF00178,PASS,FAIL,FAIL,FAIL,PASS,79
CF00179,FAIL,PASS,FAIL,PASS,FAIL,92
CF00180,PASS,PASS,PASS,PASS,PASS,67
CF00181,PASS,PASS,FAIL,FAIL,FAIL,83
CF00182,FAIL,FAIL,PASS,PASS,PASS,90
CF00183,FAIL,PASS,PASS,PASS,PASS,63
CF00184,FAIL,PASS,PASS,PASS,PASS,84
CF00185,FAIL,PASS,FAIL,FAIL,PASS,70
CF00186,PASS,FAIL,PASS,PASS,FAIL,92
CF00187,PASS,FAIL,PASS,PASS,PASS,89
CF00188,FAIL,PASS,FAIL,PASS,PASS,67
CF00189,PASS,FAIL,PASS,PASS,FAIL,60
CF00190,FAIL,PASS,PASS,PASS,PASS,83
CF00191,PASS,FAIL,PASS,PASS,FAIL,69
CF00192,FAIL,FAIL,PASS,PASS,PASS,65
CF00193,FAIL,FAIL,FAIL,PASS,PASS,87
CF00194,PASS,PASS,PASS,FAIL,FAIL,98
CF00195,FAIL,FAIL,FAIL,PASS,FAIL,95
CF00196,PASS,FAIL,FAIL,FAIL,FAIL,75
CF00197,FAIL,PASS,FAIL,PASS,FAIL,74
CF00198,PASS,FAIL,FAIL,PASS,PASS,73
CF00199,FAIL,PASS,PASS,PASS,FAIL,83
CF00200,FAIL,FAIL,PASS,PASS,FAIL,61
CF00201,PASS,FAIL,FAIL,PASS,FAIL,76
CF00202,PASS,FAIL,PASS,PASS,FAIL,61
CF00203,PASS,FAIL,FAIL,FAIL,PASS,66
CF00204,FAIL,FAIL,PASS,FAIL,PASS,84
CF00205,FAIL,PASS,PASS,PASS,PASS,70
CF00206,PASS,FAIL,FAIL,PASS,FAIL,86
CF00207,PASS,FAIL,PASS,FAIL,FAIL,67
CF00208,PASS,PASS,PASS,FAIL,PASS,60
CF00209,PASS,PASS,FAIL,FAIL,FAIL,71
CF00210,PASS,PASS,PASS,PASS,FAIL,98
CF00211,PASS,PASS,FAIL,PASS,FAIL,62
CF00212,FAIL,FAIL,PASS,PASS,PASS,63
CF00213,PASS,FAIL,PASS,FAIL,PASS,62
CF00214,PASS,PASS,PASS,PASS,PASS,68
CF00215,PASS,PASS,FAIL,PASS,FAIL,61
CF00216,PASS,PASS,FAIL,FAIL,FAIL,64
CF00217,PASS,FAIL,PASS,FAIL,PASS,92
CF00218,PASS,FAIL,PASS,FAIL,FAIL,87
CF00219,FAIL,PASS,PASS,PASS,PASS,73
CF00220,PASS,PASS,FAIL,PASS,FAIL,77
CF00221,FAIL,PASS,PASS,FAIL,PASS,98
CF00222,FAIL,PASS,PASS,FAIL,PASS,63
CF00223,PASS,FAIL,PASS,PASS,FAIL,96
CF00224,FAIL,PASS,FAIL,FAIL,PASS,66
CF00225,FAIL,FAIL,PASS,PASS,PASS,66
CF00226,PASS,FAIL,FAIL,PASS,FAIL,66
CF00227,PASS,PASS,PASS,FAIL,FAIL,75
CF00228,FAIL,PASS,FAIL,FAIL,PASS,75
CF00229,FAIL,FAIL,PASS,FAIL,FAIL,83
CF00230,FAIL,PASS,PASS,PASS,FAIL,79
CF00231,PASS,FAIL,PASS,FAIL,FAIL,99
CF00232,FAIL,PASS,FAIL,FAIL,FAIL,94
CF00233,FAIL,FAIL,FAIL,PASS,PASS,60
CF00234,PASS,FAIL,PASS,PASS,FAIL,98
CF00235,PASS,FAIL,PASS,FAIL,PASS,92
CF00236,PASS,PASS,FAIL,PASS,FAIL,67
CF00237,FAIL,PASS,PASS,PASS,PASS,91
CF00238,PASS,PASS,FAIL,FAIL,FAIL,80
CF00239,PASS,PASS,PASS,FAIL,FAIL,63
CF00240,FAIL,FAIL,FAIL,PASS,PASS,77
CF00241,PASS,PASS,PASS,FAIL,FAIL,88
CF00242,PASS,PASS,FAIL,FAIL,PASS,77
CF00243,PASS,PASS,PASS,FAIL,PASS,61
CF00244,PASS,FAIL,FAIL,PASS,PASS,92
CF00245,FAIL,PASS,FAIL,FAIL,FAIL,85
CF00246,FAIL,PASS,FAIL,PASS,PASS,73
CF00247,PASS,PASS,PASS,FAIL,FAIL,71
CF00248,PASS,PASS,FAIL,FAIL,PASS,79
CF00249,PASS,FAIL,FAIL,PASS,FAIL,68
CF00250,FAIL,FAIL,PASS,PASS,FAIL,67
CF00251,FAIL,PASS,FAIL,FAIL,PASS,89
CF00252,FAIL,FAIL,FAIL,FAIL,PASS,63
CF00253,FAIL,FAIL,PASS,PASS,FAIL,81
CF00254,FAIL,PASS,FAIL,FAIL,FAIL,94
CF00255,PASS,FAIL,PASS,FAIL,PASS,63
CF00256,PASS,FAIL,FAIL,PASS,PASS,91
CF00257,FAIL,PASS,FAIL,FAIL,FAIL,74
CF00258,PASS,PASS,PASS,PASS,FAIL,69
CF00259,FAIL,FAIL,FAIL,PASS,FAIL,91
CF00260,FAIL,PASS,PASS,FAIL,FAIL,65
CF00261,FAIL,FAIL,FAIL,FAIL,FAIL,61
CF00262,PASS,FAIL,FAIL,FAIL,FAIL,66
CF00263,FAIL,FAIL,FAIL,PASS,FAIL,69
CF00264,PASS,PASS,FAIL,PASS,PASS,63
CF00265,FAIL,FAIL,PASS,PASS,PASS,80
CF00266,PASS,FAIL,PASS,PASS,PASS,74
CF00267,PASS,FAIL,FAIL,FAIL,PASS,70
CF00268,FAIL,FAIL,PASS,PASS,FAIL,91
CF00269,FAIL,FAIL,PASS,FAIL,FAIL,75
CF00270,PASS,PASS,PASS,FAIL,PASS,99
CF00271,FAIL,FAIL,PASS,FAIL,FAIL,97
CF00272,PASS,PASS,FAIL,PASS,FAIL,78
CF00273,FAIL,FAIL,PASS,FAIL,PASS,84
CF00274,PASS,PASS,FAIL,PASS,FAIL,86
CF00275,PASS,FAIL,PASS,FAIL,FAIL,61
CF00276,FAIL,FAIL,FAIL,FAIL,FAIL,83
CF00277,PASS,PASS,FAIL,FAIL,PASS,78
CF00278,FAIL,FAIL,FAIL,FAIL,FAIL,87
CF00279,FAIL,PASS,FAIL,PASS,PASS,88
CF00280,PASS,PASS,FAIL,FAIL,FAIL,86
CF00281,PASS,FAIL,PASS,PASS,FAIL,66
CF00282,PASS,FAIL,FAIL,PASS,PASS,61
CF00283,FAIL,PASS,PASS,FAIL,FAIL,61
CF00284,PASS,PASS,FAIL,PASS,FAIL,87
CF00285,PASS,FAIL,FAIL,PASS,PASS,70
CF00286,PASS,PASS,FAIL,PASS,PASS,80
CF00287,FAIL,PASS,FAIL,FAIL,PASS,93
CF00288,PASS,PASS,FAIL,PASS,FAIL,99
CF00289,PASS,FAIL,FAIL,PASS,PASS,90
CF00290,FAIL,PASS,PASS,FAIL,PASS,97
CF00291,PASS,PASS,FAIL,FAIL,PASS,80
CF00292,FAIL,FAIL,FAIL,FAIL,PASS,85
CF00293,FAIL,PASS,FAIL,FAIL,FAIL,81
CF00294,PASS,FAIL,FAIL,PASS,PASS,89
CF00295,PASS,PASS,FAIL,FAIL,FAIL,96
CF00296,PASS,FAIL,PASS,FAIL,FAIL,80
CF00297,PASS,FAIL,PASS,FAIL,FAIL,77
CF00298,PASS,FAIL,FAIL,PASS,PASS,76
CF00299,PASS,PASS,PASS,PASS,FAIL,70
CF00300,FAIL,PASS,FAIL,FAIL,FAIL,66
CF00301,PASS,FAIL,PASS,PASS,FAIL,84
CF00302,FAIL,FAIL,PASS,PASS,FAIL,60
CF00303,PASS,FAIL,FAIL,PASS,PASS,71
CF00304,FAIL,FAIL,FAIL,PASS,FAIL,82
CF00305,PASS,FAIL,FAIL,FAIL,FAIL,79
CF00306,PASS,PASS,PASS,FAIL,FAIL,76
CF00307,PASS,FAIL,PASS,FAIL,PASS,65
CF00308,FAIL,PASS,FAIL,FAIL,PASS,81
CF00309,FAIL,FAIL,FAIL,PASS,PASS,94
CF00310,PASS,FAIL,PASS,PASS,FAIL,68
CF00311,FAIL,FAIL,PASS,FAIL,FAIL,91
CF00312,PASS,FAIL,PASS,FAIL,FAIL,96
CF00313,PASS,FAIL,PASS,FAIL,PASS,61
CF00314,PASS,FAIL,FAIL,FAIL,FAIL,72
CF00315,PASS,PASS,FAIL,PASS,PASS,62
CF00316,FAIL,PASS,FAIL,FAIL,FAIL,60
CF00317,FAIL,FAIL,FAIL,FAIL,FAIL,71
CF00318,PASS,PASS,PASS,FAIL,PASS,86
CF00319,FAIL,PASS,FAIL,FAIL,PASS,97
CF00320,FAIL,PASS,PASS,PASS,FAIL,68
CF00321,FAIL,FAIL,PASS,FAIL,PASS,92
CF00322,FAIL,FAIL,PASS,PASS,FAIL,77
CF00323,PASS,FAIL,PASS,PASS,FAIL,79
CF00324,FAIL,PASS,FAIL,FAIL,PASS,73
CF00325,PASS,PASS,FAIL,FAIL,FAIL,60
CF00326,FAIL,PASS,PASS,FAIL,PASS,87
CF00327,FAIL,FAIL,FAIL,FAIL,PASS,81
CF00328,FAIL,FAIL,PASS,FAIL,PASS,74
CF00329,PASS,FAIL,FAIL,FAIL,PASS,90
CF00330,PASS,PASS,PASS,PASS,PASS,92
CF00331,FAIL,FAIL,PASS,FAIL,PASS,77
CF00332,FAIL,PASS,FAIL,FAIL,PASS,83
CF00333,PASS,FAIL,PASS,FAIL,PASS,67
CF00334,PASS,PASS,PASS,PASS,PASS,88
CF00335,PASS,PASS,FAIL,PASS,PASS,68
CF00336,PASS,PASS,PASS,PASS,FAIL,98
CF00337,FAIL,PASS,FAIL,FAIL,FAIL,61
CF00338,PASS,PASS,FAIL,FAIL,FAIL,61
CF00339,FAIL,FAIL,FAIL,PASS,FAIL,77
CF00340,PASS,FAIL,PASS,PASS,PASS,84
CF00341,FAIL,FAIL,PASS,PASS,FAIL,92
CF00342,FAIL,FAIL,PASS,PASS,PASS,93
CF00343,PASS,PASS,FAIL,PASS,FAIL,90
CF00344,PASS,PASS,PASS,PASS,PASS,95
CF00345,FAIL,PASS,FAIL,FAIL,PASS,62
CF00346,FAIL,PASS,PASS,FAIL,FAIL,94
CF00347,PASS,PASS,PASS,FAIL,PASS,68
CF00348,PASS,FAIL,PASS,FAIL,PASS,71
CF00349,PASS,FAIL,FAIL,FAIL,FAIL,95
CF00350,FAIL,PASS,PASS,FAIL,FAIL,95
CF00351,FAIL,PASS,FAIL,PASS,PASS,83
CF00352,PASS,FAIL,FAIL,FAIL,FAIL,72
CF00353,PASS,PASS,PASS,PASS,PASS,78
CF00354,FAIL,FAIL,PASS,FAIL,PASS,91
CF00355,PASS,FAIL,FAIL,PASS,PASS,96
CF00356,PASS,PASS,PASS,PASS,PASS,67
CF00357,PASS,PASS,PASS,FAIL,PASS,72
CF00358,FAIL,FAIL,PASS,FAIL,PASS,96
CF00359,PASS,PASS,PASS,FAIL,FAIL,65
CF00360,FAIL,FAIL,PASS,FAIL,PASS,85
CF00361,FAIL,PASS,FAIL,FAIL,PASS,68
CF00362,PASS,PASS,FAIL,PASS,FAIL,67
CF00363,FAIL,FAIL,PASS,PASS,FAIL,93
CF00364,FAIL,FAIL,FAIL,FAIL,FAIL,89
CF00365,FAIL,PASS,PASS,FAIL,PASS,73
CF00366,PASS,PASS,PASS,PASS,PASS,74
CF00367,FAIL,FAIL,PASS,PASS,PASS,82
CF00368,PASS,FAIL,FAIL,PASS,FAIL,84
CF00369,FAIL,PASS,FAIL,FAIL,FAIL,93
CF00370,PASS,PASS,PASS,FAIL,PASS,76
CF00371,PASS,PASS,FAIL,FAIL,PASS,83
CF00372,FAIL,PASS,PASS,FAIL,FAIL,72
CF00373,PASS,FAIL,FAIL,PASS,FAIL,97
CF00374,FAIL,PASS,PASS,PASS,FAIL,61
CF00375,PASS,FAIL,FAIL,PASS,FAIL,81
CF00376,PASS,PASS,FAIL,PASS,FAIL,98
CF00377,FAIL,PASS,PASS,PASS,PASS,60
CF00378,FAIL,FAIL,PASS,FAIL,PASS,98
CF00379,PASS,FAIL,FAIL,PASS,FAIL,82
CF00380,PASS,PASS,PASS,FAIL,FAIL,92
CF00381,PASS,PASS,FAIL,FAIL,FAIL,99
CF00382,FAIL,PASS,FAIL,PASS,FAIL,66
CF00383,PASS,FAIL,FAIL,FAIL,PASS,89
CF00384,PASS,FAIL,FAIL,PASS,FAIL,80
CF00385,PASS,FAIL,FAIL,PASS,FAIL,82
CF00386,PASS,PASS,FAIL,PASS,PASS,78
CF00387,FAIL,PASS,PASS,PASS,PASS,83
CF00388,FAIL,FAIL,FAIL,PASS,PASS,75
CF00389,FAIL,PASS,PASS,PASS,FAIL,70
CF00390,FAIL,PASS,PASS,FAIL,FAIL,67
CF00391,FAIL,FAIL,FAIL,FAIL,FAIL,86
CF00392,PASS,PASS,FAIL,FAIL,FAIL,67
CF00393,FAIL,PASS,FAIL,FAIL,PASS,90
CF00394,FAIL,FAIL,FAIL,PASS,FAIL,88
CF00395,FAIL,PASS,PASS,PASS,PASS,72
CF00396,PASS,FAIL,FAIL,FAIL,PASS,90
CF00397,PASS,PASS,PASS,FAIL,FAIL,61
CF00398,PASS,PASS,FAIL,FAIL,FAIL,67
CF00399,FAIL,PASS,PASS,PASS,PASS,90
CF00400,FAIL,PASS,PASS,PASS,PASS,90
CF00401,PASS,FAIL,PASS,PASS,PASS,69
CF00402,FAIL,PASS,PASS,FAIL,PASS,86
CF00403,PASS,FAIL,FAIL,PASS,FAIL,79
CF00404,PASS,PASS,FAIL,PASS,PASS,71
CF00405,PASS,PASS,PASS,FAIL,PASS,85
CF00406,FAIL,FAIL,FAIL,FAIL,PASS,76
CF00407,PASS,PASS,PASS,PASS,FAIL,76
CF00408,FAIL,FAIL,FAIL,PASS,FAIL,69
CF00409,PASS,PASS,PASS,FAIL,FAIL,83
CF00410,FAIL,PASS,FAIL,PASS,FAIL,79
CF00411,FAIL,PASS,PASS,FAIL,FAIL,99
CF00412,FAIL,FAIL,PASS,PASS,FAIL,77
CF00413,FAIL,FAIL,FAIL,FAIL,PASS,82
CF00414,FAIL,PASS,FAIL,FAIL,FAIL,80
CF00415,FAIL,PASS,FAIL,PASS,PASS,72
CF00416,PASS,FAIL,PASS,FAIL,PASS,74
CF00417,PASS,FAIL,PASS,PASS,PASS,98
CF00418,PASS,FAIL,PASS,PASS,FAIL,65
CF00419,PASS,FAIL,PASS,FAIL,PASS,85
CF00420,FAIL,PASS,FAIL,PASS,FAIL,70
CF00421,FAIL,FAIL,PASS,PASS,FAIL,62
CF00422,PASS,FAIL,PASS,PASS,PASS,99
CF00423,PASS,PASS,PASS,PASS,PASS,89
CF00424,FAIL,PASS,FAIL,PASS,FAIL,74
CF00425,FAIL,FAIL,FAIL,FAIL,PASS,63
CF00426,FAIL,PASS,FAIL,FAIL,FAIL,60
CF00427,PASS,PASS,FAIL,PASS,PASS,90
CF00428,PASS,PASS,FAIL,FAIL,FAIL,82
CF00429,PASS,PASS,PASS,FAIL,PASS,91
CF00430,FAIL,FAIL,PASS,PASS,FAIL,65
CF00431,PASS,FAIL,PASS,PASS,FAIL,65
CF00432,PASS,PASS,FAIL,FAIL,PASS,74
CF00433,PASS,PASS,FAIL,FAIL,FAIL,84
CF00434,FAIL,FAIL,PASS,PASS,PASS,96
CF00435,PASS,PASS,PASS,FAIL,FAIL,70
CF00436,PASS,PASS,PASS,PASS,PASS,79
CF00437,PASS,FAIL,FAIL,FAIL,PASS,86
CF00438,PASS,FAIL,PASS,PASS,PASS,87
CF00439,FAIL,PASS,FAIL,PASS,PASS,71
CF00440,FAIL,FAIL,PASS,PASS,FAIL,84
CF00441,FAIL,PASS,FAIL,PASS,FAIL,80
CF00442,FAIL,FAIL,PASS,PASS,PASS,62
CF00443,PASS,FAIL,PASS,PASS,PASS,61
CF00444,PASS,PASS,PASS,FAIL,PASS,66
CF00445,FAIL,FAIL,PASS,FAIL,PASS,76
CF00446,FAIL,PASS,FAIL,FAIL,PASS,72
CF00447,FAIL,FAIL,FAIL,FAIL,PASS,96
CF00448,PASS,FAIL,PASS,FAIL,FAIL,87
CF00449,FAIL,FAIL,PASS,PASS,PASS,71
CF00450,FAIL,PASS,FAIL,PASS,PASS,69
CF00451,FAIL,PASS,FAIL,PASS,FAIL,82
CF00452,PASS,PASS,FAIL,PASS,PASS,95
CF00453,PASS,FAIL,FAIL,FAIL,FAIL,99
CF00454,FAIL,FAIL,PASS,FAIL,FAIL,88
CF00455,FAIL,FAIL,FAIL,PASS,PASS,64
CF00456,FAIL,FAIL,PASS,PASS,FAIL,69
CF00457,FAIL,FAIL,FAIL,PASS,FAIL,70
CF00458,PASS,PASS,FAIL,FAIL,PASS,85
CF00459,FAIL,FAIL,PASS,FAIL,PASS,90
CF00460,PASS,FAIL,PASS,PASS,FAIL,63
CF00461,PASS,PASS,FAIL,PASS,PASS,91
CF00462,PASS,PASS,PASS,PASS,FAIL,68
CF00463,PASS,FAIL,PASS,PASS,PASS,78
CF00464,FAIL,PASS,PASS,FAIL,PASS,71
CF00465,PASS,PASS,PASS,PASS,FAIL,73
CF00466,PASS,PASS,FAIL,PASS,PASS,69
CF00467,FAIL,FAIL,FAIL,FAIL,FAIL,63
CF00468,FAIL,PASS,PASS,FAIL,FAIL,94
CF00469,FAIL,PASS,FAIL,FAIL,FAIL,93
CF00470,PASS,PASS,FAIL,FAIL,PASS,81
CF00471,PASS,FAIL,FAIL,PASS,PASS,96
CF00472,PASS,PASS,PASS,PASS,PASS,82
CF00473,PASS,PASS,PASS,PASS,PASS,69
CF00474,PASS,PASS,FAIL,PASS,FAIL,70
CF00475,FAIL,FAIL,FAIL,FAIL,PASS,97
CF00476,PASS,FAIL,FAIL,PASS,PASS,64
CF00477,PASS,FAIL,FAIL,PASS,FAIL,63
CF00478,PASS,PASS,FAIL,FAIL,PASS,60
CF00479,PASS,PASS,PASS,FAIL,FAIL,74
CF00480,FAIL,PASS,PASS,FAIL,FAIL,75
CF00481,FAIL,PASS,PASS,FAIL,FAIL,88
CF00482,PASS,FAIL,PASS,PASS,PASS,72
CF00483,FAIL,PASS,FAIL,PASS,FAIL,96
CF00484,PASS,FAIL,FAIL,PASS,PASS,74
CF00485,PASS,FAIL,FAIL,PASS,PASS,61
CF00486,FAIL,PASS,FAIL,PASS,PASS,87
CF00487,PASS,PASS,FAIL,FAIL,PASS,70
CF00488,PASS,PASS,FAIL,FAIL,FAIL,90
CF00489,PASS,PASS,PASS,FAIL,PASS,93
CF00490,PASS,PASS,PASS,FAIL,FAIL,63
CF00491,FAIL,PASS,FAIL,PASS,FAIL,64
CF00492,PASS,PASS,FAIL,FAIL,FAIL,91
CF00493,FAIL,FAIL,PASS,PASS,PASS,97
CF00494,PASS,PASS,PASS,PASS,PASS,88
CF00495,FAIL,PASS,FAIL,FAIL,PASS,65
CF00496,FAIL,FAIL,FAIL,PASS,FAIL,96
CF00497,PASS,FAIL,PASS,FAIL,PASS,61
CF00498,PASS,PASS,PASS,PASS,FAIL,87
CF00499,FAIL,FAIL,PASS,PASS,FAIL,74
CF00500,PASS,FAIL,FAIL,FAIL,PASS,64
CF00501,FAIL,PASS,FAIL,FAIL,FAIL,78
CF00502,FAIL,FAIL,FAIL,FAIL,PASS,71
CF00503,FAIL,FAIL,FAIL,FAIL,PASS,74
CF00504,FAIL,PASS,PASS,FAIL,PASS,76
CF00505,PASS,PASS,PASS,PASS,FAIL,92
CF00506,FAIL,PASS,PASS,PASS,PASS,91
CF00507,FAIL,FAIL,FAIL,FAIL,PASS,62
CF00508,FAIL,FAIL,FAIL,PASS,PASS,95
CF00509,FAIL,PASS,PASS,PASS,FAIL,97
CF00510,FAIL,FAIL,PASS,PASS,PASS,61
CF00511,PASS,PASS,PASS,PASS,PASS,96
CF00512,PASS,FAIL,FAIL,FAIL,PASS,72
CF00513,PASS,PASS,FAIL,PASS,FAIL,97
CF00514,PASS,FAIL,FAIL,PASS,PASS,74
CF00515,PASS,PASS,PASS,PASS,PASS,98
CF00516,PASS,FAIL,FAIL,PASS,PASS,80
CF00517,PASS,FAIL,FAIL,PASS,PASS,83
CF00518,PASS,PASS,PASS,PASS,FAIL,96
CF00519,PASS,PASS,PASS,PASS,PASS,63
CF00520,PASS,FAIL,PASS,PASS,FAIL,66
CF00521,PASS,FAIL,PASS,PASS,FAIL,84
CF00522,FAIL,PASS,FAIL,FAIL,FAIL,78
CF00523,FAIL,FAIL,FAIL,PASS,PASS,72
CF00524,FAIL,FAIL,FAIL,FAIL,PASS,67
CF00525,FAIL,FAIL,FAIL,PASS,FAIL,89
CF00526,FAIL,FAIL,FAIL,FAIL,PASS,69
CF00527,FAIL,PASS,PASS,PASS,FAIL,63
CF00528,FAIL,PASS,PASS,PASS,FAIL,67
CF00529,PASS,PASS,PASS,FAIL,PASS,77
CF00530,PASS,FAIL,FAIL,FAIL,PASS,95
CF00531,FAIL,PASS,PASS,FAIL,PASS,76
CF00532,PASS,FAIL,FAIL,PASS,FAIL,95
CF00533,PASS,FAIL,FAIL,PASS,FAIL,67
CF00534,FAIL,FAIL,PASS,PASS,FAIL,76
CF00535,PASS,FAIL,FAIL,PASS,FAIL,90
CF00536,FAIL,FAIL,PASS,FAIL,PASS,62
CF00537,PASS,FAIL,FAIL,FAIL,FAIL,64
CF00538,PASS,FAIL,FAIL,FAIL,FAIL,89
CF00539,FAIL,PASS,PASS,FAIL,PASS,89
CF00540,FAIL,PASS,FAIL,FAIL,FAIL,82
CF00541,PASS,FAIL,FAIL,PASS,PASS,69
CF00542,PASS,FAIL,PASS,FAIL,FAIL,81
CF00543,PASS,FAIL,FAIL,FAIL,PASS,70
CF00544,FAIL,FAIL,PASS,FAIL,FAIL,80
CF00545,FAIL,FAIL,PASS,PASS,FAIL,81
CF00546,FAIL,FAIL,PASS,PASS,PASS,82
CF00547,FAIL,PASS,FAIL,FAIL,FAIL,84
CF00548,PASS,FAIL,FAIL,FAIL,PASS,73
CF00549,PASS,FAIL,FAIL,FAIL,FAIL,74
CF00550,FAIL,FAIL,FAIL,PASS,FAIL,79
CF00551,FAIL,PASS,FAIL,FAIL,PASS,92
CF00552,FAIL,PASS,FAIL,FAIL,PASS,83
CF00553,FAIL,FAIL,PASS,FAIL,PASS,85
CF00554,PASS,PASS,FAIL,PASS,FAIL,69
CF00555,FAIL,FAIL,FAIL,FAIL,PASS,96
CF00556,PASS,FAIL,FAIL,FAIL,FAIL,66
CF00557,FAIL,FAIL,PASS,PASS,PASS,70
CF00558,PASS,PASS,PASS,PASS,PASS,63
CF00559,PASS,PASS,FAIL,FAIL,PASS,64
CF00560,FAIL,PASS,FAIL,FAIL,FAIL,60
CF00561,PASS,PASS,PASS,FAIL,PASS,68
CF00562,FAIL,FAIL,PASS,FAIL,PASS,79
CF00563,PASS,PASS,FAIL,FAIL,FAIL,61
CF00564,FAIL,PASS,PASS,PASS,PASS,61
CF00565,FAIL,FAIL,PASS,FAIL,FAIL,72
CF00566,FAIL,FAIL,FAIL,FAIL,FAIL,71
CF00567,PASS,FAIL,PASS,PASS,FAIL,83
CF00568,FAIL,PASS,PASS,PASS,PASS,92
CF00569,PASS,FAIL,FAIL,FAIL,PASS,82
CF00570,PASS,FAIL,FAIL,PASS,FAIL,92
CF00571,PASS,PASS,PASS,PASS,FAIL,70
CF00572,FAIL,PASS,PASS,FAIL,PASS,87
CF00573,FAIL,PASS,FAIL,FAIL,FAIL,72
CF00574,PASS,PASS,PASS,FAIL,PASS,81
CF00575,FAIL,PASS,FAIL,FAIL,PASS,93
CF00576,FAIL,FAIL,FAIL,FAIL,PASS,98
CF00577,PASS,PASS,PASS,PASS,FAIL,95
CF00578,PASS,FAIL,PASS,FAIL,PASS,91
CF00579,FAIL,FAIL,PASS,PASS,FAIL,68
CF00580,PASS,FAIL,FAIL,FAIL,PASS,94
CF00581,FAIL,PASS,PASS,FAIL,FAIL,85
CF00582,FAIL,PASS,PASS,PASS,PASS,78
CF00583,PASS,FAIL,PASS,FAIL,PASS,85
CF00584,FAIL,FAIL,FAIL,PASS,FAIL,67
CF00585,PASS,FAIL,PASS,FAIL,FAIL,76
CF00586,PASS,PASS,PASS,FAIL,FAIL,71
CF00587,PASS,FAIL,PASS,FAIL,FAIL,65
CF00588,PASS,FAIL,FAIL,FAIL,PASS,88
CF00589,FAIL,PASS,PASS,PASS,FAIL,62
CF00590,FAIL,FAIL,PASS,FAIL,PASS,77
CF00591,PASS,FAIL,FAIL,PASS,FAIL,63
CF00592,FAIL,PASS,FAIL,PASS,PASS,80
CF00593,PASS,FAIL,FAIL,PASS,PASS,60
CF00594,FAIL,FAIL,FAIL,FAIL,PASS,77
CF00595,PASS,FAIL,PASS,PASS,PASS,79
CF00596,FAIL,PASS,FAIL,FAIL,FAIL,74
CF00597,PASS,FAIL,FAIL,FAIL,PASS,77
CF00598,PASS,PASS,PASS,FAIL,FAIL,76
CF00599,FAIL,FAIL,PASS,FAIL,PASS,69
CF00600,PASS,FAIL,FAIL,FAIL,PASS,69
CF00601,PASS,FAIL,PASS,PASS,FAIL,98
CF00602,FAIL,FAIL,PASS,PASS,FAIL,62
CF00603,FAIL,FAIL,PASS,PASS,PASS,84
CF00604,FAIL,FAIL,FAIL,PASS,PASS,69
CF00605,PASS,PASS,PASS,PASS,FAIL,69
CF00606,PASS,PASS,FAIL,FAIL,FAIL,77
CF00607,PASS,PASS,PASS,FAIL,PASS,99
CF00608,FAIL,PASS,FAIL,PASS,PASS,66
CF00609,PASS,FAIL,FAIL,PASS,PASS,66
CF00610,FAIL,FAIL,PASS,FAIL,FAIL,91
CF00611,PASS,FAIL,PASS,FAIL,FAIL,77
CF00612,FAIL,PASS,FAIL,PASS,PASS,67
CF00613,PASS,PASS,FAIL,FAIL,FAIL,60
CF00614,PASS,FAIL,PASS,PASS,FAIL,73
CF00615,PASS,FAIL,FAIL,FAIL,PASS,85
CF00616,PASS,FAIL,FAIL,PASS,FAIL,66
CF00617,PASS,FAIL,PASS,PASS,FAIL,62
CF00618,PASS,FAIL,PASS,PASS,PASS,90
CF00619,PASS,FAIL,PASS,PASS,FAIL,87
CF00620,PASS,PASS,FAIL,PASS,PASS,85
CF00621,PASS,FAIL,FAIL,FAIL,FAIL,81
CF00622,PASS,PASS,PASS,PASS,FAIL,68
CF00623,PASS,FAIL,FAIL,FAIL,PASS,94
CF00624,PASS,PASS,PASS,FAIL,PASS,82
CF00625,PASS,PASS,FAIL,PASS,PASS,65
CF00626,FAIL,PASS,FAIL,FAIL,FAIL,78
CF00627,PASS,PASS,PASS,PASS,FAIL,63
CF00628,FAIL,PASS,PASS,PASS,FAIL,65
CF00629,PASS,FAIL,FAIL,PASS,PASS,88
CF00630,FAIL,FAIL,FAIL,FAIL,PASS,90
CF00631,PASS,FAIL,FAIL,PASS,FAIL,68
CF00632,FAIL,FAIL,PASS,FAIL,FAIL,97
CF00633,FAIL,FAIL,PASS,PASS,FAIL,81
CF00634,PASS,FAIL,FAIL,PASS,PASS,74
CF00635,FAIL,PASS,PASS,FAIL,PASS,72
CF00636,PASS,PASS,FAIL,PASS,FAIL,90
CF00637,PASS,PASS,FAIL,FAIL,PASS,94
CF00638,PASS,PASS,PASS,PASS,PASS,97
CF00639,FAIL,PASS,PASS,PASS,PASS,87
CF00640,FAIL,FAIL,PASS,PASS,FAIL,66
CF00641,FAIL,FAIL,FAIL,FAIL,FAIL,94
CF00642,FAIL,FAIL,FAIL,PASS,FAIL,89
CF00643,PASS,FAIL,PASS,FAIL,PASS,86
CF00644,PASS,FAIL,PASS,FAIL,PASS,80
CF00645,PASS,FAIL,FAIL,FAIL,PASS,72
CF00646,PASS,PASS,PASS,PASS,FAIL,66
CF00647,FAIL,PASS,FAIL,FAIL,FAIL,79
CF00648,FAIL,FAIL,PASS,PASS,FAIL,72
CF00649,FAIL,FAIL,PASS,PASS,PASS,73
CF00650,FAIL,PASS,FAIL,PASS,FAIL,84
CF00651,PASS,PASS,FAIL,PASS,FAIL,62
CF00652,PASS,FAIL,PASS,FAIL,FAIL,83
CF00653,PASS,FAIL,PASS,FAIL,FAIL,63
CF00654,FAIL,FAIL,PASS,PASS,PASS,86
CF00655,PASS,PASS,FAIL,PASS,FAIL,81
CF00656,FAIL,PASS,FAIL,FAIL,FAIL,96
CF00657,PASS,FAIL,PASS,FAIL,PASS,76
CF00658,FAIL,PASS,FAIL,PASS,FAIL,64
CF00659,PASS,PASS,FAIL,PASS,FAIL,91
CF00660,PASS,PASS,FAIL,FAIL,PASS,60
CF00661,FAIL,PASS,FAIL,FAIL,PASS,72
CF00662,PASS,PASS,PASS,PASS,FAIL,76
CF00663,FAIL,FAIL,PASS,FAIL,PASS,84
CF00664,PASS,PASS,PASS,FAIL,FAIL,67
CF00665,PASS,PASS,FAIL,PASS,PASS,98
CF00666,PASS,PASS,PASS,FAIL,FAIL,93
CF00667,PASS,PASS,PASS,PASS,PASS,96
CF00668,FAIL,FAIL,PASS,FAIL,PASS,95
CF00669,FAIL,FAIL,FAIL,FAIL,PASS,87
CF00670,PASS,FAIL,PASS,PASS,PASS,70
CF00671,PASS,PASS,PASS,PASS,FAIL,73
CF00672,FAIL,PASS,FAIL,FAIL,FAIL,90
CF00673,FAIL,FAIL,FAIL,FAIL,FAIL,71
CF00674,PASS,FAIL,PASS,PASS,FAIL,80
CF00675,PASS,FAIL,FAIL,FAIL,FAIL,84
CF00676,FAIL,PASS,PASS,FAIL,PASS,98
CF00677,FAIL,FAIL,PASS,FAIL,FAIL,93
CF00678,FAIL,PASS,FAIL,FAIL,PASS,84
CF00679,FAIL,PASS,FAIL,PASS,FAIL,88
CF00680,PASS,FAIL,FAIL,PASS,PASS,62
CF00681,PASS,PASS,FAIL,FAIL,PASS,60
CF00682,PASS,FAIL,FAIL,PASS,PASS,65
CF00683,FAIL,PASS,PASS,PASS,PASS,90
CF00684,FAIL,FAIL,FAIL,FAIL,PASS,77
CF00685,PASS,PASS,PASS,FAIL,FAIL,96
CF00686,PASS,PASS,FAIL,FAIL,PASS,83
CF00687,FAIL,PASS,PASS,FAIL,FAIL,86
CF00688,FAIL,FAIL,FAIL,FAIL,PASS,68
CF00689,FAIL,PASS,FAIL,FAIL,FAIL,76
CF00690,PASS,FAIL,PASS,PASS,FAIL,70
CF00691,PASS,FAIL,FAIL,PASS,FAIL,87
CF00692,FAIL,FAIL,FAIL,PASS,FAIL,93
CF00693,FAIL,PASS,PASS,PASS,FAIL,87
CF00694,FAIL,FAIL,PASS,PASS,FAIL,63
CF00695,PASS,PASS,FAIL,PASS,FAIL,82
CF00696,FAIL,FAIL,PASS,FAIL,PASS,98
CF00697,PASS,FAIL,FAIL,FAIL,PASS,68
CF00698,FAIL,FAIL,PASS,FAIL,PASS,83
CF00699,PASS,PASS,FAIL,PASS,PASS,95
CF00700,FAIL,PASS,FAIL,FAIL,FAIL,91
CF00701,FAIL,PASS,FAIL,FAIL,FAIL,86
CF00702,PASS,FAIL,PASS,FAIL,PASS,82
CF00703,FAIL,FAIL,FAIL,PASS,PASS,87
CF00704,FAIL,FAIL,PASS,FAIL,PASS,81
CF00705,FAIL,FAIL,FAIL,PASS,PASS,63
CF00706,PASS,FAIL,FAIL,FAIL,FAIL,87
CF00707,FAIL,PASS,FAIL,FAIL,PASS,61
CF00708,FAIL,FAIL,PASS,FAIL,FAIL,99
CF00709,FAIL,FAIL,FAIL,FAIL,PASS,62
CF00710,PASS,PASS,FAIL,PASS,PASS,75
CF00711,FAIL,PASS,FAIL,FAIL,PASS,68
CF00712,FAIL,FAIL,FAIL,FAIL,PASS,83
CF00713,PASS,PASS,FAIL,PASS,PASS,65
CF00714,PASS,PASS,FAIL,FAIL,PASS,87
CF00715,FAIL,FAIL,FAIL,FAIL,FAIL,89
CF00716,FAIL,PASS,PASS,FAIL,PASS,73
CF00717,PASS,PASS,FAIL,PASS,FAIL,97
CF00718,PASS,PASS,PASS,FAIL,FAIL,89
CF00719,PASS,PASS,FAIL,FAIL,FAIL,88
CF00720,PASS,PASS,PASS,PASS,PASS,89
CF00721,PASS,FAIL,FAIL,PASS,FAIL,92
CF00722,FAIL,PASS,PASS,PASS,PASS,79
CF00723,FAIL,PASS,PASS,FAIL,PASS,86
CF00724,FAIL,PASS,FAIL,PASS,PASS,90
CF00725,PASS,PASS,PASS,PASS,PASS,88
CF00726,PASS,FAIL,FAIL,PASS,FAIL,92
CF00727,FAIL,FAIL,PASS,PASS,FAIL,64
CF00728,PASS,FAIL,PASS,PASS,FAIL,99
CF00729,FAIL,FAIL,FAIL,PASS,FAIL,84
CF00730,FAIL,FAIL,PASS,FAIL,FAIL,89
CF00731,FAIL,PASS,FAIL,FAIL,FAIL,70
CF00732,PASS,PASS,FAIL,FAIL,PASS,89
CF00733,PASS,FAIL,FAIL,PASS,PASS,70
CF00734,PASS,PASS,FAIL,FAIL,FAIL,67
CF00735,PASS,FAIL,FAIL,FAIL,FAIL,64
CF00736,FAIL,PASS,FAIL,FAIL,FAIL,94
CF00737,FAIL,PASS,PASS,FAIL,FAIL,98
CF00738,FAIL,PASS,FAIL,FAIL,FAIL,64
CF00739,PASS,PASS,PASS,FAIL,FAIL,73
CF00740,PASS,FAIL,PASS,PASS,FAIL,98
CF00741,PASS,FAIL,PASS,FAIL,PASS,68
CF00742,PASS,FAIL,PASS,FAIL,PASS,98
CF00743,FAIL,FAIL,PASS,PASS,FAIL,93
CF00744,PASS,PASS,PASS,PASS,FAIL,99
CF00745,PASS,PASS,FAIL,FAIL,PASS,76
CF00746,PASS,FAIL,PASS,PASS,FAIL,90
CF00747,FAIL,PASS,FAIL,FAIL,PASS,68
CF00748,PASS,PASS,PASS,FAIL,FAIL,93
CF00749,FAIL,FAIL,PASS,FAIL,PASS,91
CF00750,PASS,FAIL,PASS,FAIL,FAIL,81
CF00751,PASS,PASS,FAIL,FAIL,PASS,89
CF00752,PASS,PASS,FAIL,PASS,PASS,81
CF00753,FAIL,PASS,PASS,PASS,FAIL,69
CF00754,FAIL,FAIL,PASS,FAIL,PASS,82
CF00755,PASS,PASS,FAIL,FAIL,PASS,67
CF00756,FAIL,PASS,FAIL,PASS,FAIL,80
CF00757,FAIL,FAIL,PASS,FAIL,FAIL,67
CF00758,PASS,FAIL,PASS,PASS,PASS,72
CF00759,FAIL,FAIL,PASS,FAIL,PASS,88
CF00760,PASS,PASS,PASS,FAIL,FAIL,67
CF00761,PASS,PASS,PASS,PASS,PASS,73
CF00762,PASS,PASS,PASS,PASS,FAIL,98
CF00763,FAIL,FAIL,FAIL,FAIL,PASS,91
CF00764,FAIL,FAIL,FAIL,PASS,FAIL,69
CF00765,PASS,PASS,FAIL,FAIL,FAIL,74
CF00766,FAIL,PASS,PASS,PASS,PASS,87
CF00767,FAIL,FAIL,PASS,PASS,PASS,91
CF00768,FAIL,FAIL,PASS,PASS,PASS,87
CF00769,FAIL,FAIL,FAIL,PASS,FAIL,75
CF00770,FAIL,FAIL,PASS,FAIL,FAIL,66
CF00771,FAIL,FAIL,PASS,PASS,PASS,99
CF00772,FAIL,PASS,PASS,FAIL,FAIL,98
CF00773,PASS,FAIL,FAIL,PASS,PASS,81
CF00774,FAIL,FAIL,PASS,PASS,FAIL,69
CF00775,FAIL,FAIL,PASS,PASS,PASS,78
CF00776,PASS,PASS,PASS,PASS,FAIL,61
CF00777,FAIL,PASS,FAIL,PASS,PASS,74
CF00778,PASS,PASS,PASS,FAIL,FAIL,95
CF00779,PASS,FAIL,PASS,FAIL,PASS,86
CF00780,FAIL,FAIL,FAIL,FAIL,FAIL,60
CF00781,PASS,FAIL,PASS,FAIL,FAIL,73
CF00782,FAIL,FAIL,FAIL,FAIL,PASS,87
CF00783,FAIL,PASS,FAIL,PASS,FAIL,78
CF00784,PASS,PASS,PASS,PASS,PASS,70
CF00785,PASS,PASS,PASS,PASS,PASS,88
CF00786,FAIL,PASS,FAIL,FAIL,PASS,68
CF00787,PASS,FAIL,PASS,PASS,PASS,71
CF00788,PASS,PASS,PASS,FAIL,PASS,95
CF00789,FAIL,FAIL,PASS,PASS,PASS,97
CF00790,PASS,PASS,FAIL,PASS,PASS,75
CF00791,PASS,FAIL,FAIL,FAIL,FAIL,90
CF00792,FAIL,PASS,PASS,PASS,PASS,82
CF00793,FAIL,PASS,PASS,PASS,PASS,61
CF00794,FAIL,FAIL,PASS,FAIL,PASS,79
CF00795,PASS,FAIL,PASS,FAIL,FAIL,82
CF00796,PASS,PASS,PASS,FAIL,FAIL,62
CF00797,PASS,PASS,FAIL,FAIL,PASS,96
CF00798,PASS,PASS,FAIL,FAIL,PASS,82
CF00799,PASS,FAIL,PASS,PASS,PASS,90
CF00800,FAIL,PASS,PASS,PASS,FAIL,89
CF00801,FAIL,FAIL,PASS,FAIL,FAIL,79
CF00802,FAIL,FAIL,FAIL,PASS,PASS,68
CF00803,FAIL,FAIL,PASS,PASS,PASS,75
CF00804,PASS,FAIL,PASS,FAIL,FAIL,66
CF00805,PASS,PASS,FAIL,PASS,FAIL,83
CF00806,PASS,FAIL,FAIL,PASS,PASS,65
CF00807,PASS,PASS,PASS,FAIL,PASS,92
CF00808,PASS,FAIL,PASS,PASS,PASS,99
CF00809,PASS,FAIL,FAIL,FAIL,FAIL,79
CF00810,FAIL,PASS,PASS,FAIL,PASS,77
CF00811,PASS,FAIL,PASS,PASS,PASS,82
CF00812,PASS,PASS,FAIL,PASS,FAIL,60
CF00813,PASS,FAIL,FAIL,PASS,FAIL,96
CF00814,PASS,PASS,FAIL,FAIL,FAIL,74
CF00815,PASS,PASS,PASS,PASS,PASS,99
CF00816,FAIL,FAIL,PASS,PASS,PASS,91
CF00817,PASS,PASS,FAIL,PASS,PASS,97
CF00818,PASS,PASS,PASS,FAIL,FAIL,69
CF00819,PASS,FAIL,FAIL,FAIL,FAIL,89
CF00820,PASS,PASS,PASS,PASS,PASS,87
CF00821,FAIL,FAIL,PASS,PASS,PASS,66
CF00822,PASS,PASS,FAIL,FAIL,PASS,70
CF00823,FAIL,FAIL,PASS,FAIL,FAIL,92
CF00824,PASS,PASS,FAIL,FAIL,FAIL,77
CF00825,PASS,PASS,FAIL,FAIL,PASS,61
CF00826,FAIL,FAIL,PASS,PASS,PASS,74
CF00827,PASS,PASS,FAIL,FAIL,FAIL,74
CF00828,FAIL,FAIL,PASS,PASS,FAIL,76
CF00829,FAIL,PASS,FAIL,FAIL,FAIL,90
CF00830,FAIL,FAIL,PASS,FAIL,FAIL,92
CF00831,FAIL,FAIL,PASS,FAIL,FAIL,61
CF00832,FAIL,FAIL,FAIL,FAIL,PASS,94
CF00833,FAIL,PASS,PASS,PASS,FAIL,64
CF00834,PASS,PASS,FAIL,FAIL,PASS,77
CF00835,FAIL,FAIL,FAIL,PASS,PASS,80
CF00836,FAIL,PASS,PASS,PASS,PASS,81
CF00837,FAIL,FAIL,FAIL,PASS,FAIL,97
CF00838,FAIL,FAIL,PASS,PASS,FAIL,67
CF00839,FAIL,FAIL,FAIL,FAIL,FAIL,63
CF00840,PASS,PASS,FAIL,FAIL,FAIL,66
CF00841,PASS,FAIL,PASS,FAIL,FAIL,85
CF00842,PASS,FAIL,PASS,FAIL,FAIL,77
CF00843,FAIL,FAIL,FAIL,PASS,FAIL,62
CF00844,FAIL,PASS,PASS,PASS,PASS,66
CF00845,PASS,FAIL,FAIL,PASS,FAIL,66
CF00846,FAIL,FAIL,PASS,FAIL,FAIL,61
CF00847,FAIL,PASS,PASS,FAIL,FAIL,97
CF00848,PASS,PASS,PASS,FAIL,PASS,61
CF00849,PASS,FAIL,PASS,PASS,PASS,97
CF00850,PASS,FAIL,FAIL,PASS,PASS,90
CF00851,FAIL,FAIL,FAIL,PASS,FAIL,83
CF00852,PASS,PASS,FAIL,PASS,PASS,98
CF00853,FAIL,PASS,FAIL,FAIL,FAIL,86
CF00854,FAIL,PASS,FAIL,PASS,FAIL,98
CF00855,FAIL,FAIL,FAIL,FAIL,FAIL,80
CF00856,PASS,PASS,PASS,FAIL,FAIL,81
CF00857,FAIL,FAIL,FAIL,FAIL,FAIL,68
CF00858,PASS,PASS,PASS,FAIL,PASS,77
CF00859,PASS,PASS,FAIL,FAIL,PASS,82
CF00860,FAIL,PASS,FAIL,PASS,FAIL,60
CF00861,PASS,FAIL,PASS,FAIL,PASS,63
CF00862,PASS,FAIL,FAIL,FAIL,FAIL,87
CF00863,FAIL,PASS,FAIL,PASS,FAIL,69
CF00864,FAIL,FAIL,PASS,FAIL,PASS,88
CF00865,FAIL,FAIL,PASS,PASS,PASS,95
CF00866,FAIL,PASS,PASS,FAIL,FAIL,77
CF00867,FAIL,FAIL,FAIL,PASS,FAIL,73
CF00868,FAIL,PASS,PASS,FAIL,PASS,74
CF00869,PASS,PASS,PASS,FAIL,FAIL,81
CF00870,FAIL,FAIL,FAIL,PASS,FAIL,86
CF00871,PASS,FAIL,FAIL,PASS,FAIL,99
CF00872,FAIL,PASS,FAIL,PASS,FAIL,96
CF00873,PASS,PASS,FAIL,PASS,FAIL,97
CF00874,FAIL,FAIL,FAIL,FAIL,PASS,90
CF00875,PASS,FAIL,PASS,FAIL,FAIL,72
CF00876,FAIL,PASS,PASS,PASS,FAIL,96
CF00877,PASS,PASS,FAIL,FAIL,PASS,85
CF00878,PASS,FAIL,PASS,PASS,FAIL,98
CF00879,FAIL,PASS,FAIL,FAIL,PASS,78
CF00880,PASS,PASS,FAIL,PASS,PASS,70
CF00881,FAIL,FAIL,FAIL,PASS,PASS,76
CF00882,PASS,PASS,PASS,FAIL,FAIL,99
CF00883,PASS,PASS,PASS,FAIL,FAIL,78
CF00884,FAIL,FAIL,FAIL,FAIL,PASS,96
CF00885,PASS,PASS,PASS,PASS,PASS,96
CF00886,FAIL,PASS,FAIL,PASS,PASS,63
CF00887,PASS,PASS,PASS,PASS,FAIL,67
CF00888,PASS,PASS,PASS,FAIL,FAIL,84
CF00889,FAIL,FAIL,PASS,FAIL,FAIL,61
CF00890,FAIL,FAIL,PASS,PASS,PASS,76
CF00891,FAIL,PASS,FAIL,PASS,PASS,85
CF00892,FAIL,PASS,FAIL,FAIL,FAIL,62
CF00893,FAIL,FAIL,FAIL,PASS,FAIL,85
CF00894,PASS,PASS,FAIL,FAIL,FAIL,96
CF00895,FAIL,PASS,PASS,PASS,PASS,99
CF00896,PASS,FAIL,PASS,FAIL,PASS,89
CF00897,PASS,FAIL,FAIL,FAIL,PASS,72
CF00898,PASS,FAIL,FAIL,PASS,FAIL,89
CF00899,FAIL,FAIL,PASS,FAIL,PASS,93
CF00900,PASS,FAIL,PASS,PASS,PASS,91
CF00901,PASS,PASS,FAIL,FAIL,PASS,63
CF00902,FAIL,PASS,PASS,FAIL,FAIL,76
CF00903,FAIL,FAIL,FAIL,FAIL,PASS,60
CF00904,FAIL,PASS,PASS,FAIL,FAIL,80
CF00905,PASS,PASS,FAIL,PASS,FAIL,76
CF00906,FAIL,FAIL,PASS,PASS,FAIL,95
CF00907,PASS,PASS,PASS,FAIL,FAIL,84
CF00908,PASS,PASS,PASS,FAIL,PASS,95
CF00909,PASS,PASS,PASS,PASS,FAIL,87
CF00910,PASS,FAIL,FAIL,PASS,FAIL,80
CF00911,PASS,FAIL,FAIL,PASS,PASS,93
CF00912,FAIL,FAIL,FAIL,PASS,FAIL,67
CF00913,FAIL,PASS,PASS,FAIL,FAIL,75
CF00914,FAIL,PASS,PASS,FAIL,FAIL,97
CF00915,PASS,FAIL,PASS,PASS,PASS,94
CF00916,PASS,PASS,PASS,FAIL,PASS,77
CF00917,PASS,PASS,PASS,PASS,PASS,72
CF00918,FAIL,FAIL,PASS,PASS,PASS,84
CF00919,FAIL,FAIL,FAIL,FAIL,FAIL,81
CF00920,PASS,FAIL,PASS,PASS,PASS,79
CF00921,PASS,PASS,FAIL,FAIL,FAIL,75
CF00922,PASS,PASS,FAIL,PASS,FAIL,60
CF00923,PASS,PASS,PASS,FAIL,FAIL,97
CF00924,FAIL,FAIL,PASS,FAIL,FAIL,97
CF00925,FAIL,PASS,PASS,PASS,FAIL,96
CF00926,FAIL,FAIL,FAIL,PASS,PASS,60
CF00927,FAIL,FAIL,PASS,FAIL,FAIL,82
CF00928,PASS,PASS,PASS,PASS,FAIL,74
CF00929,PASS,FAIL,PASS,PASS,FAIL,63
CF00930,PASS,PASS,FAIL,PASS,PASS,78
CF00931,FAIL,PASS,FAIL,FAIL,PASS,85
CF00932,FAIL,FAIL,FAIL,FAIL,PASS,90
CF00933,PASS,PASS,FAIL,PASS,FAIL,90
CF00934,PASS,PASS,PASS,PASS,FAIL,70
CF00935,PASS,FAIL,FAIL,FAIL,PASS,80
CF00936,FAIL,PASS,PASS,PASS,FAIL,93
CF00937,FAIL,FAIL,FAIL,FAIL,FAIL,80
CF00938,PASS,PASS,PASS,PASS,PASS,70
CF00939,PASS,FAIL,FAIL,PASS,FAIL,66
CF00940,FAIL,PASS,PASS,PASS,FAIL,67
CF00941,PASS,FAIL,FAIL,FAIL,PASS,99
CF00942,PASS,PASS,PASS,FAIL,FAIL,84
CF00943,PASS,PASS,PASS,PASS,PASS,88
CF00944,PASS,FAIL,FAIL,FAIL,FAIL,83
CF00945,PASS,PASS,PASS,FAIL,FAIL,91
CF00946,PASS,PASS,PASS,PASS,PASS,96
CF00947,PASS,PASS,FAIL,FAIL,PASS,65
CF00948,PASS,FAIL,PASS,FAIL,PASS,67
CF00949,FAIL,FAIL,FAIL,PASS,PASS,69
CF00950,FAIL,PASS,PASS,PASS,FAIL,71
CF00951,FAIL,FAIL,FAIL,PASS,PASS,91
CF00952,PASS,FAIL,PASS,PASS,FAIL,81
CF00953,FAIL,FAIL,PASS,PASS,PASS,64
CF00954,PASS,FAIL,FAIL,FAIL,PASS,88
CF00955,PASS,FAIL,FAIL,FAIL,PASS,97
CF00956,FAIL,PASS,PASS,FAIL,PASS,64
CF00957,FAIL,PASS,PASS,FAIL,PASS,91
CF00958,PASS,FAIL,FAIL,PASS,PASS,72
CF00959,PASS,PASS,FAIL,FAIL,PASS,91
CF00960,FAIL,FAIL,PASS,FAIL,PASS,89
CF00961,FAIL,FAIL,PASS,PASS,PASS,86
CF00962,PASS,PASS,PASS,FAIL,FAIL,71
CF00963,PASS,PASS,PASS,PASS,PASS,83
CF00964,FAIL,PASS,FAIL,PASS,PASS,62
CF00965,FAIL,FAIL,FAIL,PASS,PASS,92
CF00966,PASS,FAIL,FAIL,FAIL,PASS,82
CF00967,FAIL,FAIL,PASS,FAIL,FAIL,72
CF00968,FAIL,PASS,FAIL,PASS,FAIL,85
CF00969,FAIL,PASS,PASS,FAIL,FAIL,65
CF00970,FAIL,PASS,FAIL,FAIL,FAIL,90
CF00971,FAIL,PASS,FAIL,FAIL,PASS,90
CF00972,PASS,PASS,PASS,PASS,FAIL,96
CF00973,PASS,FAIL,PASS,FAIL,PASS,93
CF00974,FAIL,FAIL,FAIL,FAIL,PASS,95
CF00975,FAIL,FAIL,FAIL,PASS,PASS,67
CF00976,PASS,FAIL,PASS,PASS,FAIL,73
CF00977,PASS,PASS,FAIL,FAIL,PASS,86
CF00978,PASS,FAIL,PASS,PASS,FAIL,82
CF00979,PASS,FAIL,PASS,FAIL,FAIL,80
CF00980,PASS,PASS,PASS,FAIL,PASS,75
CF00981,FAIL,PASS,PASS,PASS,FAIL,71
CF00982,PASS,PASS,FAIL,FAIL,PASS,77
CF00983,FAIL,FAIL,FAIL,FAIL,FAIL,79
CF00984,FAIL,PASS,FAIL,PASS,PASS,71
CF00985,FAIL,PASS,PASS,PASS,FAIL,85
CF00986,FAIL,FAIL,PASS,FAIL,PASS,68
CF00987,PASS,FAIL,FAIL,FAIL,PASS,65
CF00988,FAIL,PASS,FAIL,PASS,FAIL,91
CF00989,FAIL,FAIL,FAIL,PASS,FAIL,80
CF00990,FAIL,FAIL,PASS,FAIL,PASS,62
CF00991,PASS,FAIL,PASS,PASS,PASS,76
CF00992,PASS,PASS,PASS,PASS,PASS,88
CF00993,PASS,FAIL,PASS,PASS,FAIL,85
CF00994,PASS,PASS,FAIL,PASS,PASS,75
CF00995,FAIL,FAIL,PASS,FAIL,PASS,87
CF00996,FAIL,PASS,FAIL,FAIL,PASS,61
CF00997,PASS,FAIL,FAIL,FAIL,PASS,94
CF00998,PASS,PASS,PASS,PASS,FAIL,79
CF00999,PASS,PASS,PASS,PASS,PASS,85
CF01000,FAIL,PASS,PASS,PASS,FAIL,96
CF01001,PASS,PASS,PASS,PASS,PASS,70
CF01002,PASS,PASS,FAIL,PASS,PASS,80
CF01003,PASS,PASS,PASS,PASS,FAIL,78
CF01004,FAIL,FAIL,FAIL,FAIL,PASS,85
CF01005,FAIL,FAIL,FAIL,FAIL,FAIL,70
CF01006,PASS,PASS,FAIL,FAIL,FAIL,76
CF01007,FAIL,PASS,FAIL,FAIL,PASS,92
CF01008,PASS,PASS,FAIL,PASS,FAIL,61
CF01009,PASS,PASS,FAIL,FAIL,PASS,90
CF01010,FAIL,PASS,PASS,PASS,FAIL,69
CF01011,FAIL,FAIL,PASS,FAIL,PASS,93
CF01012,FAIL,PASS,FAIL,PASS,FAIL,61
CF01013,FAIL,PASS,FAIL,FAIL,PASS,98
CF01014,FAIL,PASS,PASS,FAIL,PASS,77
CF01015,PASS,FAIL,FAIL,PASS,FAIL,68
CF01016,FAIL,FAIL,FAIL,PASS,PASS,87
CF01017,PASS,FAIL,FAIL,FAIL,PASS,97
CF01018,PASS,PASS,FAIL,PASS,FAIL,70
CF01019,FAIL,FAIL,FAIL,FAIL,PASS,84
CF01020,PASS,FAIL,FAIL,FAIL,PASS,68
CF01021,FAIL,PASS,FAIL,PASS,PASS,79
CF01022,FAIL,FAIL,PASS,FAIL,PASS,77
CF01023,PASS,PASS,PASS,PASS,FAIL,98
CF01024,FAIL,PASS,PASS,FAIL,PASS,90
CF01025,FAIL,PASS,PASS,FAIL,FAIL,94
CF01026,PASS,PASS,FAIL,PASS,FAIL,85
CF01027,PASS,FAIL,FAIL,PASS,FAIL,81
CF01028,FAIL,PASS,FAIL,FAIL,FAIL,63
CF01029,FAIL,PASS,PASS,PASS,PASS,69
CF01030,PASS,PASS,PASS,PASS,PASS,65
CF01031,PASS,PASS,FAIL,PASS,PASS,86
CF01032,PASS,FAIL,FAIL,PASS,FAIL,75
CF01033,FAIL,FAIL,PASS,FAIL,PASS,71
CF01034,PASS,FAIL,FAIL,PASS,PASS,89
CF01035,FAIL,FAIL,FAIL,PASS,PASS,90
CF01036,FAIL,FAIL,PASS,PASS,PASS,90
CF01037,PASS,PASS,PASS,FAIL,FAIL,67
CF01038,PASS,FAIL,PASS,FAIL,FAIL,98
CF01039,FAIL,PASS,FAIL,FAIL,PASS,84
CF01040,PASS,FAIL,FAIL,PASS,FAIL,93
CF01041,FAIL,FAIL,FAIL,FAIL,PASS,65
CF01042,FAIL,FAIL,FAIL,PASS,FAIL,76
CF01043,FAIL,FAIL,PASS,FAIL,PASS,90
CF01044,PASS,PASS,PASS,FAIL,FAIL,75
CF01045,PASS,PASS,PASS,FAIL,FAIL,74
CF01046,PASS,FAIL,FAIL,PASS,PASS,65
CF01047,PASS,PASS,FAIL,PASS,FAIL,80
CF01048,FAIL,FAIL,FAIL,FAIL,FAIL,84
CF01049,FAIL,FAIL,PASS,PASS,FAIL,84
CF01050,FAIL,FAIL,FAIL,PASS,FAIL,62
CF01051,FAIL,PASS,PASS,PASS,FAIL,77
CF01052,PASS,PASS,PASS,PASS,PASS,97
CF01053,PASS,PASS,FAIL,FAIL,FAIL,79
CF01054,PASS,FAIL,PASS,PASS,FAIL,72
CF01055,FAIL,PASS,FAIL,PASS,FAIL,93
CF01056,FAIL,PASS,PASS,PASS,FAIL,68
CF01057,FAIL,FAIL,PASS,FAIL,FAIL,62
CF01058,PASS,PASS,FAIL,FAIL,PASS,68
CF01059,FAIL,PASS,PASS,FAIL,FAIL,88
CF01060,PASS,PASS,PASS,PASS,PASS,95
CF01061,FAIL,FAIL,PASS,FAIL,PASS,90
CF01062,FAIL,PASS,FAIL,FAIL,FAIL,96
CF01063,PASS,FAIL,PASS,FAIL,FAIL,60
CF01064,FAIL,PASS,PASS,FAIL,PASS,74
CF01065,FAIL,PASS,PASS,FAIL,FAIL,80
CF01066,PASS,FAIL,PASS,FAIL,FAIL,99
CF01067,PASS,PASS,FAIL,PASS,FAIL,94
CF01068,FAIL,FAIL,FAIL,PASS,PASS,67
CF01069,PASS,FAIL,FAIL,PASS,PASS,63
CF01070,FAIL,FAIL,PASS,PASS,FAIL,77
CF01071,PASS,FAIL,PASS,FAIL,PASS,84
CF01072,PASS,FAIL,PASS,FAIL,FAIL,76
CF01073,PASS,PASS,PASS,FAIL,PASS,87
CF01074,FAIL,FAIL,PASS,PASS,PASS,68
CF01075,PASS,FAIL,PASS,FAIL,FAIL,85
CF01076,FAIL,PASS,PASS,FAIL,PASS,88
CF01077,PASS,FAIL,PASS,PASS,FAIL,67
CF01078,FAIL,PASS,FAIL,PASS,PASS,71
CF01079,FAIL,PASS,FAIL,FAIL,PASS,78
CF01080,PASS,FAIL,PASS,PASS,FAIL,87
CF01081,FAIL,PASS,PASS,FAIL,FAIL,99
CF01082,FAIL,PASS,FAIL,FAIL,FAIL,96
CF01083,FAIL,FAIL,FAIL,FAIL,PASS,74
CF01084,PASS,PASS,FAIL,FAIL,FAIL,83
CF01085,FAIL,PASS,PASS,PASS,FAIL,99
CF01086,PASS,FAIL,FAIL,PASS,PASS,78
CF01087,PASS,FAIL,PASS,PASS,PASS,69
CF01088,FAIL,PASS,FAIL,FAIL,PASS,88
CF01089,PASS,PASS,FAIL,PASS,PASS,60
CF01090,FAIL,FAIL,PASS,PASS,PASS,89
CF01091,PASS,FAIL,FAIL,FAIL,FAIL,84
CF01092,FAIL,PASS,FAIL,PASS,FAIL,79
CF01093,FAIL,FAIL,PASS,PASS,PASS,96
CF01094,FAIL,FAIL,FAIL,FAIL,FAIL,62
CF01095,PASS,FAIL,PASS,PASS,FAIL,86
CF01096,PASS,PASS,FAIL,FAIL,PASS,87
CF01097,FAIL,FAIL,PASS,PASS,FAIL,77
CF01098,PASS,PASS,PASS,PASS,PASS,71
CF01099,FAIL,PASS,PASS,PASS,PASS,87
CF01100,FAIL,PASS,FAIL,FAIL,FAIL,63
CF01101,PASS,PASS,PASS,FAIL,PASS,75
CF01102,PASS,PASS,FAIL,FAIL,FAIL,70
CF01103,FAIL,PASS,FAIL,PASS,FAIL,72
CF01104,PASS,PASS,PASS,PASS,FAIL,63
CF01105,FAIL,PASS,FAIL,FAIL,FAIL,95
CF01106,PASS,FAIL,FAIL,FAIL,PASS,70
CF01107,FAIL,FAIL,PASS,FAIL,FAIL,63
CF01108,FAIL,PASS,PASS,FAIL,FAIL,86
CF01109,FAIL,PASS,PASS,FAIL,FAIL,66
CF01110,PASS,FAIL,FAIL,FAIL,PASS,68
CF01111,PASS,PASS,FAIL,FAIL,PASS,66
CF01112,FAIL,PASS,FAIL,FAIL,FAIL,72
CF01113,PASS,PASS,FAIL,FAIL,FAIL,74
CF01114,FAIL,FAIL,FAIL,FAIL,FAIL,82
CF01115,FAIL,PASS,FAIL,FAIL,PASS,89
CF01116,FAIL,PASS,FAIL,FAIL,PASS,87
CF01117,FAIL,FAIL,PASS,PASS,PASS,95
CF01118,FAIL,FAIL,FAIL,FAIL,FAIL,93
CF01119,PASS,PASS,FAIL,FAIL,FAIL,87
CF01120,PASS,PASS,FAIL,FAIL,FAIL,63
CF01121,FAIL,FAIL,PASS,FAIL,PASS,70
CF01122,PASS,FAIL,PASS,FAIL,PASS,93
CF01123,PASS,FAIL,PASS,PASS,FAIL,74
CF01124,PASS,PASS,PASS,PASS,FAIL,92
CF01125,PASS,PASS,FAIL,PASS,PASS,76
CF01126,FAIL,PASS,PASS,FAIL,PASS,95
CF01127,FAIL,PASS,FAIL,PASS,PASS,68
CF01128,FAIL,PASS,PASS,FAIL,PASS,81
CF01129,PASS,FAIL,PASS,PASS,PASS,94
CF01130,PASS,PASS,PASS,PASS,FAIL,96
CF01131,FAIL,PASS,FAIL,PASS,FAIL,76
CF01132,PASS,PASS,FAIL,FAIL,FAIL,95
CF01133,FAIL,PASS,PASS,PASS,PASS,68
CF01134,PASS,PASS,PASS,PASS,FAIL,62
CF01135,FAIL,PASS,FAIL,PASS,FAIL,85
CF01136,PASS,PASS,FAIL,FAIL,PASS,76
CF01137,FAIL,FAIL,FAIL,PASS,FAIL,81
CF01138,FAIL,FAIL,FAIL,PASS,PASS,75
CF01139,FAIL,FAIL,FAIL,PASS,FAIL,76
CF01140,PASS,PASS,FAIL,FAIL,PASS,88
CF01141,FAIL,PASS,FAIL,FAIL,FAIL,83
CF01142,PASS,FAIL,PASS,PASS,PASS,69
CF01143,FAIL,PASS,FAIL,PASS,PASS,88
CF01144,PASS,PASS,FAIL,FAIL,FAIL,86
CF01145,FAIL,PASS,FAIL,FAIL,PASS,71
CF01146,PASS,FAIL,FAIL,FAIL,FAIL,80
CF01147,PASS,PASS,FAIL,PASS,PASS,77
CF01148,FAIL,PASS,PASS,FAIL,FAIL,88
CF01149,FAIL,FAIL,PASS,PASS,FAIL,63
CF01150,FAIL,FAIL,PASS,FAIL,FAIL,87
CF01151,PASS,FAIL,FAIL,FAIL,PASS,93
CF01152,FAIL,PASS,PASS,PASS,FAIL,74
CF01153,PASS,PASS,FAIL,FAIL,PASS,64
CF01154,FAIL,FAIL,PASS,FAIL,PASS,76
CF01155,PASS,PASS,PASS,FAIL,PASS,87
CF01156,FAIL,FAIL,PASS,FAIL,FAIL,62
CF01157,FAIL,FAIL,FAIL,PASS,FAIL,93
CF01158,FAIL,FAIL,PASS,PASS,PASS,73
CF01159,PASS,PASS,PASS,FAIL,FAIL,93
CF01160,FAIL,PASS,FAIL,FAIL,FAIL,88
CF01161,FAIL,FAIL,PASS,PASS,PASS,65
CF01162,PASS,FAIL,FAIL,FAIL,PASS,96
CF01163,FAIL,FAIL,PASS,FAIL,PASS,67
CF01164,PASS,FAIL,FAIL,FAIL,PASS,78
CF01165,PASS,FAIL,FAIL,PASS,FAIL,71
CF01166,FAIL,FAIL,PASS,PASS,FAIL,92
CF01167,FAIL,FAIL,FAIL,PASS,FAIL,74
CF01168,FAIL,PASS,FAIL,PASS,PASS,60
CF01169,PASS,FAIL,PASS,FAIL,PASS,99
CF01170,FAIL,PASS,FAIL,PASS,PASS,61
CF01171,FAIL,PASS,PASS,PASS,PASS,96
CF01172,FAIL,PASS,PASS,PASS,FAIL,84
CF01173,FAIL,PASS,FAIL,PASS,FAIL,63
CF01174,PASS,PASS,PASS,PASS,PASS,85
CF01175,PASS,FAIL,FAIL,PASS,PASS,67
CF01176,PASS,FAIL,FAIL,PASS,PASS,75
CF01177,FAIL,PASS,PASS,PASS,FAIL,89
CF01178,PASS,FAIL,FAIL,PASS,FAIL,65
CF01179,FAIL,PASS,FAIL,FAIL,FAIL,99
CF01180,FAIL,PASS,PASS,FAIL,PASS,68
CF01181,PASS,PASS,FAIL,FAIL,PASS,66
CF01182,PASS,FAIL,FAIL,FAIL,PASS,91
CF01183,PASS,PASS,PASS,FAIL,PASS,78
CF01184,PASS,PASS,FAIL,FAIL,FAIL,66
CF01185,PASS,FAIL,FAIL,FAIL,PASS,73
CF01186,FAIL,PASS,PASS,PASS,PASS,97
CF01187,PASS,FAIL,PASS,PASS,PASS,98
CF01188,PASS,FAIL,PASS,PASS,FAIL,63
CF01189,FAIL,PASS,PASS,PASS,FAIL,89
CF01190,FAIL,FAIL,PASS,PASS,PASS,99
CF01191,PASS,FAIL,FAIL,FAIL,PASS,99
CF01192,PASS,FAIL,FAIL,PASS,PASS,93
CF01193,FAIL,FAIL,FAIL,FAIL,PASS,64
CF01194,FAIL,FAIL,PASS,PASS,FAIL,68
CF01195,PASS,PASS,PASS,FAIL,PASS,84
CF01196,FAIL,FAIL,PASS,FAIL,FAIL,67
CF01197,PASS,FAIL,PASS,PASS,FAIL,71
CF01198,PASS,FAIL,FAIL,PASS,FAIL,80
CF01199,FAIL,PASS,FAIL,PASS,FAIL,73
CF01200,FAIL,PASS,PASS,FAIL,FAIL,76
CF01201,PASS,FAIL,FAIL,FAIL,FAIL,62
CF01202,FAIL,FAIL,FAIL,FAIL,PASS,80
CF01203,FAIL,FAIL,FAIL,PASS,FAIL,87
CF01204,FAIL,PASS,FAIL,PASS,PASS,90
CF01205,PASS,FAIL,FAIL,FAIL,PASS,60
CF01206,PASS,FAIL,FAIL,PASS,FAIL,62
CF01207,FAIL,PASS,FAIL,PASS,PASS,65
CF01208,FAIL,PASS,FAIL,PASS,PASS,60
CF01209,PASS,PASS,FAIL,FAIL,FAIL,61
CF01210,PASS,PASS,FAIL,FAIL,FAIL,94
CF01211,FAIL,PASS,PASS,FAIL,PASS,76
CF01212,PASS,PASS,PASS,FAIL,FAIL,90
CF01213,FAIL,PASS,FAIL,FAIL,FAIL,77
CF01214,PASS,PASS,FAIL,FAIL,PASS,63
CF01215,FAIL,PASS,PASS,PASS,FAIL,74
CF01216,PASS,FAIL,PASS,FAIL,FAIL,79
CF01217,FAIL,FAIL,PASS,PASS,FAIL,81
CF01218,PASS,PASS,FAIL,PASS,FAIL,95
CF01219,FAIL,FAIL,PASS,PASS,FAIL,79
CF01220,PASS,FAIL,PASS,FAIL,PASS,82
CF01221,FAIL,PASS,FAIL,FAIL,FAIL,74
CF01222,FAIL,PASS,PASS,PASS,FAIL,99
CF01223,PASS,FAIL,PASS,PASS,FAIL,82
CF01224,PASS,FAIL,PASS,FAIL,FAIL,74
CF01225,PASS,FAIL,FAIL,FAIL,PASS,63
CF01226,PASS,PASS,PASS,FAIL,FAIL,81
CF01227,FAIL,PASS,PASS,PASS,PASS,66
CF01228,FAIL,FAIL,PASS,PASS,PASS,96
CF01229,PASS,PASS,PASS,FAIL,FAIL,65
CF01230,FAIL,PASS,FAIL,PASS,PASS,98
CF01231,FAIL,PASS,PASS,FAIL,PASS,87
CF01232,FAIL,FAIL,PASS,PASS,FAIL,83
CF01233,PASS,FAIL,FAIL,FAIL,PASS,98
CF01234,FAIL,PASS,FAIL,FAIL,PASS,94
CF01235,PASS,FAIL,PASS,PASS,PASS,72
CF01236,PASS,FAIL,PASS,PASS,PASS,81
CF01237,FAIL,FAIL,FAIL,PASS,FAIL,79
CF01238,FAIL,FAIL,FAIL,PASS,PASS,84
CF01239,PASS,FAIL,PASS,FAIL,FAIL,75
CF01240,PASS,PASS,PASS,PASS,PASS,64
CF01241,PASS,PASS,FAIL,PASS,PASS,78
CF01242,FAIL,PASS,PASS,FAIL,PASS,86
CF01243,PASS,FAIL,FAIL,FAIL,FAIL,92
CF01244,FAIL,PASS,FAIL,FAIL,FAIL,78
CF01245,FAIL,PASS,FAIL,FAIL,FAIL,93
CF01246,FAIL,FAIL,FAIL,FAIL,PASS,84
CF01247,PASS,FAIL,FAIL,FAIL,FAIL,96
CF01248,FAIL,PASS,PASS,PASS,PASS,96
CF01249,FAIL,FAIL,FAIL,FAIL,PASS,63
CF01250,FAIL,FAIL,PASS,FAIL,PASS,91
CF01251,FAIL,FAIL,PASS,PASS,PASS,76
CF01252,PASS,FAIL,PASS,FAIL,PASS,96
CF01253,PASS,PASS,FAIL,PASS,PASS,88
CF01254,FAIL,PASS,FAIL,FAIL,FAIL,89
CF01255,PASS,FAIL,FAIL,PASS,FAIL,67
CF01256,FAIL,FAIL,FAIL,PASS,PASS,66
CF01257,FAIL,FAIL,PASS,PASS,FAIL,90
CF01258,PASS,FAIL,FAIL,PASS,FAIL,77
CF01259,FAIL,FAIL,FAIL,FAIL,FAIL,72
CF01260,FAIL,FAIL,PASS,PASS,PASS,92
CF01261,FAIL,FAIL,FAIL,FAIL,PASS,62
CF01262,FAIL,PASS,PASS,FAIL,PASS,98
CF01263,PASS,FAIL,FAIL,FAIL,PASS,92
CF01264,FAIL,FAIL,PASS,PASS,FAIL,84
CF01265,PASS,FAIL,PASS,PASS,PASS,77
CF01266,PASS,FAIL,PASS,PASS,FAIL,62
CF01267,PASS,FAIL,FAIL,FAIL,PASS,73
CF01268,FAIL,FAIL,PASS,PASS,FAIL,77
CF01269,PASS,FAIL,PASS,PASS,FAIL,77
CF01270,FAIL,FAIL,PASS,FAIL,FAIL,80
CF01271,PASS,FAIL,PASS,FAIL,PASS,83
CF01272,PASS,FAIL,FAIL,FAIL,PASS,77
CF01273,FAIL,FAIL,FAIL,PASS,FAIL,74
CF01274,FAIL,FAIL,PASS,FAIL,FAIL,94
CF01275,FAIL,PASS,PASS,PASS,FAIL,60
CF01276,PASS,PASS,PASS,PASS,PASS,97
CF01277,FAIL,PASS,FAIL,FAIL,PASS,70
CF01278,FAIL,FAIL,FAIL,PASS,PASS,68
CF01279,PASS,PASS,FAIL,FAIL,FAIL,79
CF01280,PASS,FAIL,PASS,FAIL,FAIL,99
CF01281,FAIL,FAIL,FAIL,PASS,PASS,90
CF01282,FAIL,PASS,PASS,PASS,FAIL,82
CF01283,FAIL,PASS,PASS,FAIL,FAIL,73
CF01284,FAIL,FAIL,FAIL,PASS,FAIL,66
CF01285,PASS,FAIL,PASS,PASS,FAIL,62
CF01286,PASS,PASS,PASS,FAIL,FAIL,69
CF01287,PASS,FAIL,PASS,FAIL,FAIL,85
CF01288,FAIL,PASS,FAIL,PASS,FAIL,87
CF01289,PASS,PASS,FAIL,PASS,PASS,89
CF01290,FAIL,FAIL,PASS,FAIL,PASS,73
CF01291,PASS,PASS,PASS,PASS,PASS,79
CF01292,FAIL,FAIL,FAIL,FAIL,FAIL,72
CF01293,FAIL,PASS,PASS,FAIL,PASS,92
CF01294,FAIL,FAIL,PASS,FAIL,FAIL,98
CF01295,PASS,PASS,PASS,PASS,PASS,70
CF01296,FAIL,FAIL,FAIL,PASS,PASS,97
CF01297,PASS,PASS,PASS,FAIL,PASS,86
CF01298,PASS,FAIL,FAIL,PASS,PASS,82
CF01299,PASS,FAIL,FAIL,PASS,FAIL,90
CF01300,PASS,FAIL,PASS,FAIL,FAIL,86
CF01301,FAIL,PASS,FAIL,FAIL,PASS,92
CF01302,PASS,PASS,PASS,PASS,FAIL,86
CF01303,PASS,FAIL,FAIL,PASS,PASS,82
CF01304,PASS,FAIL,PASS,FAIL,FAIL,86
CF01305,FAIL,FAIL,FAIL,FAIL,PASS,62
CF01306,PASS,FAIL,FAIL,FAIL,PASS,96
CF01307,FAIL,FAIL,FAIL,FAIL,FAIL,82
CF01308,PASS,PASS,FAIL,FAIL,FAIL,69
CF01309,FAIL,PASS,FAIL,FAIL,FAIL,86
CF01310,PASS,FAIL,PASS,FAIL,PASS,96
CF01311,PASS,PASS,PASS,FAIL,PASS,91
CF01312,FAIL,PASS,PASS,FAIL,FAIL,80
CF01313,FAIL,PASS,PASS,PASS,FAIL,74
CF01314,FAIL,FAIL,PASS,FAIL,PASS,65
CF01315,PASS,FAIL,PASS,PASS,FAIL,88
CF01316,FAIL,PASS,FAIL,PASS,PASS,93
CF01317,PASS,FAIL,FAIL,FAIL,PASS,89
CF01318,PASS,FAIL,PASS,PASS,FAIL,83
CF01319,PASS,FAIL,FAIL,PASS,FAIL,85
CF01320,FAIL,FAIL,FAIL,FAIL,FAIL,71
CF01321,FAIL,FAIL,FAIL,FAIL,FAIL,64
CF01322,FAIL,FAIL,FAIL,PASS,PASS,99
CF01323,PASS,FAIL,FAIL,FAIL,PASS,89
CF01324,FAIL,PASS,PASS,PASS,FAIL,62
CF01325,PASS,FAIL,FAIL,PASS,FAIL,76
CF01326,FAIL,PASS,PASS,PASS,PASS,91
CF01327,FAIL,PASS,FAIL,PASS,FAIL,86
CF01328,PASS,FAIL,FAIL,FAIL,PASS,65
CF01329,PASS,FAIL,FAIL,PASS,FAIL,71
CF01330,PASS,FAIL,FAIL,FAIL,PASS,72
CF01331,PASS,PASS,FAIL,PASS,FAIL,83
CF01332,PASS,FAIL,PASS,PASS,FAIL,81
CF01333,FAIL,FAIL,PASS,FAIL,FAIL,82
CF01334,FAIL,PASS,PASS,FAIL,PASS,62
CF01335,FAIL,FAIL,FAIL,FAIL,PASS,64
CF01336,FAIL,PASS,PASS,PASS,PASS,94
CF01337,FAIL,FAIL,FAIL,FAIL,FAIL,70
CF01338,PASS,PASS,PASS,FAIL,PASS,85
CF01339,PASS,PASS,PASS,FAIL,PASS,95
CF01340,FAIL,FAIL,PASS,FAIL,FAIL,60
CF01341,FAIL,FAIL,FAIL,PASS,FAIL,67
CF01342,FAIL,PASS,FAIL,FAIL,PASS,63
CF01343,FAIL,PASS,FAIL,PASS,FAIL,93
CF01344,PASS,FAIL,PASS,PASS,PASS,84
CF01345,FAIL,PASS,FAIL,FAIL,FAIL,87
CF01346,PASS,FAIL,PASS,PASS,FAIL,79
CF01347,PASS,FAIL,FAIL,PASS,FAIL,60
CF01348,FAIL,FAIL,PASS,FAIL,FAIL,89
CF01349,FAIL,PASS,FAIL,FAIL,PASS,78
CF01350,PASS,PASS,FAIL,PASS,PASS,95
CF01351,PASS,FAIL,PASS,PASS,PASS,81
CF01352,PASS,FAIL,PASS,PASS,FAIL,89
CF01353,PASS,FAIL,FAIL,FAIL,FAIL,64
CF01354,PASS,PASS,PASS,PASS,PASS,76
CF01355,FAIL,PASS,PASS,FAIL,PASS,64
CF01356,PASS,PASS,FAIL,PASS,PASS,81
CF01357,PASS,FAIL,FAIL,FAIL,PASS,99
CF01358,FAIL,FAIL,PASS,FAIL,FAIL,81
CF01359,FAIL,PASS,FAIL,FAIL,FAIL,89
CF01360,FAIL,FAIL,PASS,PASS,PASS,74
CF01361,FAIL,PASS,FAIL,PASS,PASS,60
CF01362,PASS,FAIL,FAIL,PASS,FAIL,77
CF01363,PASS,PASS,PASS,PASS,PASS,87
CF01364,FAIL,FAIL,FAIL,PASS,PASS,84
CF01365,FAIL,PASS,FAIL,FAIL,PASS,88
CF01366,FAIL,PASS,FAIL,FAIL,PASS,91
CF01367,PASS,PASS,FAIL,PASS,FAIL,68
CF01368,PASS,FAIL,PASS,PASS,PASS,77
CF01369,FAIL,FAIL,FAIL,FAIL,FAIL,98
CF01370,PASS,PASS,FAIL,FAIL,PASS,84
CF01371,PASS,FAIL,FAIL,PASS,PASS,82
CF01372,PASS,PASS,PASS,PASS,PASS,96
CF01373,PASS,PASS,FAIL,PASS,FAIL,69
CF01374,PASS,FAIL,FAIL,FAIL,PASS,69
CF01375,FAIL,FAIL,FAIL,FAIL,FAIL,71
CF01376,FAIL,FAIL,FAIL,FAIL,FAIL,60
CF01377,FAIL,PASS,FAIL,PASS,PASS,79
CF01378,FAIL,PASS,FAIL,PASS,FAIL,86
CF01379,FAIL,FAIL,PASS,PASS,PASS,74
CF01380,FAIL,PASS,FAIL,PASS,PASS,66
CF01381,FAIL,FAIL,PASS,FAIL,PASS,87
CF01382,PASS,FAIL,FAIL,FAIL,PASS,94
CF01383,FAIL,PASS,PASS,FAIL,FAIL,89
CF01384,FAIL,FAIL,FAIL,FAIL,FAIL,61
CF01385,PASS,FAIL,FAIL,PASS,PASS,66
CF01386,FAIL,PASS,PASS,PASS,FAIL,77
CF01387,PASS,PASS,FAIL,PASS,PASS,91
CF01388,FAIL,FAIL,FAIL,PASS,FAIL,63
CF01389,FAIL,FAIL,PASS,FAIL,PASS,90
CF01390,FAIL,FAIL,PASS,FAIL,FAIL,83
CF01391,FAIL,FAIL,PASS,PASS,PASS,96
CF01392,PASS,FAIL,FAIL,PASS,PASS,94
CF01393,PASS,FAIL,PASS,FAIL,FAIL,82
CF01394,PASS,FAIL,PASS,FAIL,PASS,81
CF01395,FAIL,PASS,PASS,FAIL,FAIL,66
CF01396,PASS,PASS,PASS,PASS,PASS,96
CF01397,FAIL,PASS,PASS,FAIL,FAIL,72
CF01398,FAIL,FAIL,FAIL,FAIL,PASS,70
CF01399,PASS,PASS,PASS,FAIL,FAIL,79
CF01400,PASS,PASS,PASS,FAIL,FAIL,81
CF01401,FAIL,PASS,FAIL,FAIL,PASS,68
CF01402,FAIL,PASS,FAIL,PASS,PASS,98
CF01403,PASS,PASS,FAIL,FAIL,PASS,83
CF01404,FAIL,FAIL,PASS,PASS,PASS,76
CF01405,FAIL,PASS,FAIL,PASS,FAIL,85
CF01406,FAIL,PASS,FAIL,PASS,PASS,97
CF01407,FAIL,FAIL,PASS,PASS,FAIL,97
CF01408,FAIL,FAIL,PASS,PASS,PASS,66
CF01409,PASS,PASS,FAIL,FAIL,PASS,87
CF01410,FAIL,PASS,PASS,PASS,FAIL,68
CF01411,PASS,FAIL,FAIL,FAIL,PASS,74
CF01412,PASS,PASS,PASS,PASS,PASS,91
CF01413,PASS,FAIL,PASS,PASS,PASS,86
CF01414,PASS,PASS,PASS,FAIL,FAIL,98
CF01415,PASS,PASS,PASS,PASS,PASS,93
CF01416,FAIL,PASS,FAIL,PASS,FAIL,84
CF01417,PASS,FAIL,FAIL,PASS,FAIL,94
CF01418,PASS,FAIL,PASS,PASS,PASS,66
CF01419,PASS,FAIL,PASS,FAIL,FAIL,92
CF01420,PASS,PASS,PASS,FAIL,PASS,65
CF01421,PASS,PASS,FAIL,FAIL,PASS,76
CF01422,FAIL,PASS,FAIL,FAIL,PASS,94
CF01423,PASS,PASS,PASS,PASS,PASS,95
CF01424,FAIL,PASS,PASS,PASS,FAIL,84
CF01425,FAIL,FAIL,FAIL,PASS,FAIL,85
CF01426,PASS,FAIL,FAIL,FAIL,FAIL,72
CF01427,PASS,PASS,PASS,FAIL,PASS,96
CF01428,FAIL,FAIL,FAIL,FAIL,PASS,75
CF01429,FAIL,FAIL,PASS,FAIL,FAIL,76
CF01430,FAIL,PASS,FAIL,PASS,PASS,69
CF01431,PASS,FAIL,FAIL,PASS,FAIL,77
CF01432,FAIL,FAIL,PASS,PASS,FAIL,90
CF01433,FAIL,FAIL,FAIL,FAIL,FAIL,60
CF01434,FAIL,FAIL,PASS,FAIL,FAIL,73
CF01435,PASS,PASS,FAIL,FAIL,PASS,92
CF01436,PASS,PASS,FAIL,FAIL,PASS,85
CF01437,FAIL,FAIL,FAIL,PASS,PASS,94
CF01438,FAIL,PASS,FAIL,PASS,PASS,82
CF01439,PASS,FAIL,PASS,FAIL,FAIL,63
CF01440,FAIL,PASS,FAIL,FAIL,PASS,79
CF01441,FAIL,PASS,PASS,PASS,FAIL,67
CF01442,FAIL,FAIL,FAIL,PASS,PASS,97
CF01443,PASS,FAIL,FAIL,PASS,PASS,93
CF01444,PASS,PASS,FAIL,PASS,PASS,62
CF01445,FAIL,PASS,PASS,FAIL,PASS,80
CF01446,FAIL,PASS,FAIL,PASS,PASS,75
CF01447,FAIL,PASS,PASS,FAIL,PASS,95
CF01448,PASS,PASS,FAIL,PASS,PASS,94
CF01449,FAIL,FAIL,FAIL,FAIL,FAIL,83
CF01450,FAIL,FAIL,PASS,PASS,PASS,84
CF01451,PASS,FAIL,FAIL,PASS,PASS,60
CF01452,FAIL,PASS,FAIL,FAIL,FAIL,64
CF01453,FAIL,FAIL,PASS,PASS,FAIL,72
CF01454,PASS,PASS,FAIL,PASS,PASS,63
CF01455,FAIL,PASS,FAIL,FAIL,FAIL,63
CF01456,FAIL,PASS,FAIL,PASS,FAIL,71
CF01457,PASS,PASS,PASS,FAIL,FAIL,86
CF01458,FAIL,FAIL,FAIL,FAIL,PASS,79
CF01459,FAIL,PASS,FAIL,PASS,FAIL,83
CF01460,PASS,FAIL,FAIL,FAIL,PASS,78
CF01461,FAIL,PASS,PASS,PASS,PASS,75
CF01462,FAIL,PASS,PASS,PASS,FAIL,86
CF01463,PASS,PASS,PASS,PASS,PASS,71
CF01464,FAIL,PASS,FAIL,PASS,FAIL,67
CF01465,PASS,FAIL,PASS,FAIL,PASS,89
CF01466,FAIL,FAIL,FAIL,FAIL,FAIL,71
CF01467,FAIL,FAIL,FAIL,PASS,PASS,66
CF01468,PASS,FAIL,FAIL,FAIL,FAIL,64
CF01469,PASS,FAIL,PASS,FAIL,PASS,91
CF01470,FAIL,PASS,PASS,PASS,PASS,89
CF01471,FAIL,PASS,FAIL,PASS,PASS,66
CF01472,FAIL,FAIL,PASS,FAIL,FAIL,68
CF01473,PASS,FAIL,PASS,PASS,FAIL,92
CF01474,PASS,PASS,PASS,PASS,FAIL,60
CF01475,FAIL,FAIL,PASS,FAIL,FAIL,92
CF01476,PASS,PASS,FAIL,FAIL,FAIL,75
CF01477,PASS,PASS,FAIL,PASS,PASS,92
CF01478,PASS,PASS,FAIL,PASS,FAIL,79
CF01479,FAIL,PASS,FAIL,PASS,FAIL,95
CF01480,FAIL,PASS,FAIL,FAIL,FAIL,89
CF01481,PASS,FAIL,FAIL,FAIL,PASS,73
CF01482,FAIL,FAIL,PASS,FAIL,PASS,72
CF01483,PASS,FAIL,FAIL,FAIL,FAIL,98
CF01484,FAIL,FAIL,FAIL,FAIL,FAIL,62
CF01485,FAIL,PASS,PASS,PASS,PASS,79
CF01486,FAIL,FAIL,PASS,PASS,PASS,91
CF01487,PASS,PASS,FAIL,PASS,PASS,76
CF01488,PASS,FAIL,FAIL,FAIL,PASS,93
CF01489,FAIL,FAIL,FAIL,PASS,FAIL,96
CF01490,PASS,FAIL,FAIL,PASS,PASS,83
CF01491,FAIL,PASS,PASS,PASS,PASS,94
CF01492,FAIL,PASS,FAIL,PASS,FAIL,77
CF01493,PASS,FAIL,PASS,FAIL,FAIL,93
CF01494,PASS,PASS,PASS,FAIL,FAIL,97
CF01495,FAIL,PASS,PASS,FAIL,FAIL,69
CF01496,PASS,FAIL,FAIL,PASS,FAIL,90
CF01497,FAIL,FAIL,FAIL,PASS,PASS,88
CF01498,PASS,PASS,PASS,PASS,PASS,81
CF01499,FAIL,FAIL,PASS,PASS,FAIL,99
CF01500,FAIL,PASS,PASS,PASS,FAIL,90
CF01501,FAIL,FAIL,PASS,FAIL,FAIL,95
CF01502,PASS,FAIL,FAIL,FAIL,PASS,98
CF01503,FAIL,PASS,PASS,FAIL,PASS,64
CF01504,FAIL,FAIL,FAIL,FAIL,FAIL,91
CF01505,PASS,FAIL,FAIL,PASS,PASS,61
CF01506,FAIL,PASS,FAIL,FAIL,FAIL,79
CF01507,FAIL,FAIL,PASS,FAIL,PASS,74
CF01508,PASS,PASS,FAIL,FAIL,PASS,75
CF01509,PASS,PASS,FAIL,FAIL,PASS,62
CF01510,PASS,PASS,PASS,PASS,FAIL,95
CF01511,FAIL,FAIL,PASS,PASS,FAIL,77
CF01512,PASS,FAIL,PASS,FAIL,PASS,78
CF01513,PASS,FAIL,PASS,PASS,PASS,79
CF01514,PASS,FAIL,FAIL,FAIL,PASS,67
CF01515,PASS,FAIL,FAIL,PASS,FAIL,92
CF01516,FAIL,PASS,PASS,FAIL,PASS,99
CF01517,FAIL,PASS,FAIL,PASS,FAIL,82
CF01518,PASS,PASS,FAIL,PASS,PASS,63
CF01519,FAIL,PASS,FAIL,PASS,FAIL,97
CF01520,FAIL,FAIL,FAIL,FAIL,PASS,92
CF01521,FAIL,FAIL,FAIL,PASS,FAIL,61
CF01522,PASS,FAIL,FAIL,FAIL,PASS,85
CF01523,PASS,PASS,FAIL,PASS,PASS,82
CF01524,FAIL,FAIL,FAIL,FAIL,PASS,70
CF01525,PASS,PASS,FAIL,PASS,FAIL,89
CF01526,FAIL,PASS,FAIL,PASS,FAIL,65
CF01527,PASS,FAIL,PASS,PASS,FAIL,82
CF01528,FAIL,PASS,PASS,FAIL,PASS,66
CF01529,PASS,PASS,FAIL,PASS,FAIL,81
CF01530,FAIL,PASS,FAIL,PASS,PASS,79
CF01531,PASS,FAIL,PASS,PASS,FAIL,62
CF01532,FAIL,FAIL,FAIL,FAIL,FAIL,84
CF01533,FAIL,FAIL,PASS,FAIL,PASS,73
CF01534,PASS,PASS,FAIL,PASS,PASS,74
CF01535,PASS,FAIL,FAIL,PASS,FAIL,75
CF01536,PASS,FAIL,FAIL,PASS,PASS,88
CF01537,FAIL,PASS,PASS,PASS,FAIL,83
CF01538,FAIL,PASS,PASS,FAIL,FAIL,80
CF01539,PASS,PASS,PASS,PASS,FAIL,79
CF01540,PASS,FAIL,FAIL,PASS,FAIL,74
CF01541,PASS,FAIL,FAIL,PASS,FAIL,87
CF01542,FAIL,PASS,FAIL,PASS,PASS,90
CF01543,PASS,FAIL,FAIL,FAIL,PASS,72
CF01544,PASS,PASS,FAIL,PASS,FAIL,84
CF01545,PASS,PASS,PASS,FAIL,FAIL,82
CF01546,FAIL,FAIL,FAIL,PASS,PASS,98
CF01547,FAIL,FAIL,PASS,PASS,PASS,67
CF01548,PASS,PASS,FAIL,PASS,FAIL,70
CF01549,FAIL,PASS,PASS,PASS,PASS,60
CF01550,FAIL,PASS,PASS,FAIL,FAIL,97
CF01551,PASS,FAIL,FAIL,FAIL,FAIL,75
CF01552,FAIL,FAIL,PASS,FAIL,PASS,95
CF01553,PASS,PASS,PASS,PASS,PASS,86
CF01554,PASS,PASS,FAIL,PASS,FAIL,63
CF01555,PASS,PASS,PASS,FAIL,FAIL,69
CF01556,PASS,FAIL,PASS,FAIL,FAIL,64
CF01557,PASS,FAIL,PASS,PASS,PASS,70
CF01558,FAIL,FAIL,PASS,PASS,PASS,73
CF01559,PASS,PASS,PASS,PASS,PASS,73
CF01560,FAIL,FAIL,PASS,PASS,FAIL,76
CF01561,PASS,FAIL,PASS,PASS,PASS,90
CF01562,FAIL,PASS,FAIL,PASS,FAIL,76
CF01563,FAIL,PASS,PASS,PASS,PASS,85
CF01564,FAIL,PASS,FAIL,FAIL,PASS,93
CF01565,PASS,FAIL,FAIL,PASS,FAIL,68
CF01566,FAIL,FAIL,PASS,FAIL,FAIL,88
CF01567,PASS,PASS,PASS,PASS,FAIL,81
CF01568,FAIL,FAIL,FAIL,FAIL,PASS,67
CF01569,FAIL,FAIL,PASS,PASS,FAIL,94
CF01570,PASS,FAIL,FAIL,FAIL,PASS,85
CF01571,FAIL,FAIL,PASS,PASS,FAIL,70
CF01572,FAIL,PASS,FAIL,FAIL,FAIL,73
CF01573,PASS,PASS,PASS,PASS,PASS,74
CF01574,PASS,FAIL,PASS,FAIL,PASS,91
CF01575,FAIL,FAIL,PASS,PASS,PASS,68
CF01576,FAIL,FAIL,FAIL,FAIL,PASS,99
CF01577,FAIL,PASS,PASS,FAIL,FAIL,96
CF01578,PASS,FAIL,FAIL,FAIL,PASS,72
CF01579,PASS,PASS,FAIL,PASS,FAIL,99
CF01580,FAIL,FAIL,FAIL,FAIL,FAIL,94
CF01581,FAIL,FAIL,PASS,FAIL,FAIL,83
CF01582,FAIL,FAIL,FAIL,FAIL,FAIL,95
CF01583,PASS,PASS,PASS,PASS,FAIL,80
CF01584,PASS,FAIL,FAIL,PASS,PASS,73
CF01585,FAIL,FAIL,PASS,FAIL,FAIL,63
CF01586,FAIL,FAIL,FAIL,PASS,FAIL,98
CF01587,FAIL,FAIL,PASS,PASS,PASS,84
CF01588,PASS,FAIL,FAIL,PASS,FAIL,68
CF01589,FAIL,FAIL,PASS,FAIL,FAIL,89
CF01590,PASS,FAIL,FAIL,FAIL,PASS,67
CF01591,FAIL,PASS,PASS,FAIL,FAIL,97
CF01592,FAIL,FAIL,PASS,FAIL,PASS,69
CF01593,PASS,FAIL,FAIL,PASS,FAIL,88
CF01594,PASS,PASS,PASS,FAIL,PASS,99
CF01595,PASS,FAIL,PASS,FAIL,PASS,87
CF01596,PASS,FAIL,PASS,FAIL,FAIL,98
CF01597,PASS,FAIL,PASS,FAIL,PASS,82
CF01598,FAIL,FAIL,FAIL,FAIL,PASS,97
CF01599,PASS,PASS,PASS,FAIL,PASS,90
CF01600,PASS,PASS,PASS,FAIL,FAIL,77
CF01601,PASS,FAIL,PASS,FAIL,FAIL,82
CF01602,PASS,FAIL,FAIL,FAIL,PASS,90
CF01603,PASS,PASS,FAIL,PASS,FAIL,94
CF01604,FAIL,PASS,PASS,PASS,PASS,92
CF01605,FAIL,FAIL,FAIL,PASS,PASS,61
CF01606,FAIL,FAIL,FAIL,FAIL,PASS,93
CF01607,PASS,FAIL,PASS,PASS,FAIL,62
CF01608,FAIL,FAIL,PASS,PASS,FAIL,72
CF01609,PASS,PASS,FAIL,FAIL,FAIL,94
CF01610,FAIL,FAIL,PASS,FAIL,PASS,80
CF01611,FAIL,FAIL,PASS,FAIL,PASS,69
CF01612,PASS,FAIL,FAIL,FAIL,PASS,96
CF01613,PASS,FAIL,PASS,PASS,FAIL,75
CF01614,PASS,FAIL,PASS,FAIL,PASS,78
CF01615,FAIL,FAIL,FAIL,FAIL,FAIL,96
CF01616,PASS,PASS,FAIL,FAIL,PASS,88
CF01617,FAIL,FAIL,PASS,FAIL,PASS,92
CF01618,FAIL,FAIL,PASS,PASS,FAIL,85
CF01619,FAIL,PASS,FAIL,PASS,FAIL,77
CF01620,FAIL,FAIL,FAIL,PASS,PASS,88
CF01621,FAIL,PASS,FAIL,PASS,PASS,63
CF01622,PASS,FAIL,PASS,PASS,PASS,71
CF01623,PASS,PASS,FAIL,PASS,FAIL,90
CF01624,FAIL,PASS,PASS,FAIL,PASS,80
CF01625,FAIL,FAIL,PASS,PASS,FAIL,71
CF01626,PASS,PASS,PASS,PASS,PASS,91
CF01627,FAIL,FAIL,PASS,FAIL,FAIL,63
CF01628,FAIL,FAIL,PASS,PASS,FAIL,95
CF01629,FAIL,FAIL,PASS,PASS,PASS,81
CF01630,FAIL,PASS,PASS,FAIL,PASS,89
CF01631,FAIL,PASS,PASS,FAIL,PASS,92
CF01632,PASS,PASS,FAIL,FAIL,FAIL,72
CF01633,FAIL,FAIL,PASS,PASS,PASS,63
CF01634,PASS,FAIL,PASS,PASS,FAIL,90
CF01635,PASS,FAIL,FAIL,FAIL,PASS,99
CF01636,FAIL,FAIL,PASS,PASS,PASS,81
CF01637,FAIL,FAIL,FAIL,PASS,PASS,97
CF01638,FAIL,FAIL,PASS,PASS,PASS,92
CF01639,FAIL,FAIL,PASS,FAIL,PASS,74
CF01640,FAIL,FAIL,PASS,FAIL,FAIL,63
CF01641,FAIL,PASS,FAIL,PASS,FAIL,75
CF01642,PASS,PASS,PASS,FAIL,FAIL,82
CF01643,PASS,FAIL,PASS,FAIL,FAIL,82
CF01644,PASS,PASS,FAIL,FAIL,FAIL,85
CF01645,FAIL,PASS,PASS,FAIL,FAIL,74
CF01646,PASS,FAIL,FAIL,PASS,PASS,63
CF01647,PASS,FAIL,FAIL,PASS,FAIL,87
CF01648,FAIL,PASS,FAIL,FAIL,FAIL,72
CF01649,PASS,FAIL,FAIL,FAIL,FAIL,61
CF01650,FAIL,FAIL,FAIL,PASS,PASS,76
CF01651,FAIL,PASS,PASS,FAIL,PASS,95
CF01652,FAIL,FAIL,FAIL,FAIL,FAIL,90
CF01653,PASS,FAIL,PASS,PASS,FAIL,93
CF01654,PASS,PASS,PASS,PASS,FAIL,95
CF01655,FAIL,PASS,PASS,PASS,FAIL,88
CF01656,FAIL,FAIL,PASS,FAIL,PASS,80
CF01657,FAIL,PASS,PASS,PASS,PASS,62
CF01658,PASS,PASS,PASS,PASS,FAIL,77
CF01659,PASS,PASS,FAIL,PASS,PASS,99
CF01660,PASS,PASS,PASS,PASS,PASS,93
CF01661,PASS,FAIL,PASS,FAIL,FAIL,88
CF01662,FAIL,FAIL,PASS,PASS,FAIL,99
CF01663,FAIL,FAIL,PASS,FAIL,FAIL,75
CF01664,FAIL,PASS,PASS,FAIL,PASS,76
CF01665,FAIL,FAIL,FAIL,FAIL,FAIL,60
CF01666,FAIL,PASS,FAIL,PASS,FAIL,79
CF01667,PASS,FAIL,PASS,PASS,FAIL,96
CF01668,PASS,PASS,PASS,FAIL,FAIL,69
CF01669,PASS,FAIL,FAIL,PASS,PASS,77
CF01670,FAIL,PASS,PASS,PASS,PASS,83
CF01671,PASS,PASS,FAIL,PASS,FAIL,72
CF01672,PASS,PASS,PASS,PASS,PASS,91
CF01673,FAIL,PASS,PASS,PASS,PASS,66
CF01674,PASS,PASS,FAIL,PASS,PASS,91
CF01675,PASS,PASS,FAIL,FAIL,FAIL,91
CF01676,FAIL,FAIL,PASS,FAIL,PASS,94
CF01677,PASS,FAIL,PASS,FAIL,FAIL,69
CF01678,PASS,PASS,PASS,FAIL,PASS,77
CF01679,PASS,PASS,FAIL,PASS,PASS,67
CF01680,FAIL,PASS,FAIL,FAIL,PASS,88
CF01681,FAIL,FAIL,PASS,FAIL,FAIL,92
CF01682,PASS,PASS,FAIL,PASS,PASS,78
CF01683,FAIL,FAIL,PASS,FAIL,FAIL,79
CF01684,PASS,PASS,PASS,FAIL,FAIL,86
CF01685,FAIL,PASS,FAIL,FAIL,PASS,81
CF01686,PASS,PASS,FAIL,PASS,PASS,96
CF01687,PASS,FAIL,PASS,FAIL,FAIL,74
CF01688,PASS,PASS,PASS,FAIL,PASS,90
CF01689,FAIL,PASS,PASS,FAIL,FAIL,66
CF01690,FAIL,FAIL,PASS,PASS,PASS,89
CF01691,FAIL,FAIL,PASS,PASS,FAIL,60
CF01692,FAIL,FAIL,FAIL,FAIL,PASS,82
CF01693,FAIL,PASS,FAIL,PASS,FAIL,96
CF01694,FAIL,FAIL,FAIL,PASS,PASS,85
CF01695,FAIL,FAIL,FAIL,PASS,PASS,86
CF01696,FAIL,FAIL,PASS,PASS,FAIL,60
CF01697,PASS,FAIL,PASS,FAIL,FAIL,64
CF01698,PASS,FAIL,PASS,FAIL,FAIL,81
CF01699,FAIL,FAIL,PASS,PASS,PASS,83
CF01700,FAIL,FAIL,FAIL,PASS,FAIL,99
CF01701,PASS,PASS,PASS,FAIL,PASS,70
CF01702,PASS,FAIL,PASS,FAIL,PASS,88
CF01703,FAIL,PASS,PASS,FAIL,PASS,67
CF01704,PASS,PASS,FAIL,FAIL,PASS,75
CF01705,PASS,PASS,PASS,PASS,FAIL,79
CF01706,FAIL,FAIL,FAIL,PASS,FAIL,62
CF01707,FAIL,PASS,PASS,PASS,FAIL,66
CF01708,FAIL,FAIL,PASS,PASS,PASS,99
CF01709,FAIL,FAIL,PASS,FAIL,FAIL,64
CF01710,PASS,PASS,PASS,FAIL,PASS,60
CF01711,PASS,PASS,PASS,FAIL,PASS,96
CF01712,FAIL,PASS,FAIL,FAIL,PASS,60
CF01713,FAIL,FAIL,FAIL,PASS,PASS,85
CF01714,PASS,PASS,FAIL,PASS,FAIL,74
CF01715,PASS,PASS,FAIL,FAIL,PASS,96
CF01716,FAIL,PASS,FAIL,PASS,FAIL,66
CF01717,PASS,PASS,FAIL,PASS,FAIL,80
CF01718,PASS,FAIL,PASS,FAIL,FAIL,83
CF01719,FAIL,PASS,PASS,PASS,PASS,60
CF01720,FAIL,PASS,FAIL,FAIL,FAIL,63
CF01721,PASS,FAIL,PASS,PASS,FAIL,68
CF01722,PASS,PASS,FAIL,PASS,PASS,60
CF01723,PASS,FAIL,PASS,PASS,PASS,80
CF01724,PASS,FAIL,FAIL,PASS,FAIL,91
CF01725,PASS,FAIL,FAIL,FAIL,PASS,78
CF01726,FAIL,FAIL,PASS,FAIL,FAIL,79
CF01727,PASS,FAIL,PASS,PASS,FAIL,88
CF01728,PASS,FAIL,FAIL,FAIL,PASS,87
CF01729,PASS,FAIL,PASS,FAIL,FAIL,70
CF01730,FAIL,FAIL,FAIL,FAIL,FAIL,67
CF01731,FAIL,PASS,FAIL,FAIL,PASS,93
CF01732,FAIL,PASS,FAIL,FAIL,PASS,64
CF01733,FAIL,PASS,FAIL,FAIL,FAIL,72
CF01734,FAIL,FAIL,FAIL,FAIL,PASS,93
CF01735,PASS,PASS,FAIL,PASS,PASS,84
CF01736,FAIL,FAIL,FAIL,PASS,PASS,66
CF01737,PASS,PASS,PASS,FAIL,FAIL,72
CF01738,FAIL,FAIL,PASS,FAIL,FAIL,93
CF01739,PASS,PASS,FAIL,PASS,PASS,73
CF01740,PASS,FAIL,PASS,PASS,PASS,71
CF01741,FAIL,PASS,FAIL,PASS,FAIL,76
CF01742,FAIL,FAIL,PASS,FAIL,PASS,65
CF01743,PASS,PASS,PASS,FAIL,FAIL,85
CF01744,FAIL,FAIL,FAIL,PASS,PASS,73
CF01745,PASS,FAIL,PASS,PASS,PASS,97
CF01746,PASS,FAIL,PASS,PASS,FAIL,97
CF01747,FAIL,FAIL,FAIL,FAIL,FAIL,91
CF01748,FAIL,PASS,PASS,FAIL,FAIL,83
CF01749,PASS,FAIL,PASS,FAIL,PASS,60
CF01750,PASS,FAIL,PASS,PASS,FAIL,65
CF01751,PASS,PASS,FAIL,FAIL,PASS,62
CF01752,FAIL,FAIL,FAIL,PASS,PASS,70
CF01753,PASS,PASS,PASS,FAIL,FAIL,83
CF01754,PASS,PASS,FAIL,FAIL,FAIL,74
CF01755,PASS,PASS,PASS,PASS,PASS,85
CF01756,PASS,PASS,PASS,PASS,FAIL,97
CF01757,FAIL,PASS,FAIL,PASS,FAIL,67
CF01758,PASS,FAIL,FAIL,FAIL,FAIL,67
CF01759,FAIL,PASS,PASS,PASS,PASS,68
CF01760,FAIL,FAIL,FAIL,PASS,PASS,67
CF01761,FAIL,PASS,FAIL,FAIL,FAIL,98
CF01762,PASS,FAIL,FAIL,FAIL,FAIL,91
CF01763,PASS,FAIL,PASS,FAIL,PASS,71
CF01764,PASS,PASS,FAIL,FAIL,PASS,80
CF01765,PASS,FAIL,PASS,FAIL,FAIL,87
CF01766,FAIL,FAIL,FAIL,FAIL,FAIL,74
CF01767,PASS,PASS,FAIL,PASS,PASS,89
CF01768,FAIL,FAIL,FAIL,PASS,FAIL,64
CF01769,PASS,PASS,FAIL,FAIL,PASS,77
CF01770,PASS,FAIL,FAIL,FAIL,FAIL,94
CF01771,PASS,FAIL,FAIL,PASS,PASS,70
CF01772,PASS,FAIL,FAIL,PASS,FAIL,90
CF01773,PASS,FAIL,PASS,PASS,FAIL,88
CF01774,FAIL,FAIL,FAIL,FAIL,PASS,81
CF01775,FAIL,FAIL,FAIL,FAIL,FAIL,77
CF01776,FAIL,PASS,PASS,PASS,FAIL,90
CF01777,PASS,PASS,FAIL,PASS,FAIL,95
CF01778,FAIL,PASS,PASS,FAIL,FAIL,62
CF01779,FAIL,PASS,FAIL,PASS,FAIL,83
CF01780,FAIL,PASS,PASS,PASS,PASS,87
CF01781,PASS,PASS,PASS,FAIL,PASS,61
CF01782,PASS,PASS,FAIL,PASS,FAIL,60
CF01783,PASS,FAIL,PASS,FAIL,FAIL,84
CF01784,PASS,FAIL,PASS,PASS,FAIL,68
CF01785,PASS,PASS,FAIL,FAIL,FAIL,81
CF01786,PASS,PASS,PASS,FAIL,PASS,90
CF01787,FAIL,PASS,FAIL,PASS,PASS,66
CF01788,FAIL,PASS,PASS,PASS,FAIL,60
CF01789,PASS,FAIL,PASS,PASS,FAIL,60
CF01790,PASS,FAIL,PASS,FAIL,FAIL,82
CF01791,FAIL,FAIL,FAIL,FAIL,PASS,93
CF01792,PASS,PASS,PASS,PASS,PASS,92
CF01793,FAIL,PASS,FAIL,FAIL,PASS,74
CF01794,PASS,PASS,PASS,FAIL,FAIL,71
CF01795,FAIL,FAIL,PASS,PASS,FAIL,60
CF01796,FAIL,FAIL,FAIL,PASS,PASS,63
CF01797,PASS,FAIL,PASS,PASS,PASS,60
CF01798,PASS,FAIL,PASS,PASS,PASS,98
CF01799,FAIL,PASS,FAIL,PASS,PASS,67
CF01800,PASS,FAIL,FAIL,FAIL,PASS,76
CF01801,PASS,PASS,FAIL,PASS,PASS,76
CF01802,PASS,PASS,FAIL,PASS,FAIL,68
CF01803,PASS,FAIL,PASS,PASS,FAIL,68
CF01804,PASS,PASS,PASS,PASS,FAIL,65
CF01805,FAIL,PASS,FAIL,FAIL,FAIL,82
CF01806,FAIL,PASS,FAIL,PASS,PASS,77
CF01807,PASS,FAIL,FAIL,FAIL,FAIL,96
CF01808,FAIL,FAIL,FAIL,PASS,FAIL,97
CF01809,PASS,FAIL,PASS,FAIL,FAIL,70
CF01810,PASS,PASS,FAIL,PASS,PASS,87
CF01811,PASS,FAIL,FAIL,FAIL,PASS,69
CF01812,FAIL,PASS,PASS,FAIL,FAIL,68
CF01813,PASS,PASS,FAIL,FAIL,PASS,61
CF01814,FAIL,PASS,PASS,FAIL,FAIL,98
CF01815,PASS,FAIL,PASS,FAIL,FAIL,99
CF01816,FAIL,PASS,FAIL,PASS,FAIL,81
CF01817,FAIL,PASS,FAIL,FAIL,FAIL,97
CF01818,PASS,PASS,FAIL,PASS,FAIL,70
CF01819,PASS,FAIL,PASS,FAIL,FAIL,72
CF01820,FAIL,FAIL,FAIL,FAIL,PASS,93
CF01821,FAIL,FAIL,PASS,FAIL,FAIL,96
CF01822,PASS,FAIL,FAIL,FAIL,PASS,67
CF01823,PASS,PASS,FAIL,FAIL,PASS,81
CF01824,FAIL,FAIL,PASS,FAIL,FAIL,63
CF01825,FAIL,PASS,FAIL,PASS,PASS,60
CF01826,FAIL,FAIL,FAIL,FAIL,FAIL,77
CF01827,PASS,FAIL,FAIL,PASS,PASS,63
CF01828,PASS,FAIL,PASS,PASS,FAIL,85
CF01829,FAIL,PASS,PASS,FAIL,PASS,92
CF01830,PASS,FAIL,PASS,FAIL,FAIL,81
CF01831,PASS,PASS,PASS,FAIL,PASS,73
CF01832,PASS,FAIL,PASS,PASS,PASS,95
CF01833,FAIL,FAIL,PASS,PASS,FAIL,93
CF01834,PASS,FAIL,FAIL,PASS,FAIL,86
CF01835,PASS,FAIL,PASS,FAIL,FAIL,78
CF01836,FAIL,FAIL,FAIL,FAIL,PASS,65
CF01837,PASS,PASS,FAIL,PASS,PASS,65
CF01838,FAIL,PASS,FAIL,FAIL,FAIL,66
CF01839,FAIL,FAIL,PASS,PASS,PASS,80
CF01840,PASS,PASS,PASS,FAIL,FAIL,62
CF01841,PASS,FAIL,FAIL,PASS,FAIL,76
CF01842,PASS,PASS,FAIL,FAIL,FAIL,99
CF01843,FAIL,PASS,PASS,FAIL,FAIL,76
CF01844,PASS,FAIL,PASS,PASS,FAIL,93
CF01845,PASS,PASS,FAIL,FAIL,PASS,71
CF01846,FAIL,FAIL,PASS,PASS,PASS,95
CF01847,FAIL,FAIL,FAIL,FAIL,PASS,85
CF01848,FAIL,FAIL,FAIL,PASS,PASS,87
CF01849,FAIL,PASS,FAIL,FAIL,PASS,69
CF01850,FAIL,FAIL,PASS,FAIL,PASS,66
CF01851,FAIL,PASS,FAIL,FAIL,FAIL,81
CF01852,FAIL,FAIL,PASS,PASS,FAIL,84
CF01853,PASS,FAIL,PASS,FAIL,FAIL,78
CF01854,PASS,PASS,PASS,PASS,FAIL,72
CF01855,PASS,FAIL,PASS,FAIL,PASS,90
CF01856,PASS,PASS,PASS,PASS,PASS,73
CF01857,FAIL,PASS,FAIL,PASS,FAIL,65
CF01858,PASS,PASS,PASS,FAIL,PASS,95
CF01859,PASS,PASS,PASS,FAIL,PASS,63
CF01860,FAIL,PASS,FAIL,PASS,PASS,73
CF01861,PASS,FAIL,PASS,PASS,PASS,63
CF01862,PASS,PASS,FAIL,PASS,FAIL,74
CF01863,PASS,FAIL,FAIL,PASS,FAIL,71
CF01864,PASS,PASS,FAIL,FAIL,PASS,64
CF01865,PASS,PASS,PASS,PASS,PASS,82
CF01866,PASS,FAIL,PASS,PASS,FAIL,76
CF01867,PASS,FAIL,FAIL,PASS,FAIL,73
CF01868,PASS,FAIL,FAIL,FAIL,FAIL,62
CF01869,FAIL,FAIL,FAIL,FAIL,FAIL,76
CF01870,FAIL,PASS,FAIL,FAIL,FAIL,83
CF01871,PASS,FAIL,PASS,PASS,PASS,75
CF01872,FAIL,PASS,PASS,FAIL,PASS,95
CF01873,FAIL,FAIL,PASS,FAIL,FAIL,81
CF01874,PASS,PASS,FAIL,PASS,PASS,63
CF01875,PASS,FAIL,PASS,PASS,PASS,73
CF01876,PASS,FAIL,PASS,PASS,PASS,60
CF01877,PASS,PASS,FAIL,PASS,FAIL,78
CF01878,FAIL,PASS,FAIL,PASS,PASS,94
CF01879,PASS,FAIL,FAIL,FAIL,PASS,65
CF01880,FAIL,PASS,FAIL,PASS,PASS,61
CF01881,FAIL,FAIL,FAIL,FAIL,PASS,99
CF01882,PASS,FAIL,PASS,FAIL,FAIL,72
CF01883,FAIL,PASS,FAIL,FAIL,FAIL,63
CF01884,PASS,FAIL,PASS,PASS,PASS,98
CF01885,PASS,PASS,FAIL,PASS,PASS,89
CF01886,PASS,PASS,PASS,FAIL,FAIL,86
CF01887,FAIL,PASS,FAIL,PASS,FAIL,82
CF01888,PASS,PASS,FAIL,PASS,PASS,79
CF01889,PASS,FAIL,PASS,PASS,FAIL,69
CF01890,FAIL,FAIL,PASS,PASS,PASS,83
CF01891,PASS,FAIL,PASS,FAIL,FAIL,78
CF01892,FAIL,FAIL,PASS,FAIL,PASS,67
CF01893,PASS,PASS,PASS,PASS,PASS,64
CF01894,FAIL,PASS,FAIL,FAIL,PASS,67
CF01895,FAIL,FAIL,FAIL,PASS,PASS,92
CF01896,FAIL,PASS,PASS,FAIL,PASS,66
CF01897,FAIL,FAIL,PASS,FAIL,PASS,60
CF01898,PASS,FAIL,PASS,PASS,PASS,62
CF01899,FAIL,PASS,FAIL,FAIL,FAIL,98
CF01900,FAIL,FAIL,FAIL,PASS,FAIL,99
CF01901,FAIL,PASS,FAIL,PASS,FAIL,71
CF01902,PASS,PASS,FAIL,PASS,PASS,77
CF01903,PASS,PASS,FAIL,FAIL,PASS,73
CF01904,PASS,PASS,PASS,PASS,FAIL,72
CF01905,FAIL,PASS,FAIL,FAIL,FAIL,94
CF01906,PASS,FAIL,FAIL,FAIL,FAIL,93
CF01907,FAIL,PASS,PASS,PASS,FAIL,64
CF01908,FAIL,FAIL,PASS,FAIL,FAIL,95
CF01909,FAIL,PASS,FAIL,FAIL,FAIL,61
CF01910,PASS,PASS,FAIL,PASS,PASS,75
CF01911,FAIL,PASS,FAIL,FAIL,PASS,85
CF01912,PASS,PASS,FAIL,PASS,PASS,81
CF01913,FAIL,FAIL,FAIL,PASS,FAIL,89
CF01914,FAIL,PASS,FAIL,FAIL,PASS,74
CF01915,FAIL,FAIL,PASS,PASS,PASS,84
CF01916,FAIL,FAIL,PASS,FAIL,FAIL,70
CF01917,FAIL,PASS,FAIL,FAIL,PASS,65
CF01918,FAIL,PASS,FAIL,PASS,PASS,70
CF01919,FAIL,FAIL,FAIL,PASS,PASS,84
CF01920,FAIL,PASS,FAIL,FAIL,PASS,87
CF01921,FAIL,PASS,PASS,FAIL,FAIL,99
CF01922,FAIL,FAIL,FAIL,FAIL,PASS,80
CF01923,FAIL,FAIL,PASS,FAIL,FAIL,60
CF01924,PASS,PASS,PASS,PASS,PASS,69
CF01925,FAIL,PASS,PASS,PASS,PASS,60
CF01926,PASS,FAIL,PASS,PASS,FAIL,74
CF01927,FAIL,FAIL,FAIL,FAIL,PASS,71
CF01928,PASS,FAIL,PASS,PASS,FAIL,81
CF01929,FAIL,FAIL,FAIL,FAIL,PASS,77
CF01930,FAIL,FAIL,FAIL,FAIL,FAIL,81
CF01931,PASS,PASS,FAIL,PASS,PASS,73
CF01932,FAIL,FAIL,PASS,PASS,PASS,89
CF01933,PASS,FAIL,FAIL,FAIL,FAIL,88
CF01934,PASS,FAIL,PASS,FAIL,FAIL,97
CF01935,PASS,FAIL,FAIL,FAIL,FAIL,75
CF01936,FAIL,PASS,FAIL,FAIL,PASS,91
CF01937,PASS,FAIL,PASS,PASS,PASS,73
CF01938,FAIL,PASS,PASS,FAIL,PASS,90
CF01939,PASS,FAIL,FAIL,PASS,FAIL,63
CF01940,FAIL,PASS,PASS,PASS,FAIL,77
CF01941,PASS,PASS,PASS,PASS,FAIL,72
CF01942,PASS,PASS,PASS,FAIL,PASS,78
CF01943,FAIL,FAIL,PASS,FAIL,PASS,69
CF01944,PASS,FAIL,FAIL,PASS,PASS,99
CF01945,PASS,PASS,FAIL,FAIL,FAIL,88
CF01946,FAIL,FAIL,FAIL,PASS,FAIL,89
CF01947,FAIL,PASS,PASS,FAIL,FAIL,71
CF01948,PASS,FAIL,PASS,PASS,FAIL,81
CF01949,PASS,PASS,PASS,FAIL,PASS,96
CF01950,FAIL,FAIL,FAIL,FAIL,PASS,75
CF01951,FAIL,PASS,PASS,FAIL,FAIL,73
CF01952,PASS,FAIL,FAIL,FAIL,PASS,99
CF01953,PASS,PASS,PASS,FAIL,FAIL,89
CF01954,PASS,PASS,FAIL,PASS,FAIL,87
CF01955,FAIL,FAIL,FAIL,PASS,FAIL,89
CF01956,FAIL,FAIL,PASS,PASS,FAIL,64
CF01957,PASS,FAIL,FAIL,PASS,FAIL,80
CF01958,PASS,FAIL,FAIL,PASS,FAIL,97
CF01959,FAIL,FAIL,FAIL,PASS,PASS,61
CF01960,FAIL,PASS,PASS,FAIL,FAIL,86
CF01961,FAIL,FAIL,PASS,PASS,PASS,84
CF01962,FAIL,FAIL,PASS,PASS,PASS,68
CF01963,PASS,PASS,FAIL,PASS,PASS,60
CF01964,PASS,FAIL,PASS,FAIL,FAIL,82
CF01965,PASS,PASS,FAIL,PASS,PASS,96
CF01966,FAIL,FAIL,FAIL,FAIL,FAIL,99
CF01967,PASS,FAIL,FAIL,FAIL,FAIL,71
CF01968,FAIL,PASS,PASS,FAIL,PASS,81
CF01969,FAIL,PASS,PASS,FAIL,PASS,64
CF01970,FAIL,FAIL,PASS,FAIL,FAIL,77
CF01971,PASS,PASS,PASS,FAIL,PASS,60
CF01972,FAIL,FAIL,PASS,FAIL,PASS,61
CF01973,FAIL,FAIL,FAIL,FAIL,PASS,77
CF01974,PASS,PASS,FAIL,FAIL,FAIL,83
CF01975,PASS,PASS,FAIL,PASS,FAIL,89
CF01976,FAIL,FAIL,PASS,FAIL,FAIL,92
CF01977,PASS,PASS,PASS,PASS,FAIL,87
CF01978,FAIL,PASS,PASS,FAIL,PASS,71
CF01979,FAIL,FAIL,PASS,PASS,FAIL,88
CF01980,PASS,PASS,PASS,FAIL,FAIL,81
CF01981,FAIL,FAIL,FAIL,FAIL,PASS,72
CF01982,PASS,FAIL,FAIL,FAIL,PASS,95
CF01983,FAIL,FAIL,PASS,PASS,PASS,94
CF01984,PASS,FAIL,PASS,FAIL,FAIL,90
CF01985,FAIL,FAIL,FAIL,FAIL,PASS,66
CF01986,FAIL,FAIL,PASS,FAIL,PASS,77
CF01987,FAIL,FAIL,FAIL,PASS,PASS,89
CF01988,FAIL,FAIL,PASS,FAIL,PASS,61
CF01989,PASS,FAIL,PASS,PASS,FAIL,93
CF01990,FAIL,PASS,FAIL,FAIL,FAIL,79
CF01991,FAIL,FAIL,PASS,PASS,PASS,83
CF01992,PASS,FAIL,PASS,PASS,FAIL,98
CF01993,PASS,PASS,PASS,PASS,PASS,78
CF01994,FAIL,PASS,FAIL,FAIL,PASS,78
CF01995,FAIL,FAIL,FAIL,PASS,FAIL,97
CF01996,FAIL,PASS,FAIL,FAIL,FAIL,75
CF01997,FAIL,PASS,PASS,PASS,FAIL,63
CF01998,PASS,PASS,FAIL,PASS,FAIL,93
CF01999,PASS,PASS,PASS,FAIL,FAIL,72
CF02000,FAIL,PASS,FAIL,PASS,PASS,73
CF02001,FAIL,FAIL,FAIL,PASS,FAIL,67
CF02002,FAIL,FAIL,FAIL,PASS,FAIL,64
CF02003,PASS,FAIL,FAIL,FAIL,FAIL,83
CF02004,FAIL,PASS,FAIL,PASS,FAIL,92
CF02005,FAIL,PASS,PASS,PASS,PASS,76
CF02006,FAIL,PASS,FAIL,PASS,PASS,73
CF02007,FAIL,FAIL,PASS,FAIL,FAIL,61
CF02008,PASS,FAIL,PASS,FAIL,PASS,78
CF02009,PASS,PASS,PASS,PASS,FAIL,72
CF02010,PASS,PASS,FAIL,PASS,FAIL,88
CF02011,FAIL,PASS,FAIL,FAIL,PASS,75
CF02012,PASS,FAIL,PASS,FAIL,FAIL,69
CF02013,FAIL,PASS,PASS,PASS,PASS,90
CF02014,PASS,PASS,FAIL,FAIL,PASS,65
CF02015,PASS,FAIL,FAIL,PASS,FAIL,80
CF02016,FAIL,PASS,PASS,FAIL,FAIL,83
CF02017,PASS,PASS,PASS,FAIL,PASS,95
CF02018,FAIL,FAIL,PASS,FAIL,PASS,63
CF02019,FAIL,PASS,FAIL,FAIL,PASS,80
CF02020,PASS,PASS,FAIL,FAIL,PASS,61
CF02021,FAIL,PASS,FAIL,PASS,PASS,93
CF02022,PASS,PASS,FAIL,FAIL,FAIL,84
CF02023,FAIL,FAIL,FAIL,PASS,FAIL,72
CF02024,FAIL,FAIL,FAIL,PASS,PASS,75
CF02025,FAIL,PASS,FAIL,PASS,PASS,86
CF02026,FAIL,PASS,FAIL,PASS,PASS,92
CF02027,PASS,PASS,PASS,FAIL,FAIL,99
CF02028,PASS,FAIL,PASS,FAIL,PASS,78
CF02029,PASS,FAIL,FAIL,FAIL,PASS,64
CF02030,PASS,FAIL,FAIL,FAIL,FAIL,97
CF02031,FAIL,FAIL,PASS,FAIL,FAIL,96
CF02032,FAIL,FAIL,FAIL,FAIL,PASS,63
CF02033,PASS,PASS,FAIL,PASS,FAIL,62
CF02034,PASS,FAIL,PASS,FAIL,FAIL,68
CF02035,PASS,FAIL,FAIL,PASS,PASS,99
CF02036,PASS,PASS,FAIL,PASS,FAIL,62
CF02037,PASS,PASS,PASS,PASS,PASS,74
CF02038,PASS,PASS,FAIL,PASS,PASS,65
CF02039,PASS,FAIL,PASS,FAIL,FAIL,73
CF02040,FAIL,FAIL,FAIL,PASS,FAIL,98
CF02041,FAIL,FAIL,FAIL,PASS,PASS,60
CF02042,FAIL,PASS,FAIL,PASS,PASS,94
CF02043,FAIL,FAIL,PASS,FAIL,FAIL,84
CF02044,PASS,PASS,FAIL,FAIL,FAIL,88
CF02045,FAIL,PASS,PASS,FAIL,FAIL,98
CF02046,PASS,FAIL,FAIL,FAIL,PASS,80
CF02047,FAIL,PASS,FAIL,FAIL,PASS,69
CF02048,FAIL,FAIL,PASS,PASS,PASS,68
CF02049,FAIL,FAIL,PASS,FAIL,PASS,69
CF02050,PASS,FAIL,PASS,FAIL,FAIL,96
CF02051,FAIL,PASS,PASS,PASS,FAIL,83
CF02052,FAIL,FAIL,PASS,FAIL,FAIL,64
CF02053,FAIL,FAIL,FAIL,FAIL,PASS,71
CF02054,PASS,FAIL,PASS,PASS,PASS,86
CF02055,FAIL,FAIL,PASS,FAIL,FAIL,76
CF02056,PASS,PASS,FAIL,FAIL,FAIL,76
CF02057,PASS,PASS,FAIL,FAIL,PASS,79
CF02058,FAIL,FAIL,FAIL,FAIL,FAIL,79
CF02059,PASS,FAIL,PASS,FAIL,FAIL,93
CF02060,FAIL,PASS,PASS,FAIL,FAIL,68
CF02061,FAIL,PASS,FAIL,PASS,FAIL,98
CF02062,FAIL,FAIL,FAIL,PASS,FAIL,98
CF02063,FAIL,FAIL,PASS,FAIL,FAIL,93
CF02064,FAIL,FAIL,PASS,PASS,PASS,93
CF02065,FAIL,FAIL,PASS,PASS,PASS,68
CF02066,PASS,PASS,PASS,PASS,FAIL,68
CF02067,PASS,FAIL,FAIL,PASS,FAIL,61
CF02068,FAIL,FAIL,FAIL,PASS,PASS,76
CF02069,FAIL,FAIL,PASS,PASS,PASS,87
CF02070,FAIL,FAIL,FAIL,FAIL,FAIL,74
CF02071,FAIL,FAIL,PASS,FAIL,FAIL,61
CF02072,FAIL,FAIL,PASS,PASS,PASS,69
CF02073,PASS,FAIL,FAIL,PASS,PASS,95
CF02074,FAIL,PASS,FAIL,FAIL,FAIL,96
CF02075,FAIL,FAIL,FAIL,PASS,PASS,95
CF02076,PASS,FAIL,FAIL,PASS,PASS,61
CF02077,PASS,PASS,PASS,FAIL,FAIL,65
CF02078,FAIL,FAIL,PASS,PASS,FAIL,67
CF02079,PASS,FAIL,FAIL,FAIL,FAIL,88
CF02080,FAIL,PASS,PASS,PASS,PASS,77
CF02081,PASS,PASS,FAIL,PASS,PASS,89
CF02082,PASS,PASS,FAIL,FAIL,FAIL,75
CF02083,PASS,FAIL,FAIL,PASS,FAIL,91
CF02084,FAIL,PASS,PASS,FAIL,PASS,98
CF02085,PASS,PASS,PASS,FAIL,PASS,81
CF02086,FAIL,PASS,PASS,FAIL,FAIL,82
CF02087,PASS,PASS,PASS,FAIL,FAIL,82
CF02088,FAIL,PASS,FAIL,PASS,PASS,91
CF02089,FAIL,FAIL,PASS,PASS,FAIL,91
CF02090,FAIL,FAIL,PASS,FAIL,FAIL,69
CF02091,FAIL,PASS,FAIL,PASS,PASS,64
CF02092,PASS,FAIL,PASS,PASS,PASS,71
CF02093,FAIL,FAIL,FAIL,PASS,FAIL,63
CF02094,FAIL,PASS,FAIL,FAIL,PASS,87
CF02095,PASS,PASS,FAIL,FAIL,PASS,78
CF02096,PASS,PASS,FAIL,FAIL,FAIL,97
CF02097,FAIL,PASS,FAIL,PASS,PASS,63
CF02098,FAIL,FAIL,FAIL,FAIL,PASS,77
CF02099,FAIL,PASS,PASS,FAIL,PASS,73
CF02100,PASS,PASS,PASS,FAIL,PASS,71
CF02101,FAIL,PASS,PASS,FAIL,FAIL,95
CF02102,PASS,PASS,FAIL,PASS,FAIL,94
CF02103,FAIL,PASS,FAIL,FAIL,PASS,98
CF02104,FAIL,FAIL,FAIL,FAIL,FAIL,87
CF02105,FAIL,PASS,FAIL,PASS,PASS,93
CF02106,FAIL,FAIL,PASS,PASS,PASS,69
CF02107,PASS,FAIL,PASS,PASS,PASS,96
CF02108,PASS,PASS,FAIL,FAIL,PASS,91
CF02109,PASS,PASS,PASS,FAIL,PASS,64
CF02110,PASS,PASS,FAIL,PASS,FAIL,90
CF02111,PASS,PASS,PASS,PASS,FAIL,72
CF02112,FAIL,PASS,PASS,PASS,PASS,80
CF02113,PASS,PASS,FAIL,FAIL,FAIL,74
CF02114,PASS,PASS,FAIL,FAIL,FAIL,75
CF02115,PASS,PASS,FAIL,PASS,PASS,85
CF02116,FAIL,FAIL,FAIL,FAIL,FAIL,60
CF02117,FAIL,FAIL,PASS,PASS,FAIL,93
CF02118,FAIL,PASS,PASS,PASS,FAIL,90
CF02119,FAIL,PASS,FAIL,FAIL,FAIL,92
CF02120,PASS,FAIL,FAIL,PASS,FAIL,85
CF02121,PASS,PASS,FAIL,PASS,PASS,61
CF02122,FAIL,PASS,PASS,PASS,FAIL,82
CF02123,PASS,FAIL,PASS,PASS,PASS,93
CF02124,PASS,PASS,FAIL,FAIL,PASS,99
CF02125,FAIL,PASS,PASS,PASS,FAIL,89
CF02126,FAIL,PASS,FAIL,FAIL,FAIL,67
CF02127,PASS,FAIL,FAIL,FAIL,FAIL,87
CF02128,FAIL,FAIL,PASS,FAIL,PASS,99
CF02129,PASS,FAIL,FAIL,PASS,FAIL,87
CF02130,PASS,PASS,PASS,FAIL,FAIL,62
CF02131,FAIL,FAIL,PASS,PASS,PASS,99
CF02132,FAIL,FAIL,FAIL,PASS,FAIL,71
CF02133,PASS,PASS,PASS,FAIL,PASS,81
CF02134,FAIL,PASS,PASS,FAIL,PASS,61
CF02135,FAIL,FAIL,PASS,FAIL,PASS,83
CF02136,PASS,FAIL,PASS,PASS,FAIL,65
CF02137,PASS,FAIL,PASS,FAIL,PASS,61
CF02138,PASS,PASS,PASS,PASS,PASS,69
CF02139,PASS,PASS,FAIL,FAIL,FAIL,84
CF02140,FAIL,PASS,FAIL,FAIL,PASS,98
CF02141,FAIL,PASS,PASS,FAIL,PASS,69
CF02142,FAIL,PASS,PASS,PASS,FAIL,66
CF02143,FAIL,FAIL,PASS,PASS,FAIL,86
CF02144,PASS,FAIL,PASS,FAIL,FAIL,80
CF02145,PASS,FAIL,PASS,FAIL,FAIL,64
CF02146,PASS,PASS,PASS,FAIL,PASS,82
CF02147,PASS,FAIL,FAIL,FAIL,PASS,98
CF02148,FAIL,FAIL,FAIL,PASS,PASS,80
CF02149,PASS,FAIL,FAIL,FAIL,PASS,84
CF02150,FAIL,PASS,PASS,PASS,PASS,85
CF02151,FAIL,FAIL,PASS,PASS,PASS,80
CF02152,FAIL,FAIL,PASS,PASS,PASS,82
CF02153,FAIL,PASS,PASS,PASS,PASS,70
CF02154,FAIL,FAIL,FAIL,PASS,PASS,66
CF02155,PASS,PASS,FAIL,FAIL,FAIL,90
CF02156,PASS,FAIL,FAIL,PASS,FAIL,76
CF02157,PASS,FAIL,PASS,PASS,PASS,96
CF02158,FAIL,PASS,PASS,FAIL,PASS,82
CF02159,PASS,PASS,FAIL,FAIL,PASS,77
CF02160,PASS,PASS,PASS,FAIL,PASS,68
CF02161,PASS,FAIL,PASS,PASS,FAIL,97
CF02162,PASS,PASS,FAIL,PASS,FAIL,66
CF02163,PASS,PASS,PASS,FAIL,FAIL,63
CF02164,PASS,PASS,FAIL,PASS,FAIL,76
CF02165,PASS,PASS,FAIL,FAIL,PASS,73
CF02166,PASS,PASS,PASS,PASS,FAIL,92
CF02167,PASS,FAIL,PASS,PASS,FAIL,72
CF02168,FAIL,FAIL,PASS,PASS,PASS,67
CF02169,PASS,FAIL,PASS,PASS,FAIL,62
CF02170,FAIL,FAIL,FAIL,FAIL,FAIL,85
CF02171,PASS,PASS,FAIL,PASS,PASS,63
CF02172,FAIL,FAIL,FAIL,FAIL,PASS,78
CF02173,PASS,PASS,FAIL,PASS,FAIL,62
CF02174,FAIL,PASS,FAIL,FAIL,FAIL,87
CF02175,PASS,PASS,PASS,PASS,FAIL,85
CF02176,FAIL,PASS,PASS,PASS,PASS,88
CF02177,FAIL,PASS,FAIL,PASS,FAIL,87
CF02178,FAIL,PASS,PASS,PASS,FAIL,88
CF02179,FAIL,FAIL,FAIL,PASS,PASS,78
CF02180,FAIL,PASS,PASS,PASS,FAIL,79
CF02181,FAIL,PASS,PASS,FAIL,PASS,95
CF02182,FAIL,PASS,PASS,PASS,FAIL,77
CF02183,PASS,PASS,PASS,PASS,PASS,83
CF02184,PASS,FAIL,FAIL,PASS,PASS,96
CF02185,PASS,PASS,FAIL,FAIL,PASS,92
CF02186,PASS,FAIL,PASS,FAIL,FAIL,71
CF02187,PASS,PASS,PASS,PASS,PASS,71
CF02188,FAIL,FAIL,PASS,FAIL,PASS,67
CF02189,FAIL,FAIL,FAIL,FAIL,PASS,98
CF02190,FAIL,FAIL,PASS,PASS,PASS,81
CF02191,FAIL,FAIL,FAIL,FAIL,FAIL,70
CF02192,FAIL,PASS,PASS,FAIL,PASS,86
CF02193,PASS,PASS,PASS,PASS,PASS,93
CF02194,PASS,FAIL,FAIL,FAIL,PASS,87
CF02195,FAIL,FAIL,FAIL,FAIL,FAIL,62
CF02196,FAIL,PASS,PASS,FAIL,FAIL,68
CF02197,PASS,FAIL,FAIL,PASS,FAIL,95
CF02198,FAIL,PASS,PASS,PASS,PASS,99
CF02199,FAIL,FAIL,FAIL,FAIL,FAIL,84
CF02200,PASS,PASS,FAIL,PASS,PASS,87
CF02201,FAIL,PASS,FAIL,FAIL,PASS,97
CF02202,FAIL,FAIL,FAIL,PASS,FAIL,99
CF02203,PASS,FAIL,PASS,PASS,PASS,76
CF02204,PASS,FAIL,PASS,FAIL,PASS,82
CF02205,FAIL,PASS,PASS,FAIL,PASS,71
CF02206,FAIL,PASS,PASS,PASS,FAIL,95
CF02207,PASS,PASS,PASS,FAIL,FAIL,78
CF02208,FAIL,PASS,PASS,FAIL,FAIL,97
CF02209,FAIL,PASS,FAIL,PASS,FAIL,64
CF02210,FAIL,PASS,FAIL,FAIL,FAIL,89
CF02211,PASS,PASS,PASS,FAIL,PASS,92
CF02212,FAIL,PASS,FAIL,FAIL,PASS,72
CF02213,FAIL,FAIL,FAIL,PASS,PASS,86
CF02214,FAIL,PASS,FAIL,FAIL,FAIL,61
CF02215,PASS,PASS,PASS,FAIL,FAIL,75
CF02216,PASS,FAIL,PASS,FAIL,PASS,76
CF02217,PASS,FAIL,FAIL,PASS,FAIL,97
CF02218,FAIL,FAIL,PASS,FAIL,FAIL,89
CF02219,FAIL,FAIL,PASS,FAIL,FAIL,86
CF02220,PASS,FAIL,FAIL,FAIL,FAIL,63
CF02221,PASS,FAIL,PASS,FAIL,PASS,64
CF02222,PASS,PASS,FAIL,PASS,FAIL,95
CF02223,FAIL,FAIL,PASS,FAIL,PASS,63
CF02224,PASS,PASS,PASS,FAIL,PASS,99
CF02225,PASS,PASS,PASS,FAIL,PASS,95
CF02226,PASS,FAIL,PASS,FAIL,FAIL,74
CF02227,PASS,FAIL,FAIL,PASS,FAIL,83
CF02228,PASS,PASS,PASS,PASS,PASS,65
CF02229,PASS,FAIL,PASS,PASS,FAIL,95
CF02230,PASS,PASS,FAIL,PASS,FAIL,63
CF02231,PASS,PASS,FAIL,FAIL,FAIL,61
CF02232,FAIL,FAIL,PASS,FAIL,PASS,93
CF02233,PASS,FAIL,PASS,PASS,FAIL,77
CF02234,FAIL,PASS,PASS,FAIL,PASS,65
CF02235,PASS,FAIL,FAIL,PASS,PASS,86
CF02236,FAIL,FAIL,PASS,FAIL,FAIL,96
CF02237,FAIL,FAIL,FAIL,FAIL,PASS,73
CF02238,FAIL,PASS,PASS,PASS,PASS,74
CF02239,PASS,PASS,PASS,FAIL,PASS,74
CF02240,PASS,FAIL,FAIL,PASS,FAIL,67
CF02241,PASS,PASS,FAIL,FAIL,PASS,97
CF02242,FAIL,FAIL,PASS,FAIL,FAIL,99
CF02243,PASS,FAIL,PASS,PASS,FAIL,60
CF02244,PASS,FAIL,FAIL,FAIL,FAIL,73
CF02245,FAIL,PASS,FAIL,FAIL,FAIL,87
CF02246,FAIL,PASS,FAIL,PASS,PASS,90
CF02247,FAIL,FAIL,PASS,PASS,PASS,88
CF02248,PASS,FAIL,PASS,FAIL,PASS,86
CF02249,FAIL,PASS,PASS,PASS,PASS,91
CF02250,FAIL,FAIL,FAIL,FAIL,FAIL,99
CF02251,FAIL,FAIL,FAIL,FAIL,PASS,95
CF02252,FAIL,PASS,PASS,PASS,FAIL,87
CF02253,FAIL,FAIL,FAIL,PASS,FAIL,65
CF02254,PASS,FAIL,FAIL,FAIL,FAIL,63
CF02255,PASS,PASS,FAIL,FAIL,PASS,97
CF02256,FAIL,FAIL,FAIL,PASS,FAIL,64
CF02257,PASS,FAIL,FAIL,PASS,FAIL,97
CF02258,FAIL,FAIL,FAIL,FAIL,PASS,70
CF02259,FAIL,FAIL,PASS,PASS,FAIL,60
CF02260,PASS,PASS,PASS,PASS,FAIL,87
CF02261,FAIL,PASS,FAIL,PASS,FAIL,65
CF02262,FAIL,PASS,PASS,FAIL,FAIL,77
CF02263,FAIL,PASS,PASS,FAIL,FAIL,96
CF02264,FAIL,FAIL,PASS,PASS,FAIL,85
CF02265,PASS,PASS,FAIL,FAIL,FAIL,86
CF02266,PASS,PASS,PASS,PASS,PASS,77
CF02267,PASS,FAIL,FAIL,PASS,PASS,83
CF02268,PASS,PASS,FAIL,PASS,PASS,99
CF02269,PASS,FAIL,FAIL,PASS,FAIL,64
CF02270,FAIL,PASS,FAIL,FAIL,FAIL,92
CF02271,FAIL,FAIL,PASS,PASS,PASS,70
CF02272,PASS,PASS,FAIL,PASS,FAIL,77
CF02273,FAIL,FAIL,FAIL,PASS,FAIL,96
CF02274,FAIL,PASS,PASS,FAIL,FAIL,78
CF02275,PASS,PASS,FAIL,PASS,FAIL,65
CF02276,FAIL,FAIL,FAIL,PASS,FAIL,89
CF02277,FAIL,FAIL,FAIL,FAIL,PASS,73
CF02278,FAIL,FAIL,PASS,PASS,FAIL,85
CF02279,PASS,FAIL,FAIL,PASS,PASS,88
CF02280,FAIL,PASS,FAIL,FAIL,PASS,66
CF02281,PASS,FAIL,PASS,FAIL,FAIL,95
CF02282,PASS,FAIL,FAIL,FAIL,PASS,77
CF02283,FAIL,PASS,PASS,FAIL,PASS,60
CF02284,PASS,PASS,PASS,PASS,FAIL,82
CF02285,FAIL,PASS,FAIL,PASS,FAIL,90
CF02286,PASS,PASS,PASS,PASS,FAIL,62
CF02287,FAIL,FAIL,PASS,PASS,PASS,90
CF02288,FAIL,FAIL,FAIL,PASS,PASS,86
CF02289,FAIL,PASS,FAIL,PASS,FAIL,69
CF02290,PASS,FAIL,PASS,PASS,FAIL,95
CF02291,FAIL,FAIL,FAIL,PASS,FAIL,75
CF02292,FAIL,FAIL,PASS,PASS,FAIL,88
CF02293,PASS,PASS,PASS,PASS,PASS,72
CF02294,PASS,PASS,FAIL,PASS,PASS,82
CF02295,FAIL,FAIL,PASS,PASS,PASS,97
CF02296,PASS,PASS,PASS,FAIL,FAIL,61
CF02297,FAIL,FAIL,PASS,FAIL,FAIL,97
CF02298,FAIL,PASS,FAIL,FAIL,PASS,98
CF02299,FAIL,FAIL,FAIL,FAIL,PASS,96
CF02300,FAIL,PASS,FAIL,FAIL,PASS,66
CF02301,FAIL,PASS,PASS,FAIL,FAIL,97
CF02302,PASS,FAIL,PASS,PASS,FAIL,95
CF02303,PASS,PASS,PASS,FAIL,PASS,93
CF02304,FAIL,PASS,FAIL,FAIL,FAIL,64
CF02305,PASS,FAIL,PASS,PASS,PASS,61
CF02306,FAIL,PASS,PASS,PASS,FAIL,83
CF02307,PASS,FAIL,FAIL,FAIL,FAIL,89
CF02308,FAIL,PASS,PASS,FAIL,PASS,61
CF02309,FAIL,PASS,FAIL,PASS,PASS,85
CF02310,PASS,FAIL,FAIL,FAIL,PASS,72
CF02311,PASS,FAIL,FAIL,PASS,PASS,76
CF02312,FAIL,PASS,FAIL,FAIL,PASS,80
CF02313,FAIL,FAIL,PASS,FAIL,FAIL,72
CF02314,FAIL,FAIL,FAIL,PASS,FAIL,67
CF02315,PASS,FAIL,PASS,PASS,PASS,78
CF02316,FAIL,PASS,FAIL,FAIL,PASS,76
CF02317,FAIL,PASS,PASS,PASS,PASS,73
CF02318,FAIL,PASS,PASS,PASS,FAIL,85
CF02319,FAIL,FAIL,PASS,FAIL,FAIL,75
CF02320,PASS,FAIL,FAIL,FAIL,PASS,66
CF02321,FAIL,PASS,FAIL,FAIL,FAIL,76
CF02322,FAIL,PASS,PASS,FAIL,FAIL,85
CF02323,FAIL,FAIL,FAIL,PASS,PASS,96
CF02324,FAIL,PASS,PASS,PASS,PASS,98
CF02325,FAIL,FAIL,PASS,PASS,FAIL,70
CF02326,FAIL,PASS,FAIL,PASS,FAIL,74
CF02327,PASS,FAIL,PASS,PASS,FAIL,64
CF02328,FAIL,FAIL,PASS,PASS,PASS,79
CF02329,PASS,PASS,PASS,FAIL,FAIL,72
CF02330,PASS,FAIL,PASS,PASS,PASS,80
CF02331,FAIL,PASS,FAIL,FAIL,FAIL,91
CF02332,PASS,FAIL,PASS,FAIL,PASS,91
CF02333,PASS,FAIL,PASS,FAIL,FAIL,68
CF02334,FAIL,PASS,PASS,PASS,PASS,96
CF02335,FAIL,PASS,PASS,FAIL,PASS,95
CF02336,FAIL,FAIL,PASS,FAIL,PASS,80
CF02337,FAIL,FAIL,PASS,FAIL,FAIL,96
CF02338,PASS,PASS,FAIL,FAIL,PASS,96
CF02339,FAIL,PASS,PASS,FAIL,PASS,85
CF02340,FAIL,FAIL,FAIL,FAIL,FAIL,94
CF02341,FAIL,FAIL,FAIL,FAIL,FAIL,84
CF02342,FAIL,FAIL,PASS,FAIL,PASS,82
CF02343,PASS,PASS,FAIL,PASS,FAIL,87
CF02344,PASS,PASS,PASS,FAIL,PASS,83
CF02345,FAIL,FAIL,PASS,FAIL,FAIL,81
CF02346,PASS,FAIL,PASS,PASS,PASS,96
CF02347,FAIL,FAIL,FAIL,FAIL,PASS,89
CF02348,PASS,FAIL,PASS,FAIL,FAIL,72
CF02349,FAIL,FAIL,FAIL,PASS,PASS,71
CF02350,PASS,FAIL,FAIL,FAIL,PASS,78
CF02351,PASS,PASS,FAIL,FAIL,PASS,87
CF02352,PASS,FAIL,FAIL,FAIL,PASS,60
CF02353,FAIL,PASS,PASS,FAIL,PASS,87
CF02354,FAIL,FAIL,FAIL,PASS,PASS,64
CF02355,FAIL,PASS,PASS,FAIL,PASS,77
CF02356,PASS,FAIL,PASS,PASS,PASS,63
CF02357,PASS,PASS,FAIL,FAIL,PASS,90
CF02358,PASS,FAIL,PASS,PASS,FAIL,85
CF02359,PASS,PASS,FAIL,PASS,FAIL,77
CF02360,FAIL,PASS,PASS,PASS,FAIL,94
CF02361,FAIL,FAIL,FAIL,FAIL,PASS,84
CF02362,PASS,FAIL,FAIL,FAIL,PASS,61
CF02363,PASS,PASS,FAIL,PASS,PASS,66
CF02364,FAIL,FAIL,PASS,FAIL,FAIL,82
CF02365,PASS,FAIL,PASS,PASS,PASS,80
CF02366,PASS,FAIL,FAIL,PASS,FAIL,76
CF02367,FAIL,FAIL,PASS,PASS,PASS,93
CF02368,PASS,PASS,FAIL,PASS,FAIL,75
CF02369,PASS,PASS,FAIL,FAIL,FAIL,93
CF02370,PASS,PASS,FAIL,FAIL,PASS,77
CF02371,FAIL,FAIL,FAIL,FAIL,PASS,78
CF02372,FAIL,FAIL,FAIL,FAIL,PASS,68
CF02373,PASS,PASS,PASS,PASS,FAIL,99
CF02374,PASS,FAIL,PASS,FAIL,FAIL,91
CF02375,FAIL,PASS,PASS,PASS,PASS,76
CF02376,FAIL,PASS,PASS,PASS,PASS,68
CF02377,PASS,FAIL,PASS,PASS,PASS,95
CF02378,FAIL,PASS,PASS,FAIL,FAIL,79
CF02379,PASS,FAIL,FAIL,PASS,PASS,78
CF02380,FAIL,PASS,FAIL,FAIL,PASS,80
CF02381,FAIL,FAIL,FAIL,PASS,PASS,82
CF02382,PASS,FAIL,PASS,FAIL,FAIL,86
CF02383,FAIL,FAIL,FAIL,FAIL,FAIL,61
CF02384,FAIL,PASS,PASS,PASS,PASS,75
CF02385,FAIL,FAIL,PASS,PASS,FAIL,74
CF02386,PASS,FAIL,FAIL,FAIL,PASS,74
CF02387,PASS,PASS,PASS,PASS,FAIL,89
CF02388,FAIL,PASS,FAIL,PASS,FAIL,65
CF02389,FAIL,FAIL,FAIL,FAIL,FAIL,85
CF02390,FAIL,FAIL,FAIL,PASS,PASS,84
CF02391,FAIL,FAIL,FAIL,PASS,FAIL,92
CF02392,PASS,FAIL,PASS,FAIL,FAIL,88
CF02393,FAIL,PASS,FAIL,PASS,FAIL,78
CF02394,FAIL,PASS,FAIL,FAIL,PASS,84
CF02395,FAIL,FAIL,PASS,PASS,PASS,85
CF02396,FAIL,FAIL,PASS,FAIL,FAIL,64
CF02397,FAIL,FAIL,PASS,PASS,PASS,85
CF02398,FAIL,PASS,FAIL,PASS,FAIL,90
CF02399,PASS,FAIL,PASS,FAIL,FAIL,86
CF02400,FAIL,PASS,FAIL,PASS,PASS,72
CF02401,PASS,PASS,PASS,FAIL,FAIL,70
CF02402,FAIL,PASS,FAIL,PASS,PASS,96
CF02403,PASS,PASS,PASS,FAIL,PASS,78
CF02404,FAIL,FAIL,PASS,FAIL,PASS,73
CF02405,PASS,PASS,PASS,PASS,FAIL,94
CF02406,PASS,FAIL,FAIL,FAIL,PASS,68
CF02407,FAIL,PASS,FAIL,PASS,FAIL,90
CF02408,PASS,FAIL,FAIL,PASS,FAIL,61
CF02409,PASS,PASS,FAIL,FAIL,PASS,96
CF02410,FAIL,PASS,FAIL,FAIL,PASS,65
CF02411,FAIL,FAIL,PASS,FAIL,PASS,73
CF02412,PASS,PASS,FAIL,FAIL,PASS,67
CF02413,PASS,PASS,PASS,PASS,FAIL,82
CF02414,FAIL,PASS,FAIL,PASS,PASS,86
CF02415,FAIL,FAIL,PASS,FAIL,FAIL,87
CF02416,PASS,FAIL,PASS,PASS,PASS,75
CF02417,FAIL,FAIL,PASS,FAIL,FAIL,65
CF02418,PASS,FAIL,FAIL,PASS,FAIL,68
CF02419,PASS,FAIL,FAIL,FAIL,PASS,63
CF02420,FAIL,FAIL,FAIL,FAIL,FAIL,79
CF02421,PASS,PASS,FAIL,FAIL,FAIL,66
CF02422,PASS,FAIL,FAIL,FAIL,PASS,79
CF02423,FAIL,FAIL,PASS,PASS,FAIL,61
CF02424,FAIL,FAIL,PASS,PASS,PASS,79
CF02425,PASS,PASS,PASS,PASS,PASS,86
CF02426,PASS,PASS,PASS,FAIL,FAIL,91
CF02427,FAIL,PASS,PASS,PASS,FAIL,60
CF02428,PASS,FAIL,FAIL,FAIL,PASS,75
CF02429,FAIL,PASS,PASS,FAIL,FAIL,74
CF02430,PASS,FAIL,PASS,FAIL,FAIL,66
CF02431,FAIL,FAIL,PASS,PASS,PASS,85
CF02432,FAIL,FAIL,FAIL,PASS,PASS,63
CF02433,PASS,FAIL,FAIL,FAIL,FAIL,62
CF02434,PASS,FAIL,FAIL,PASS,FAIL,90
CF02435,PASS,FAIL,PASS,PASS,PASS,78
CF02436,PASS,PASS,FAIL,PASS,PASS,80
CF02437,FAIL,FAIL,FAIL,PASS,FAIL,88
CF02438,PASS,PASS,PASS,FAIL,PASS,69
CF02439,PASS,PASS,PASS,PASS,PASS,87
CF02440,PASS,PASS,PASS,PASS,PASS,92
CF02441,PASS,FAIL,PASS,FAIL,FAIL,70
CF02442,PASS,PASS,PASS,PASS,PASS,71
CF02443,FAIL,FAIL,FAIL,FAIL,FAIL,82
CF02444,PASS,PASS,FAIL,PASS,FAIL,90
CF02445,FAIL,PASS,FAIL,FAIL,PASS,99
CF02446,PASS,FAIL,PASS,PASS,FAIL,89
CF02447,FAIL,PASS,FAIL,PASS,PASS,62
CF02448,PASS,FAIL,FAIL,FAIL,PASS,93
CF02449,FAIL,FAIL,PASS,PASS,PASS,77
CF02450,FAIL,FAIL,FAIL,PASS,FAIL,92
CF02451,PASS,FAIL,PASS,PASS,PASS,97
CF02452,PASS,PASS,PASS,PASS,FAIL,62
CF02453,FAIL,PASS,FAIL,PASS,PASS,93
CF02454,PASS,PASS,PASS,FAIL,PASS,83
CF02455,FAIL,PASS,FAIL,FAIL,PASS,72
CF02456,FAIL,PASS,FAIL,PASS,FAIL,64
CF02457,FAIL,PASS,PASS,PASS,PASS,72
CF02458,PASS,FAIL,FAIL,FAIL,PASS,94
CF02459,PASS,PASS,FAIL,PASS,FAIL,90
CF02460,FAIL,PASS,PASS,PASS,FAIL,64
CF02461,PASS,FAIL,FAIL,FAIL,PASS,75
CF02462,PASS,FAIL,FAIL,PASS,PASS,74
CF02463,FAIL,PASS,FAIL,FAIL,PASS,64
CF02464,FAIL,FAIL,FAIL,PASS,PASS,79
CF02465,PASS,FAIL,PASS,PASS,FAIL,92
CF02466,FAIL,FAIL,PASS,FAIL,FAIL,91
CF02467,FAIL,PASS,PASS,PASS,PASS,94
CF02468,FAIL,PASS,FAIL,FAIL,FAIL,95
CF02469,FAIL,FAIL,PASS,PASS,FAIL,93
CF02470,FAIL,FAIL,PASS,FAIL,PASS,69
CF02471,PASS,PASS,FAIL,PASS,PASS,60
CF02472,FAIL,PASS,PASS,FAIL,FAIL,71
CF02473,FAIL,PASS,PASS,PASS,PASS,77
CF02474,PASS,PASS,FAIL,FAIL,FAIL,84
CF02475,FAIL,FAIL,PASS,PASS,PASS,64
CF02476,FAIL,PASS,FAIL,FAIL,PASS,61
CF02477,FAIL,FAIL,FAIL,FAIL,PASS,76
CF02478,PASS,FAIL,PASS,FAIL,PASS,80
CF02479,PASS,PASS,PASS,FAIL,FAIL,79
CF02480,FAIL,FAIL,FAIL,PASS,FAIL,76
CF02481,PASS,PASS,FAIL,FAIL,FAIL,85
CF02482,PASS,FAIL,FAIL,FAIL,PASS,82
CF02483,FAIL,FAIL,PASS,PASS,FAIL,71
CF02484,FAIL,FAIL,PASS,PASS,PASS,75
CF02485,FAIL,PASS,PASS,PASS,PASS,69
CF02486,PASS,PASS,FAIL,PASS,FAIL,84
CF02487,PASS,FAIL,FAIL,PASS,FAIL,79
CF02488,PASS,PASS,FAIL,FAIL,PASS,85
CF02489,FAIL,PASS,PASS,FAIL,FAIL,71
CF02490,PASS,PASS,PASS,PASS,PASS,88
CF02491,PASS,FAIL,FAIL,PASS,FAIL,71
CF02492,FAIL,PASS,FAIL,PASS,FAIL,76
CF02493,FAIL,FAIL,PASS,FAIL,FAIL,73
CF02494,FAIL,FAIL,PASS,FAIL,FAIL,98
CF02495,FAIL,PASS,FAIL,FAIL,PASS,92
CF02496,PASS,FAIL,PASS,FAIL,FAIL,62
CF02497,FAIL,FAIL,PASS,PASS,PASS,73
CF02498,FAIL,PASS,PASS,PASS,FAIL,67
CF02499,FAIL,PASS,PASS,FAIL,FAIL,78
CF02500,PASS,PASS,FAIL,PASS,FAIL,75
CF02501,PASS,PASS,PASS,FAIL,PASS,84
CF02502,PASS,FAIL,PASS,FAIL,FAIL,62
CF02503,PASS,PASS,PASS,FAIL,PASS,92
CF02504,PASS,FAIL,PASS,PASS,PASS,90
CF02505,FAIL,PASS,FAIL,FAIL,FAIL,93
CF02506,PASS,FAIL,PASS,FAIL,FAIL,70
CF02507,FAIL,PASS,FAIL,PASS,FAIL,64
CF02508,PASS,FAIL,FAIL,FAIL,FAIL,90
CF02509,FAIL,PASS,PASS,PASS,PASS,76
CF02510,FAIL,PASS,PASS,FAIL,FAIL,80
CF02511,FAIL,FAIL,FAIL,PASS,PASS,80
CF02512,PASS,FAIL,PASS,FAIL,PASS,80
CF02513,PASS,FAIL,PASS,PASS,FAIL,87
CF02514,PASS,FAIL,PASS,FAIL,FAIL,95
CF02515,PASS,PASS,FAIL,PASS,PASS,86
CF02516,FAIL,PASS,FAIL,PASS,FAIL,73
CF02517,FAIL,PASS,PASS,PASS,FAIL,71
CF02518,PASS,PASS,PASS,FAIL,FAIL,86
CF02519,FAIL,FAIL,FAIL,PASS,FAIL,92
CF02520,PASS,FAIL,PASS,PASS,PASS,96
CF02521,FAIL,PASS,PASS,PASS,FAIL,72
CF02522,PASS,FAIL,FAIL,FAIL,FAIL,65
CF02523,FAIL,PASS,PASS,FAIL,FAIL,80
CF02524,PASS,FAIL,FAIL,FAIL,FAIL,91
CF02525,FAIL,PASS,FAIL,FAIL,PASS,77
CF02526,PASS,PASS,PASS,PASS,PASS,87
CF02527,PASS,PASS,PASS,PASS,FAIL,93
CF02528,FAIL,PASS,FAIL,PASS,FAIL,95
CF02529,PASS,PASS,FAIL,PASS,FAIL,77
CF02530,FAIL,PASS,FAIL,FAIL,FAIL,77
CF02531,FAIL,FAIL,PASS,PASS,FAIL,98
CF02532,PASS,FAIL,PASS,FAIL,PASS,83
CF02533,FAIL,PASS,PASS,FAIL,PASS,73
CF02534,FAIL,FAIL,PASS,FAIL,FAIL,72
CF02535,FAIL,PASS,FAIL,FAIL,FAIL,71
CF02536,PASS,FAIL,PASS,PASS,PASS,99
CF02537,FAIL,PASS,FAIL,PASS,PASS,80
CF02538,FAIL,FAIL,FAIL,FAIL,PASS,80
CF02539,FAIL,FAIL,PASS,PASS,FAIL,89
CF02540,FAIL,FAIL,PASS,FAIL,FAIL,88
CF02541,FAIL,FAIL,PASS,FAIL,PASS,83
CF02542,PASS,FAIL,PASS,PASS,PASS,63
CF02543,FAIL,PASS,FAIL,FAIL,PASS,89
CF02544,PASS,PASS,PASS,FAIL,FAIL,97
CF02545,FAIL,FAIL,PASS,PASS,FAIL,91
CF02546,PASS,FAIL,FAIL,PASS,FAIL,73
CF02547,PASS,PASS,FAIL,PASS,FAIL,76
CF02548,PASS,PASS,FAIL,PASS,PASS,87
CF02549,PASS,PASS,PASS,PASS,PASS,74
CF02550,PASS,PASS,FAIL,PASS,PASS,61
CF02551,FAIL,PASS,PASS,FAIL,FAIL,85
CF02552,PASS,PASS,FAIL,PASS,FAIL,93
CF02553,FAIL,PASS,PASS,PASS,FAIL,64
CF02554,FAIL,FAIL,FAIL,PASS,PASS,87
CF02555,FAIL,PASS,PASS,PASS,FAIL,91
CF02556,FAIL,PASS,PASS,FAIL,FAIL,80
CF02557,FAIL,FAIL,PASS,FAIL,FAIL,84
CF02558,FAIL,PASS,PASS,FAIL,FAIL,82
CF02559,PASS,FAIL,PASS,FAIL,PASS,83
CF02560,PASS,FAIL,PASS,FAIL,PASS,61
CF02561,FAIL,FAIL,FAIL,FAIL,FAIL,84
CF02562,PASS,PASS,PASS,PASS,PASS,86
CF02563,PASS,PASS,FAIL,FAIL,FAIL,91
CF02564,PASS,PASS,FAIL,PASS,PASS,77
CF02565,FAIL,PASS,PASS,FAIL,PASS,99
CF02566,PASS,FAIL,FAIL,FAIL,PASS,93
CF02567,PASS,PASS,FAIL,PASS,FAIL,73
CF02568,PASS,PASS,PASS,FAIL,PASS,70
CF02569,FAIL,PASS,PASS,FAIL,FAIL,71
CF02570,FAIL,FAIL,FAIL,PASS,PASS,72
CF02571,PASS,FAIL,FAIL,FAIL,FAIL,73
CF02572,FAIL,FAIL,PASS,FAIL,FAIL,93
CF02573,FAIL,FAIL,PASS,PASS,PASS,95
CF02574,FAIL,FAIL,PASS,FAIL,PASS,84
CF02575,FAIL,PASS,FAIL,FAIL,PASS,67
CF02576,PASS,PASS,PASS,FAIL,FAIL,92
CF02577,FAIL,PASS,FAIL,PASS,FAIL,88
CF02578,FAIL,PASS,PASS,FAIL,PASS,93
CF02579,PASS,FAIL,FAIL,FAIL,PASS,73
CF02580,PASS,FAIL,PASS,FAIL,FAIL,72
CF02581,PASS,FAIL,PASS,PASS,FAIL,83
CF02582,PASS,FAIL,PASS,FAIL,FAIL,88
CF02583,PASS,FAIL,FAIL,PASS,PASS,96
CF02584,PASS,PASS,FAIL,FAIL,FAIL,93
CF02585,PASS,PASS,PASS,FAIL,FAIL,98
CF02586,PASS,PASS,FAIL,FAIL,FAIL,98
CF02587,PASS,PASS,FAIL,PASS,PASS,90
CF02588,FAIL,PASS,PASS,PASS,PASS,96
CF02589,FAIL,PASS,FAIL,FAIL,FAIL,86
CF02590,PASS,PASS,FAIL,FAIL,PASS,78
CF02591,PASS,PASS,FAIL,FAIL,FAIL,81
CF02592,FAIL,PASS,FAIL,FAIL,FAIL,91
CF02593,PASS,FAIL,PASS,PASS,PASS,68
CF02594,PASS,FAIL,FAIL,PASS,FAIL,67
CF02595,PASS,FAIL,PASS,FAIL,FAIL,71
CF02596,FAIL,PASS,PASS,PASS,FAIL,61
CF02597,FAIL,PASS,FAIL,PASS,FAIL,65
CF02598,FAIL,FAIL,FAIL,FAIL,PASS,85
CF02599,PASS,PASS,PASS,FAIL,FAIL,97
CF02600,FAIL,PASS,PASS,FAIL,PASS,99
CF02601,PASS,PASS,PASS,FAIL,PASS,92
CF02602,PASS,FAIL,FAIL,FAIL,PASS,68
CF02603,PASS,FAIL,FAIL,FAIL,PASS,99
CF02604,PASS,PASS,PASS,FAIL,PASS,95
CF02605,PASS,FAIL,PASS,FAIL,PASS,66
CF02606,FAIL,FAIL,PASS,PASS,FAIL,71
CF02607,PASS,PASS,FAIL,PASS,PASS,80
CF02608,FAIL,PASS,PASS,PASS,FAIL,68
CF02609,PASS,PASS,FAIL,FAIL,FAIL,98
CF02610,PASS,FAIL,FAIL,FAIL,FAIL,76
CF02611,PASS,PASS,FAIL,PASS,FAIL,71
CF02612,PASS,FAIL,PASS,FAIL,FAIL,62
CF02613,PASS,FAIL,FAIL,PASS,PASS,88
CF02614,PASS,PASS,PASS,FAIL,PASS,86
CF02615,PASS,FAIL,PASS,FAIL,FAIL,65
CF02616,PASS,FAIL,PASS,PASS,FAIL,97
CF02617,FAIL,FAIL,FAIL,FAIL,PASS,96
CF02618,PASS,FAIL,PASS,FAIL,PASS,88
CF02619,PASS,FAIL,FAIL,FAIL,PASS,65
CF02620,FAIL,FAIL,PASS,FAIL,FAIL,99
CF02621,PASS,PASS,FAIL,FAIL,PASS,99
CF02622,PASS,PASS,FAIL,FAIL,PASS,85
CF02623,FAIL,PASS,FAIL,PASS,FAIL,62
CF02624,PASS,PASS,FAIL,PASS,FAIL,62
CF02625,FAIL,FAIL,PASS,PASS,PASS,87
CF02626,FAIL,PASS,FAIL,PASS,PASS,82
CF02627,PASS,FAIL,FAIL,PASS,PASS,93
CF02628,FAIL,PASS,PASS,PASS,PASS,84
CF02629,PASS,FAIL,FAIL,PASS,PASS,84
CF02630,FAIL,FAIL,FAIL,PASS,FAIL,96
CF02631,FAIL,PASS,PASS,FAIL,FAIL,78
CF02632,PASS,FAIL,FAIL,PASS,PASS,79
CF02633,PASS,PASS,FAIL,PASS,FAIL,85
CF02634,PASS,FAIL,PASS,FAIL,FAIL,60
CF02635,PASS,FAIL,PASS,FAIL,PASS,67
CF02636,PASS,FAIL,PASS,PASS,FAIL,67
CF02637,PASS,PASS,PASS,FAIL,FAIL,60
CF02638,FAIL,PASS,PASS,FAIL,PASS,68
CF02639,PASS,FAIL,FAIL,FAIL,FAIL,60
CF02640,PASS,PASS,FAIL,PASS,FAIL,86
CF02641,PASS,FAIL,PASS,FAIL,FAIL,69
CF02642,FAIL,FAIL,PASS,PASS,FAIL,84
CF02643,FAIL,PASS,PASS,PASS,FAIL,69
CF02644,FAIL,FAIL,FAIL,FAIL,PASS,66
CF02645,PASS,PASS,PASS,FAIL,FAIL,85
CF02646,PASS,PASS,FAIL,FAIL,PASS,77
CF02647,FAIL,FAIL,FAIL,FAIL,FAIL,80
CF02648,FAIL,PASS,FAIL,PASS,FAIL,71
CF02649,PASS,PASS,FAIL,PASS,PASS,84
CF02650,FAIL,FAIL,FAIL,FAIL,FAIL,93
CF02651,PASS,PASS,PASS,PASS,PASS,70
CF02652,PASS,FAIL,PASS,PASS,PASS,84
CF02653,FAIL,FAIL,PASS,PASS,FAIL,80
CF02654,PASS,FAIL,FAIL,PASS,PASS,90
CF02655,FAIL,FAIL,FAIL,PASS,PASS,63
CF02656,PASS,PASS,PASS,FAIL,FAIL,69
CF02657,PASS,PASS,PASS,FAIL,PASS,85
CF02658,FAIL,FAIL,PASS,PASS,FAIL,94
CF02659,FAIL,FAIL,PASS,PASS,PASS,65
CF02660,PASS,PASS,PASS,FAIL,FAIL,65
CF02661,FAIL,PASS,FAIL,PASS,PASS,90
CF02662,PASS,FAIL,PASS,PASS,PASS,94
CF02663,FAIL,PASS,FAIL,FAIL,FAIL,87
CF02664,PASS,PASS,FAIL,FAIL,PASS,67
CF02665,PASS,FAIL,FAIL,PASS,PASS,77
CF02666,PASS,FAIL,PASS,PASS,PASS,70
CF02667,FAIL,FAIL,PASS,FAIL,FAIL,81
CF02668,PASS,PASS,FAIL,PASS,PASS,63
CF02669,PASS,FAIL,PASS,PASS,FAIL,91
CF02670,PASS,PASS,PASS,PASS,PASS,72
CF02671,PASS,PASS,PASS,PASS,PASS,60
CF02672,PASS,FAIL,FAIL,FAIL,PASS,98
CF02673,FAIL,FAIL,FAIL,FAIL,FAIL,91
CF02674,PASS,PASS,PASS,FAIL,PASS,61
CF02675,FAIL,PASS,PASS,PASS,PASS,77
CF02676,FAIL,PASS,FAIL,PASS,FAIL,77
CF02677,PASS,PASS,PASS,PASS,PASS,85
CF02678,PASS,PASS,FAIL,FAIL,PASS,65
CF02679,PASS,PASS,FAIL,PASS,FAIL,62
CF02680,FAIL,PASS,PASS,PASS,FAIL,62
CF02681,FAIL,PASS,FAIL,PASS,FAIL,80
CF02682,FAIL,FAIL,PASS,FAIL,FAIL,92
CF02683,PASS,PASS,PASS,PASS,FAIL,70
CF02684,FAIL,PASS,PASS,PASS,PASS,88
CF02685,FAIL,PASS,FAIL,FAIL,PASS,79
CF02686,FAIL,FAIL,FAIL,FAIL,FAIL,79
CF02687,PASS,PASS,PASS,PASS,FAIL,82
CF02688,FAIL,PASS,PASS,PASS,PASS,79
CF02689,PASS,PASS,FAIL,FAIL,FAIL,64
CF02690,PASS,FAIL,PASS,PASS,FAIL,63
CF02691,PASS,PASS,FAIL,FAIL,FAIL,97
CF02692,PASS,PASS,PASS,FAIL,FAIL,96
CF02693,PASS,PASS,PASS,PASS,PASS,66
CF02694,FAIL,FAIL,FAIL,PASS,FAIL,71
CF02695,PASS,FAIL,PASS,FAIL,FAIL,96
CF02696,FAIL,PASS,FAIL,PASS,PASS,85
CF02697,FAIL,FAIL,FAIL,FAIL,FAIL,82
CF02698,FAIL,FAIL,PASS,FAIL,PASS,88
CF02699,PASS,FAIL,PASS,PASS,FAIL,86
CF02700,FAIL,PASS,FAIL,PASS,FAIL,98
CF02701,FAIL,FAIL,PASS,PASS,FAIL,63
CF02702,FAIL,FAIL,FAIL,PASS,PASS,69
CF02703,FAIL,PASS,FAIL,PASS,FAIL,77
CF02704,PASS,PASS,FAIL,FAIL,FAIL,78
CF02705,FAIL,PASS,PASS,PASS,FAIL,65
CF02706,FAIL,PASS,FAIL,FAIL,PASS,66
CF02707,PASS,PASS,PASS,PASS,PASS,94
CF02708,PASS,FAIL,PASS,PASS,FAIL,86
CF02709,PASS,PASS,PASS,PASS,FAIL,85
CF02710,PASS,PASS,FAIL,PASS,FAIL,63
CF02711,PASS,FAIL,FAIL,PASS,PASS,64
CF02712,FAIL,FAIL,FAIL,PASS,PASS,62
CF02713,FAIL,PASS,PASS,PASS,PASS,73
CF02714,PASS,FAIL,PASS,PASS,PASS,61
CF02715,PASS,FAIL,FAIL,FAIL,PASS,68
CF02716,FAIL,PASS,PASS,PASS,FAIL,85
CF02717,FAIL,PASS,FAIL,PASS,FAIL,68
CF02718,FAIL,FAIL,PASS,PASS,FAIL,82
CF02719,FAIL,FAIL,FAIL,FAIL,FAIL,62
CF02720,PASS,FAIL,PASS,FAIL,FAIL,66
CF02721,FAIL,PASS,PASS,FAIL,FAIL,64
CF02722,FAIL,FAIL,PASS,PASS,FAIL,96
CF02723,FAIL,FAIL,FAIL,FAIL,FAIL,98
CF02724,FAIL,PASS,FAIL,FAIL,PASS,85
CF02725,FAIL,PASS,PASS,FAIL,FAIL,72
CF02726,PASS,PASS,FAIL,PASS,PASS,94
CF02727,PASS,FAIL,PASS,PASS,FAIL,92
CF02728,FAIL,PASS,FAIL,PASS,PASS,93
CF02729,FAIL,PASS,FAIL,PASS,PASS,67
CF02730,PASS,FAIL,PASS,FAIL,FAIL,79
CF02731,PASS,FAIL,FAIL,PASS,FAIL,87
CF02732,FAIL,PASS,FAIL,FAIL,PASS,85
CF02733,PASS,FAIL,PASS,PASS,FAIL,89
CF02734,FAIL,FAIL,PASS,FAIL,PASS,73
CF02735,FAIL,FAIL,PASS,PASS,FAIL,85
CF02736,FAIL,FAIL,PASS,FAIL,PASS,70
CF02737,PASS,PASS,PASS,PASS,FAIL,60
CF02738,PASS,FAIL,PASS,PASS,FAIL,93
CF02739,FAIL,PASS,FAIL,PASS,FAIL,98
CF02740,FAIL,PASS,FAIL,FAIL,PASS,75
CF02741,FAIL,PASS,FAIL,PASS,PASS,70
CF02742,PASS,PASS,FAIL,PASS,PASS,84
CF02743,PASS,FAIL,PASS,PASS,FAIL,71
CF02744,FAIL,PASS,PASS,PASS,PASS,95
CF02745,FAIL,FAIL,PASS,PASS,FAIL,69
CF02746,FAIL,PASS,PASS,PASS,PASS,95
CF02747,FAIL,PASS,PASS,PASS,PASS,98
CF02748,FAIL,FAIL,FAIL,FAIL,FAIL,67
CF02749,PASS,FAIL,PASS,PASS,PASS,97
CF02750,FAIL,PASS,PASS,PASS,FAIL,60
CF02751,FAIL,PASS,PASS,PASS,FAIL,81
CF02752,FAIL,FAIL,FAIL,FAIL,FAIL,84
CF02753,FAIL,FAIL,PASS,FAIL,PASS,77
CF02754,FAIL,FAIL,PASS,FAIL,FAIL,79
CF02755,PASS,FAIL,FAIL,PASS,FAIL,85
CF02756,FAIL,FAIL,FAIL,FAIL,PASS,63
CF02757,FAIL,PASS,PASS,PASS,FAIL,64
CF02758,PASS,PASS,PASS,PASS,PASS,94
CF02759,FAIL,FAIL,FAIL,PASS,FAIL,68
CF02760,PASS,FAIL,FAIL,PASS,PASS,68
CF02761,PASS,PASS,PASS,FAIL,FAIL,66
CF02762,FAIL,PASS,FAIL,FAIL,PASS,78
CF02763,PASS,PASS,PASS,FAIL,FAIL,91
CF02764,PASS,PASS,FAIL,FAIL,FAIL,61
CF02765,FAIL,PASS,FAIL,FAIL,FAIL,75
CF02766,PASS,FAIL,FAIL,FAIL,PASS,74
CF02767,FAIL,PASS,PASS,PASS,FAIL,61
CF02768,FAIL,PASS,FAIL,FAIL,PASS,65
CF02769,PASS,FAIL,FAIL,PASS,FAIL,98
CF02770,PASS,FAIL,PASS,PASS,PASS,97
CF02771,PASS,PASS,FAIL,PASS,FAIL,77
CF02772,PASS,FAIL,PASS,FAIL,PASS,97
CF02773,PASS,PASS,FAIL,FAIL,FAIL,77
CF02774,FAIL,PASS,PASS,FAIL,PASS,80
CF02775,FAIL,FAIL,PASS,PASS,PASS,79
CF02776,PASS,FAIL,PASS,PASS,PASS,83
CF02777,PASS,FAIL,FAIL,FAIL,PASS,69
CF02778,PASS,FAIL,PASS,PASS,PASS,69
CF02779,PASS,FAIL,FAIL,PASS,FAIL,79
CF02780,PASS,FAIL,PASS,FAIL,FAIL,68
CF02781,PASS,PASS,PASS,FAIL,PASS,95
CF02782,PASS,FAIL,PASS,FAIL,PASS,96
CF02783,FAIL,FAIL,FAIL,FAIL,PASS,91
CF02784,PASS,PASS,PASS,FAIL,PASS,81
CF02785,PASS,PASS,FAIL,PASS,FAIL,80
CF02786,FAIL,FAIL,FAIL,PASS,FAIL,73
CF02787,FAIL,PASS,FAIL,PASS,PASS,87
CF02788,PASS,FAIL,PASS,FAIL,FAIL,70
CF02789,PASS,FAIL,FAIL,FAIL,PASS,94
CF02790,FAIL,FAIL,PASS,PASS,FAIL,77
CF02791,FAIL,FAIL,PASS,PASS,PASS,81
CF02792,PASS,FAIL,PASS,FAIL,PASS,80
CF02793,PASS,PASS,FAIL,FAIL,FAIL,99
CF02794,PASS,FAIL,FAIL,FAIL,FAIL,67
CF02795,PASS,FAIL,PASS,PASS,PASS,76
CF02796,PASS,PASS,PASS,FAIL,FAIL,68
CF02797,FAIL,FAIL,FAIL,FAIL,FAIL,64
CF02798,FAIL,FAIL,FAIL,PASS,PASS,75
CF02799,PASS,FAIL,PASS,PASS,PASS,87
CF02800,PASS,FAIL,FAIL,PASS,PASS,86
CF02801,FAIL,PASS,FAIL,FAIL,PASS,60
CF02802,PASS,FAIL,PASS,PASS,PASS,87
CF02803,FAIL,FAIL,FAIL,FAIL,PASS,85
CF02804,PASS,FAIL,FAIL,PASS,FAIL,67
CF02805,PASS,PASS,FAIL,FAIL,FAIL,82
CF02806,PASS,FAIL,FAIL,FAIL,PASS,78
CF02807,PASS,FAIL,FAIL,PASS,FAIL,91
CF02808,PASS,FAIL,PASS,PASS,PASS,67
CF02809,PASS,FAIL,FAIL,PASS,FAIL,73
CF02810,PASS,PASS,PASS,FAIL,FAIL,93
CF02811,PASS,PASS,FAIL,FAIL,FAIL,90
CF02812,PASS,PASS,FAIL,FAIL,FAIL,62
CF02813,FAIL,PASS,FAIL,FAIL,PASS,78
CF02814,FAIL,FAIL,PASS,FAIL,PASS,69
CF02815,PASS,PASS,FAIL,PASS,FAIL,85
CF02816,FAIL,PASS,FAIL,PASS,FAIL,81
CF02817,FAIL,PASS,PASS,FAIL,FAIL,84
CF02818,PASS,FAIL,FAIL,PASS,PASS,66
CF02819,PASS,PASS,PASS,FAIL,PASS,79
CF02820,PASS,PASS,FAIL,FAIL,PASS,95
CF02821,PASS,FAIL,FAIL,FAIL,PASS,70
CF02822,FAIL,PASS,PASS,PASS,FAIL,96
CF02823,FAIL,FAIL,PASS,PASS,PASS,66
CF02824,PASS,PASS,PASS,FAIL,PASS,68
CF02825,PASS,PASS,FAIL,PASS,FAIL,99
CF02826,PASS,PASS,PASS,PASS,PASS,71
CF02827,FAIL,PASS,FAIL,PASS,PASS,85
CF02828,FAIL,PASS,PASS,FAIL,PASS,92
CF02829,PASS,PASS,FAIL,FAIL,FAIL,64
CF02830,FAIL,PASS,PASS,FAIL,PASS,92
CF02831,PASS,PASS,PASS,PASS,FAIL,73
CF02832,FAIL,PASS,PASS,FAIL,FAIL,98
CF02833,PASS,PASS,FAIL,PASS,PASS,89
CF02834,FAIL,PASS,PASS,PASS,PASS,90
CF02835,PASS,FAIL,FAIL,FAIL,PASS,82
CF02836,FAIL,PASS,FAIL,PASS,FAIL,68
CF02837,PASS,FAIL,FAIL,FAIL,PASS,74
CF02838,PASS,PASS,PASS,PASS,PASS,80
CF02839,PASS,FAIL,FAIL,FAIL,PASS,89
CF02840,FAIL,FAIL,FAIL,PASS,PASS,67
CF02841,PASS,FAIL,PASS,FAIL,FAIL,76
CF02842,FAIL,PASS,FAIL,FAIL,FAIL,61
CF02843,FAIL,PASS,PASS,FAIL,PASS,65
CF02844,PASS,PASS,FAIL,PASS,PASS,87
CF02845,PASS,FAIL,PASS,FAIL,FAIL,64
CF02846,PASS,FAIL,PASS,PASS,PASS,72
CF02847,FAIL,PASS,PASS,PASS,PASS,73
CF02848,PASS,FAIL,PASS,PASS,PASS,84
CF02849,PASS,PASS,PASS,PASS,FAIL,68
CF02850,PASS,FAIL,FAIL,PASS,FAIL,69
CF02851,PASS,PASS,PASS,FAIL,PASS,61
CF02852,FAIL,FAIL,PASS,FAIL,PASS,96
CF02853,FAIL,PASS,FAIL,PASS,PASS,88
CF02854,PASS,FAIL,FAIL,PASS,PASS,90
CF02855,FAIL,PASS,PASS,FAIL,FAIL,81
CF02856,FAIL,PASS,FAIL,PASS,FAIL,81
CF02857,PASS,PASS,FAIL,FAIL,FAIL,63
CF02858,PASS,PASS,FAIL,PASS,FAIL,78
CF02859,FAIL,FAIL,FAIL,FAIL,FAIL,94
CF02860,PASS,FAIL,FAIL,PASS,PASS,94
CF02861,FAIL,FAIL,FAIL,PASS,PASS,67
CF02862,PASS,FAIL,FAIL,FAIL,PASS,95
CF02863,PASS,FAIL,FAIL,PASS,FAIL,63
CF02864,PASS,PASS,FAIL,PASS,FAIL,74
CF02865,PASS,PASS,FAIL,FAIL,FAIL,70
CF02866,PASS,FAIL,PASS,PASS,FAIL,80
CF02867,PASS,FAIL,FAIL,PASS,FAIL,64
CF02868,FAIL,PASS,PASS,PASS,PASS,95
CF02869,FAIL,PASS,FAIL,FAIL,PASS,67
CF02870,FAIL,PASS,FAIL,PASS,PASS,79
CF02871,FAIL,FAIL,PASS,PASS,FAIL,90
CF02872,FAIL,PASS,FAIL,PASS,PASS,90
CF02873,FAIL,FAIL,FAIL,FAIL,FAIL,74
CF02874,PASS,FAIL,PASS,FAIL,FAIL,66
CF02875,PASS,PASS,PASS,FAIL,FAIL,75
CF02876,FAIL,FAIL,FAIL,PASS,PASS,95
CF02877,PASS,FAIL,FAIL,FAIL,FAIL,82
CF02878,FAIL,FAIL,PASS,FAIL,PASS,80
CF02879,FAIL,PASS,FAIL,PASS,FAIL,62
CF02880,FAIL,FAIL,PASS,FAIL,FAIL,98
CF02881,PASS,PASS,PASS,PASS,PASS,60
CF02882,FAIL,PASS,FAIL,FAIL,FAIL,62
CF02883,FAIL,PASS,FAIL,PASS,FAIL,91
CF02884,FAIL,FAIL,FAIL,FAIL,PASS,86
CF02885,FAIL,PASS,FAIL,FAIL,PASS,64
CF02886,FAIL,PASS,PASS,FAIL,PASS,77
CF02887,FAIL,PASS,FAIL,PASS,PASS,99
CF02888,PASS,FAIL,FAIL,PASS,FAIL,72
CF02889,PASS,FAIL,PASS,PASS,FAIL,91
CF02890,FAIL,FAIL,PASS,FAIL,PASS,90
CF02891,PASS,PASS,FAIL,FAIL,FAIL,96
CF02892,PASS,FAIL,PASS,FAIL,FAIL,92
CF02893,FAIL,PASS,PASS,PASS,PASS,99
CF02894,FAIL,FAIL,FAIL,FAIL,PASS,76
CF02895,PASS,FAIL,FAIL,FAIL,PASS,91
CF02896,PASS,PASS,FAIL,FAIL,FAIL,70
CF02897,FAIL,PASS,FAIL,PASS,PASS,64
CF02898,PASS,PASS,FAIL,PASS,FAIL,97
CF02899,FAIL,FAIL,FAIL,FAIL,FAIL,76
CF02900,FAIL,PASS,PASS,FAIL,PASS,66
CF02901,FAIL,FAIL,FAIL,FAIL,FAIL,68
CF02902,PASS,PASS,PASS,FAIL,FAIL,64
CF02903,PASS,FAIL,PASS,PASS,FAIL,78
CF02904,FAIL,PASS,FAIL,PASS,PASS,94
CF02905,FAIL,FAIL,PASS,FAIL,PASS,73
CF02906,PASS,FAIL,FAIL,FAIL,FAIL,95
CF02907,FAIL,FAIL,FAIL,FAIL,FAIL,92
CF02908,FAIL,PASS,PASS,PASS,FAIL,72
CF02909,PASS,FAIL,PASS,PASS,PASS,70
CF02910,PASS,PASS,PASS,FAIL,PASS,86
CF02911,PASS,FAIL,FAIL,FAIL,PASS,92
CF02912,FAIL,PASS,PASS,FAIL,FAIL,91
CF02913,FAIL,FAIL,PASS,PASS,FAIL,78
CF02914,PASS,FAIL,PASS,FAIL,PASS,76
CF02915,PASS,FAIL,PASS,PASS,PASS,95
CF02916,PASS,PASS,FAIL,FAIL,FAIL,93
CF02917,PASS,FAIL,PASS,FAIL,PASS,93
CF02918,PASS,FAIL,FAIL,PASS,PASS,78
CF02919,PASS,PASS,PASS,FAIL,FAIL,86
CF02920,FAIL,FAIL,PASS,PASS,FAIL,69
CF02921,FAIL,PASS,FAIL,PASS,PASS,71
CF02922,FAIL,PASS,PASS,PASS,FAIL,66
CF02923,PASS,FAIL,PASS,PASS,FAIL,91
CF02924,PASS,FAIL,PASS,PASS,PASS,62
CF02925,FAIL,FAIL,PASS,FAIL,PASS,91
CF02926,PASS,FAIL,PASS,FAIL,PASS,95
CF02927,FAIL,PASS,FAIL,FAIL,PASS,92
CF02928,PASS,FAIL,PASS,PASS,FAIL,83
CF02929,FAIL,PASS,FAIL,PASS,FAIL,80
CF02930,FAIL,FAIL,PASS,FAIL,FAIL,98
CF02931,PASS,FAIL,PASS,PASS,FAIL,83
CF02932,PASS,FAIL,FAIL,PASS,PASS,96
CF02933,FAIL,FAIL,FAIL,FAIL,FAIL,63
CF02934,PASS,FAIL,FAIL,FAIL,FAIL,92
CF02935,PASS,PASS,PASS,PASS,PASS,90
CF02936,FAIL,FAIL,PASS,FAIL,PASS,67
CF02937,PASS,FAIL,PASS,FAIL,PASS,83
CF02938,FAIL,FAIL,FAIL,FAIL,PASS,66
CF02939,FAIL,PASS,FAIL,FAIL,PASS,83
CF02940,PASS,FAIL,FAIL,FAIL,PASS,76
CF02941,PASS,FAIL,PASS,PASS,FAIL,65
CF02942,PASS,FAIL,PASS,PASS,FAIL,63
CF02943,FAIL,FAIL,PASS,FAIL,PASS,71
CF02944,PASS,FAIL,FAIL,PASS,FAIL,81
CF02945,FAIL,FAIL,FAIL,PASS,FAIL,86
CF02946,PASS,FAIL,PASS,FAIL,FAIL,65
CF02947,PASS,PASS,FAIL,PASS,PASS,80
CF02948,PASS,PASS,FAIL,PASS,PASS,68
CF02949,PASS,FAIL,PASS,FAIL,PASS,88
CF02950,PASS,FAIL,PASS,FAIL,FAIL,71
CF02951,PASS,FAIL,PASS,PASS,PASS,98
CF02952,PASS,PASS,PASS,PASS,PASS,76
CF02953,FAIL,PASS,FAIL,FAIL,FAIL,91
CF02954,FAIL,FAIL,PASS,FAIL,PASS,98
CF02955,FAIL,FAIL,PASS,PASS,FAIL,71
CF02956,PASS,PASS,PASS,FAIL,FAIL,72
CF02957,FAIL,FAIL,FAIL,FAIL,PASS,93
CF02958,PASS,PASS,FAIL,PASS,FAIL,81
CF02959,PASS,FAIL,FAIL,PASS,FAIL,61
CF02960,FAIL,PASS,PASS,PASS,PASS,83
CF02961,FAIL,PASS,PASS,FAIL,FAIL,86
CF02962,FAIL,FAIL,FAIL,FAIL,FAIL,85
CF02963,PASS,PASS,PASS,PASS,PASS,81
CF02964,FAIL,PASS,FAIL,PASS,PASS,85
CF02965,FAIL,FAIL,FAIL,FAIL,PASS,79
CF02966,FAIL,FAIL,FAIL,PASS,FAIL,71
CF02967,FAIL,PASS,PASS,FAIL,PASS,92
CF02968,PASS,PASS,FAIL,FAIL,FAIL,79
CF02969,FAIL,FAIL,FAIL,PASS,FAIL,78
CF02970,FAIL,PASS,PASS,PASS,PASS,73
CF02971,PASS,FAIL,FAIL,FAIL,PASS,85
CF02972,FAIL,FAIL,FAIL,PASS,FAIL,61
CF02973,FAIL,FAIL,FAIL,PASS,PASS,96
CF02974,FAIL,FAIL,FAIL,FAIL,PASS,95
CF02975,PASS,PASS,FAIL,PASS,PASS,73
CF02976,PASS,FAIL,FAIL,PASS,FAIL,63
CF02977,FAIL,PASS,FAIL,FAIL,PASS,85
CF02978,PASS,FAIL,FAIL,PASS,FAIL,75
CF02979,FAIL,FAIL,PASS,PASS,FAIL,69
CF02980,PASS,FAIL,PASS,PASS,FAIL,80
CF02981,PASS,PASS,FAIL,PASS,PASS,66
CF02982,FAIL,PASS,PASS,FAIL,FAIL,97
CF02983,PASS,FAIL,PASS,PASS,FAIL,76
CF02984,PASS,FAIL,PASS,FAIL,PASS,61
CF02985,FAIL,PASS,PASS,PASS,FAIL,63
CF02986,FAIL,FAIL,PASS,FAIL,FAIL,70
CF02987,PASS,FAIL,PASS,PASS,PASS,66
CF02988,PASS,FAIL,PASS,PASS,FAIL,61
CF02989,PASS,FAIL,PASS,FAIL,PASS,79
CF02990,FAIL,PASS,PASS,FAIL,PASS,94
CF02991,PASS,FAIL,FAIL,FAIL,PASS,73
CF02992,FAIL,FAIL,FAIL,PASS,PASS,83
CF02993,FAIL,FAIL,FAIL,PASS,PASS,89
CF02994,FAIL,FAIL,PASS,FAIL,PASS,71
CF02995,PASS,FAIL,FAIL,PASS,PASS,81
CF02996,FAIL,FAIL,PASS,FAIL,PASS,71
CF02997,PASS,FAIL,FAIL,FAIL,PASS,97
CF02998,FAIL,FAIL,PASS,PASS,FAIL,67
CF02999,PASS,FAIL,PASS,FAIL,PASS,78
CF03000,FAIL,PASS,PASS,FAIL,FAIL,84
CF03001,PASS,FAIL,PASS,FAIL,FAIL,82
CF03002,PASS,FAIL,FAIL,PASS,PASS,88
CF03003,FAIL,FAIL,PASS,PASS,PASS,61
CF03004,FAIL,PASS,PASS,PASS,PASS,86
CF03005,PASS,FAIL,PASS,PASS,PASS,96
CF03006,FAIL,FAIL,PASS,PASS,FAIL,92
CF03007,FAIL,FAIL,FAIL,FAIL,PASS,66
CF03008,PASS,PASS,PASS,PASS,PASS,85
CF03009,FAIL,FAIL,PASS,FAIL,FAIL,67
CF03010,PASS,FAIL,FAIL,PASS,PASS,93
CF03011,FAIL,FAIL,PASS,PASS,PASS,73
CF03012,PASS,FAIL,FAIL,PASS,PASS,62
CF03013,FAIL,PASS,FAIL,PASS,PASS,84
CF03014,PASS,FAIL,PASS,PASS,FAIL,61
CF03015,PASS,FAIL,PASS,FAIL,FAIL,68
CF03016,FAIL,FAIL,PASS,FAIL,FAIL,73
CF03017,PASS,PASS,PASS,PASS,PASS,64
CF03018,FAIL,FAIL,PASS,PASS,PASS,92
CF03019,FAIL,PASS,PASS,FAIL,FAIL,60
CF03020,PASS,FAIL,FAIL,PASS,FAIL,91
CF03021,FAIL,PASS,FAIL,PASS,FAIL,76
CF03022,FAIL,FAIL,PASS,FAIL,FAIL,63
CF03023,PASS,FAIL,FAIL,FAIL,PASS,73
CF03024,PASS,FAIL,FAIL,FAIL,FAIL,86
CF03025,PASS,PASS,PASS,FAIL,PASS,72
CF03026,FAIL,PASS,FAIL,FAIL,PASS,75
CF03027,PASS,FAIL,FAIL,PASS,FAIL,89
CF03028,PASS,PASS,PASS,FAIL,PASS,66
CF03029,FAIL,PASS,FAIL,FAIL,PASS,95
CF03030,FAIL,FAIL,PASS,FAIL,FAIL,73
CF03031,PASS,FAIL,FAIL,PASS,PASS,63
CF03032,FAIL,FAIL,FAIL,FAIL,FAIL,72
CF03033,PASS,FAIL,PASS,PASS,PASS,90
CF03034,PASS,PASS,PASS,FAIL,FAIL,92
CF03035,PASS,FAIL,PASS,FAIL,FAIL,69
CF03036,PASS,FAIL,FAIL,FAIL,FAIL,66
CF03037,PASS,PASS,FAIL,FAIL,FAIL,93
CF03038,FAIL,PASS,PASS,FAIL,FAIL,88
CF03039,FAIL,FAIL,FAIL,FAIL,PASS,98
CF03040,PASS,FAIL,PASS,FAIL,FAIL,71
CF03041,PASS,FAIL,FAIL,PASS,FAIL,70
CF03042,FAIL,FAIL,FAIL,PASS,PASS,71
CF03043,FAIL,PASS,FAIL,PASS,PASS,66
CF03044,FAIL,PASS,PASS,PASS,PASS,88
CF03045,FAIL,FAIL,FAIL,FAIL,FAIL,89
CF03046,PASS,PASS,PASS,FAIL,PASS,70
CF03047,PASS,PASS,PASS,PASS,PASS,78
CF03048,PASS,PASS,FAIL,FAIL,FAIL,60
CF03049,PASS,PASS,PASS,FAIL,FAIL,72
CF03050,FAIL,PASS,PASS,FAIL,FAIL,87
CF03051,FAIL,FAIL,FAIL,FAIL,PASS,96
CF03052,FAIL,FAIL,PASS,PASS,FAIL,62
CF03053,PASS,FAIL,PASS,PASS,PASS,65
CF03054,PASS,FAIL,FAIL,PASS,FAIL,90
CF03055,FAIL,FAIL,FAIL,PASS,FAIL,62
CF03056,FAIL,PASS,FAIL,PASS,PASS,92
CF03057,PASS,FAIL,FAIL,FAIL,FAIL,91
CF03058,PASS,FAIL,FAIL,PASS,FAIL,67
CF03059,FAIL,PASS,PASS,FAIL,PASS,65
CF03060,FAIL,PASS,PASS,PASS,PASS,66
CF03061,FAIL,PASS,PASS,FAIL,FAIL,94
CF03062,FAIL,PASS,FAIL,FAIL,PASS,69
CF03063,PASS,PASS,FAIL,FAIL,FAIL,64
CF03064,FAIL,FAIL,FAIL,FAIL,FAIL,60
CF03065,FAIL,FAIL,FAIL,FAIL,FAIL,81
CF03066,PASS,FAIL,FAIL,PASS,FAIL,89
CF03067,PASS,PASS,FAIL,FAIL,FAIL,79
CF03068,PASS,PASS,PASS,PASS,FAIL,87
CF03069,FAIL,PASS,FAIL,FAIL,PASS,72
CF03070,FAIL,PASS,PASS,PASS,PASS,70
CF03071,FAIL,FAIL,FAIL,PASS,FAIL,71
CF03072,FAIL,FAIL,PASS,PASS,PASS,64
CF03073,FAIL,PASS,FAIL,FAIL,FAIL,92
CF03074,PASS,PASS,FAIL,FAIL,PASS,74
CF03075,FAIL,PASS,PASS,FAIL,FAIL,97
CF03076,PASS,PASS,FAIL,PASS,FAIL,62
CF03077,PASS,PASS,FAIL,FAIL,FAIL,64
CF03078,FAIL,FAIL,PASS,FAIL,PASS,92
CF03079,PASS,FAIL,FAIL,FAIL,FAIL,61
CF03080,FAIL,PASS,FAIL,FAIL,FAIL,73
CF03081,PASS,FAIL,FAIL,FAIL,FAIL,69
CF03082,PASS,PASS,PASS,FAIL,FAIL,97
CF03083,PASS,PASS,FAIL,PASS,PASS,83
CF03084,PASS,PASS,FAIL,PASS,FAIL,92
CF03085,PASS,FAIL,PASS,PASS,FAIL,78
CF03086,FAIL,FAIL,PASS,FAIL,FAIL,90
CF03087,FAIL,PASS,PASS,PASS,FAIL,87
CF03088,PASS,PASS,PASS,FAIL,PASS,72
CF03089,FAIL,PASS,FAIL,FAIL,PASS,71
CF03090,FAIL,FAIL,FAIL,FAIL,FAIL,69
CF03091,FAIL,PASS,PASS,FAIL,PASS,80
CF03092,PASS,PASS,PASS,FAIL,FAIL,90
CF03093,FAIL,PASS,PASS,PASS,FAIL,78
CF03094,FAIL,FAIL,PASS,PASS,FAIL,66
CF03095,PASS,PASS,PASS,FAIL,PASS,94
CF03096,FAIL,PASS,FAIL,PASS,FAIL,98
CF03097,PASS,PASS,PASS,FAIL,FAIL,90
CF03098,FAIL,PASS,FAIL,FAIL,FAIL,85
CF03099,FAIL,PASS,FAIL,FAIL,FAIL,94
CF03100,PASS,FAIL,FAIL,PASS,PASS,87
CF03101,FAIL,FAIL,PASS,FAIL,PASS,86
CF03102,PASS,PASS,PASS,FAIL,FAIL,95
CF03103,FAIL,PASS,FAIL,FAIL,FAIL,82
CF03104,FAIL,PASS,PASS,PASS,PASS,81
CF03105,PASS,PASS,PASS,FAIL,FAIL,60
CF03106,PASS,FAIL,FAIL,FAIL,PASS,78
CF03107,FAIL,FAIL,FAIL,PASS,PASS,66
CF03108,FAIL,FAIL,PASS,PASS,FAIL,97
CF03109,FAIL,FAIL,FAIL,PASS,FAIL,90
CF03110,PASS,FAIL,FAIL,FAIL,PASS,61
CF03111,FAIL,PASS,FAIL,PASS,FAIL,84
CF03112,FAIL,FAIL,PASS,FAIL,PASS,63
CF03113,FAIL,FAIL,FAIL,PASS,PASS,72
CF03114,PASS,PASS,PASS,FAIL,PASS,65
CF03115,FAIL,PASS,FAIL,FAIL,PASS,69
CF03116,PASS,FAIL,FAIL,PASS,FAIL,73
CF03117,FAIL,PASS,FAIL,FAIL,FAIL,78
CF03118,PASS,FAIL,FAIL,PASS,PASS,86
CF03119,PASS,FAIL,PASS,FAIL,FAIL,69
CF03120,FAIL,PASS,FAIL,PASS,FAIL,61
CF03121,PASS,FAIL,FAIL,PASS,PASS,95
CF03122,PASS,PASS,PASS,FAIL,FAIL,78
CF03123,PASS,PASS,FAIL,PASS,PASS,81
CF03124,PASS,FAIL,PASS,PASS,PASS,63
CF03125,FAIL,FAIL,FAIL,FAIL,PASS,91
CF03126,PASS,PASS,PASS,FAIL,PASS,98
CF03127,FAIL,FAIL,FAIL,FAIL,PASS,84
CF03128,PASS,PASS,PASS,PASS,FAIL,64
CF03129,FAIL,FAIL,PASS,FAIL,FAIL,97
CF03130,PASS,FAIL,FAIL,FAIL,PASS,82
CF03131,PASS,PASS,FAIL,PASS,PASS,98
CF03132,PASS,FAIL,FAIL,PASS,PASS,64
CF03133,PASS,FAIL,FAIL,FAIL,PASS,89
CF03134,FAIL,PASS,FAIL,FAIL,FAIL,74
CF03135,PASS,PASS,PASS,FAIL,PASS,72
CF03136,FAIL,PASS,PASS,PASS,FAIL,62
CF03137,PASS,PASS,FAIL,FAIL,FAIL,69
CF03138,PASS,FAIL,FAIL,PASS,PASS,67
CF03139,PASS,PASS,FAIL,PASS,PASS,76
CF03140,FAIL,FAIL,FAIL,FAIL,FAIL,65
CF03141,PASS,PASS,PASS,PASS,FAIL,64
CF03142,PASS,FAIL,PASS,FAIL,FAIL,82
CF03143,PASS,FAIL,PASS,FAIL,PASS,87
CF03144,PASS,PASS,PASS,PASS,PASS,76
CF03145,PASS,FAIL,FAIL,FAIL,FAIL,86
CF03146,FAIL,PASS,FAIL,PASS,PASS,77
CF03147,PASS,PASS,FAIL,PASS,FAIL,85
CF03148,PASS,FAIL,FAIL,PASS,FAIL,75
CF03149,FAIL,FAIL,PASS,FAIL,PASS,85
CF03150,PASS,PASS,FAIL,PASS,PASS,94
CF03151,FAIL,FAIL,PASS,PASS,FAIL,60
CF03152,FAIL,PASS,PASS,PASS,FAIL,82
CF03153,FAIL,FAIL,PASS,FAIL,FAIL,99
CF03154,FAIL,FAIL,FAIL,PASS,FAIL,85
CF03155,PASS,PASS,PASS,FAIL,FAIL,88
CF03156,FAIL,PASS,PASS,PASS,PASS,71
CF03157,FAIL,PASS,FAIL,FAIL,FAIL,77
CF03158,FAIL,PASS,PASS,PASS,FAIL,98
CF03159,FAIL,PASS,FAIL,PASS,PASS,94
CF03160,FAIL,FAIL,FAIL,PASS,FAIL,64
CF03161,FAIL,FAIL,PASS,PASS,FAIL,75
CF03162,FAIL,PASS,FAIL,FAIL,FAIL,66
CF03163,PASS,PASS,PASS,FAIL,FAIL,88
CF03164,PASS,PASS,FAIL,FAIL,PASS,85
CF03165,PASS,PASS,FAIL,PASS,FAIL,75
CF03166,PASS,FAIL,FAIL,FAIL,FAIL,79
CF03167,FAIL,FAIL,PASS,FAIL,FAIL,70
CF03168,FAIL,PASS,FAIL,PASS,PASS,62
CF03169,FAIL,PASS,FAIL,PASS,PASS,89
CF03170,PASS,PASS,PASS,FAIL,PASS,82
CF03171,PASS,FAIL,PASS,PASS,PASS,87
CF03172,PASS,FAIL,FAIL,PASS,FAIL,61
CF03173,FAIL,PASS,FAIL,PASS,PASS,65
CF03174,PASS,PASS,PASS,FAIL,FAIL,73
CF03175,PASS,PASS,FAIL,PASS,FAIL,75
CF03176,PASS,PASS,PASS,PASS,PASS,73
CF03177,FAIL,FAIL,FAIL,FAIL,FAIL,72
CF03178,PASS,PASS,PASS,PASS,PASS,88
CF03179,PASS,FAIL,PASS,PASS,FAIL,78
CF03180,PASS,FAIL,PASS,PASS,PASS,99
CF03181,FAIL,FAIL,PASS,FAIL,FAIL,61
CF03182,PASS,FAIL,PASS,PASS,FAIL,74
CF03183,FAIL,PASS,FAIL,PASS,FAIL,67
CF03184,PASS,PASS,FAIL,PASS,FAIL,75
CF03185,PASS,FAIL,PASS,PASS,PASS,68
CF03186,PASS,PASS,PASS,PASS,PASS,92
CF03187,FAIL,PASS,PASS,FAIL,FAIL,80
CF03188,FAIL,PASS,FAIL,FAIL,PASS,97
CF03189,PASS,PASS,PASS,PASS,FAIL,92
CF03190,PASS,FAIL,FAIL,FAIL,FAIL,78
CF03191,FAIL,PASS,FAIL,FAIL,FAIL,77
CF03192,FAIL,PASS,PASS,FAIL,FAIL,61
CF03193,PASS,FAIL,FAIL,PASS,FAIL,74
CF03194,PASS,FAIL,PASS,FAIL,PASS,88
CF03195,PASS,PASS,PASS,PASS,PASS,92
CF03196,FAIL,PASS,FAIL,PASS,PASS,60
CF03197,FAIL,PASS,FAIL,FAIL,PASS,79
CF03198,FAIL,PASS,PASS,PASS,PASS,87
CF03199,PASS,PASS,FAIL,PASS,FAIL,96
CF03200,PASS,FAIL,PASS,FAIL,PASS,61
CF03201,FAIL,FAIL,PASS,FAIL,FAIL,71
CF03202,PASS,FAIL,PASS,FAIL,PASS,78
CF03203,PASS,FAIL,PASS,FAIL,FAIL,91
CF03204,FAIL,FAIL,PASS,FAIL,PASS,72
CF03205,PASS,PASS,PASS,PASS,PASS,94
CF03206,PASS,FAIL,FAIL,FAIL,PASS,98
CF03207,PASS,FAIL,PASS,PASS,PASS,63
CF03208,PASS,FAIL,FAIL,PASS,FAIL,91
CF03209,FAIL,PASS,PASS,PASS,FAIL,62
CF03210,PASS,PASS,PASS,FAIL,FAIL,85
CF03211,FAIL,FAIL,FAIL,FAIL,PASS,85
CF03212,FAIL,PASS,PASS,FAIL,PASS,63
CF03213,FAIL,PASS,PASS,FAIL,PASS,69
CF03214,PASS,FAIL,FAIL,FAIL,FAIL,86
CF03215,FAIL,FAIL,FAIL,FAIL,FAIL,69
CF03216,PASS,PASS,PASS,FAIL,PASS,92
CF03217,PASS,FAIL,FAIL,FAIL,FAIL,69
CF03218,FAIL,PASS,PASS,PASS,FAIL,94
CF03219,PASS,PASS,PASS,FAIL,PASS,95
CF03220,FAIL,FAIL,PASS,FAIL,FAIL,85
CF03221,PASS,FAIL,PASS,PASS,PASS,89
CF03222,FAIL,FAIL,PASS,FAIL,FAIL,99
CF03223,PASS,FAIL,FAIL,FAIL,FAIL,64
CF03224,FAIL,FAIL,PASS,PASS,FAIL,93
CF03225,FAIL,PASS,PASS,FAIL,FAIL,91
CF03226,FAIL,FAIL,FAIL,PASS,FAIL,72
CF03227,PASS,FAIL,PASS,PASS,FAIL,73
CF03228,PASS,FAIL,FAIL,PASS,FAIL,86
CF03229,PASS,FAIL,PASS,FAIL,PASS,63
CF03230,PASS,PASS,FAIL,FAIL,FAIL,82
CF03231,PASS,PASS,FAIL,PASS,FAIL,75
CF03232,FAIL,FAIL,FAIL,FAIL,PASS,93
CF03233,PASS,FAIL,FAIL,PASS,FAIL,62
CF03234,PASS,PASS,PASS,PASS,FAIL,65
CF03235,PASS,PASS,FAIL,PASS,PASS,61
CF03236,PASS,FAIL,PASS,FAIL,PASS,89
CF03237,PASS,FAIL,FAIL,FAIL,PASS,76
CF03238,PASS,FAIL,PASS,FAIL,FAIL,97
CF03239,FAIL,PASS,PASS,PASS,PASS,94
CF03240,FAIL,PASS,PASS,FAIL,FAIL,98
CF03241,FAIL,PASS,FAIL,PASS,FAIL,88
CF03242,PASS,FAIL,PASS,PASS,PASS,98
CF03243,FAIL,FAIL,FAIL,FAIL,PASS,71
CF03244,PASS,PASS,FAIL,PASS,PASS,70
CF03245,PASS,PASS,PASS,FAIL,FAIL,61
CF03246,FAIL,FAIL,PASS,PASS,FAIL,87
CF03247,PASS,FAIL,PASS,PASS,PASS,89
CF03248,PASS,PASS,PASS,FAIL,PASS,79
CF03249,PASS,PASS,PASS,FAIL,FAIL,63
CF03250,PASS,PASS,PASS,FAIL,FAIL,94
CF03251,PASS,FAIL,PASS,FAIL,FAIL,66
CF03252,PASS,PASS,FAIL,PASS,PASS,97
CF03253,FAIL,PASS,FAIL,FAIL,FAIL,95
CF03254,PASS,FAIL,PASS,PASS,PASS,87
CF03255,PASS,FAIL,PASS,FAIL,FAIL,65
CF03256,FAIL,PASS,FAIL,PASS,FAIL,91
CF03257,PASS,PASS,PASS,PASS,FAIL,66
CF03258,FAIL,PASS,FAIL,FAIL,FAIL,69
CF03259,FAIL,FAIL,PASS,FAIL,FAIL,72
CF03260,PASS,PASS,PASS,PASS,FAIL,82
CF03261,FAIL,PASS,FAIL,PASS,FAIL,85
CF03262,FAIL,FAIL,FAIL,PASS,FAIL,90
CF03263,FAIL,FAIL,PASS,PASS,PASS,87
CF03264,FAIL,FAIL,FAIL,FAIL,PASS,71
CF03265,FAIL,PASS,PASS,FAIL,PASS,76
CF03266,FAIL,FAIL,PASS,FAIL,FAIL,84
CF03267,PASS,FAIL,FAIL,FAIL,PASS,81
CF03268,FAIL,PASS,FAIL,PASS,PASS,80
CF03269,PASS,FAIL,PASS,FAIL,FAIL,70
CF03270,FAIL,PASS,PASS,PASS,FAIL,87
CF03271,FAIL,FAIL,PASS,PASS,FAIL,91
CF03272,PASS,PASS,FAIL,FAIL,PASS,93
CF03273,PASS,FAIL,FAIL,PASS,PASS,83
CF03274,FAIL,PASS,FAIL,PASS,PASS,74
CF03275,FAIL,PASS,PASS,FAIL,FAIL,80
CF03276,FAIL,FAIL,PASS,PASS,FAIL,65
CF03277,FAIL,FAIL,PASS,FAIL,FAIL,72
CF03278,FAIL,FAIL,FAIL,PASS,FAIL,92
CF03279,FAIL,FAIL,FAIL,PASS,FAIL,66
CF03280,PASS,PASS,PASS,PASS,PASS,71
CF03281,FAIL,FAIL,FAIL,PASS,PASS,90
CF03282,FAIL,FAIL,PASS,PASS,PASS,73
CF03283,PASS,PASS,FAIL,FAIL,FAIL,93
CF03284,PASS,PASS,FAIL,FAIL,FAIL,88
CF03285,FAIL,FAIL,FAIL,FAIL,FAIL,66
CF03286,PASS,PASS,FAIL,PASS,PASS,61
CF03287,PASS,PASS,PASS,FAIL,FAIL,62
CF03288,PASS,FAIL,FAIL,FAIL,PASS,93
CF03289,PASS,FAIL,PASS,FAIL,PASS,70
CF03290,PASS,FAIL,PASS,PASS,PASS,85
CF03291,PASS,FAIL,FAIL,FAIL,PASS,79
CF03292,PASS,PASS,FAIL,PASS,FAIL,76
CF03293,FAIL,PASS,PASS,PASS,FAIL,82
CF03294,PASS,FAIL,FAIL,PASS,FAIL,71
CF03295,FAIL,FAIL,PASS,PASS,PASS,87
CF03296,FAIL,FAIL,PASS,FAIL,FAIL,61
CF03297,FAIL,FAIL,FAIL,FAIL,FAIL,75
CF03298,FAIL,FAIL,FAIL,PASS,FAIL,65
CF03299,FAIL,FAIL,PASS,PASS,FAIL,64
CF03300,FAIL,PASS,PASS,PASS,FAIL,73
CF03301,PASS,FAIL,PASS,PASS,FAIL,78
CF03302,FAIL,PASS,PASS,FAIL,FAIL,96
CF03303,PASS,FAIL,PASS,PASS,FAIL,62
CF03304,PASS,FAIL,FAIL,FAIL,PASS,73
CF03305,PASS,FAIL,PASS,PASS,FAIL,72
CF03306,PASS,FAIL,FAIL,FAIL,FAIL,69
CF03307,PASS,PASS,FAIL,FAIL,PASS,95
CF03308,FAIL,PASS,PASS,PASS,FAIL,74
CF03309,PASS,FAIL,PASS,FAIL,PASS,80
CF03310,PASS,FAIL,FAIL,PASS,FAIL,75
CF03311,FAIL,FAIL,FAIL,FAIL,PASS,78
CF03312,PASS,FAIL,FAIL,FAIL,PASS,80
CF03313,FAIL,FAIL,PASS,FAIL,PASS,72
CF03314,FAIL,FAIL,FAIL,FAIL,FAIL,95
CF03315,PASS,FAIL,PASS,PASS,FAIL,66
CF03316,FAIL,FAIL,PASS,PASS,FAIL,85
CF03317,PASS,FAIL,FAIL,PASS,FAIL,92
CF03318,PASS,PASS,FAIL,FAIL,PASS,89
CF03319,PASS,FAIL,PASS,FAIL,FAIL,78
CF03320,FAIL,FAIL,PASS,PASS,FAIL,90
CF03321,FAIL,FAIL,PASS,FAIL,PASS,78
CF03322,FAIL,FAIL,PASS,FAIL,FAIL,65
CF03323,PASS,PASS,PASS,PASS,FAIL,62
CF03324,PASS,PASS,FAIL,PASS,FAIL,70
CF03325,FAIL,FAIL,PASS,FAIL,PASS,81
CF03326,PASS,PASS,PASS,PASS,FAIL,96
CF03327,PASS,FAIL,FAIL,FAIL,PASS,92
CF03328,FAIL,FAIL,FAIL,PASS,PASS,98
CF03329,PASS,FAIL,FAIL,FAIL,FAIL,70
CF03330,PASS,FAIL,FAIL,PASS,PASS,85
CF03331,PASS,PASS,PASS,FAIL,PASS,79
CF03332,PASS,PASS,FAIL,PASS,FAIL,99
CF03333,PASS,FAIL,FAIL,FAIL,FAIL,99
CF03334,PASS,PASS,PASS,FAIL,PASS,72
CF03335,PASS,PASS,FAIL,PASS,PASS,79
CF03336,FAIL,FAIL,FAIL,PASS,FAIL,71
CF03337,PASS,FAIL,PASS,FAIL,FAIL,84
CF03338,FAIL,PASS,PASS,PASS,PASS,94
CF03339,FAIL,FAIL,PASS,FAIL,FAIL,88
CF03340,FAIL,PASS,FAIL,PASS,FAIL,86
CF03341,FAIL,PASS,FAIL,PASS,FAIL,74
CF03342,PASS,PASS,PASS,FAIL,FAIL,72
CF03343,PASS,FAIL,FAIL,FAIL,FAIL,90
CF03344,PASS,PASS,PASS,PASS,FAIL,77
CF03345,PASS,PASS,PASS,PASS,PASS,72
CF03346,FAIL,PASS,PASS,PASS,FAIL,81
CF03347,PASS,FAIL,PASS,FAIL,PASS,68
CF03348,PASS,FAIL,PASS,PASS,PASS,74
CF03349,FAIL,FAIL,PASS,PASS,PASS,84
CF03350,FAIL,PASS,PASS,FAIL,PASS,67
CF03351,PASS,FAIL,PASS,PASS,PASS,70
CF03352,FAIL,FAIL,FAIL,FAIL,FAIL,79
CF03353,FAIL,FAIL,PASS,FAIL,PASS,83
CF03354,FAIL,PASS,PASS,PASS,PASS,87
CF03355,FAIL,FAIL,FAIL,FAIL,PASS,67
CF03356,PASS,PASS,PASS,FAIL,FAIL,79
CF03357,FAIL,PASS,PASS,FAIL,FAIL,93
CF03358,PASS,FAIL,PASS,FAIL,FAIL,85
CF03359,PASS,FAIL,FAIL,PASS,FAIL,80
CF03360,PASS,FAIL,PASS,PASS,PASS,73
CF03361,PASS,PASS,FAIL,FAIL,PASS,87
CF03362,FAIL,PASS,PASS,FAIL,FAIL,95
CF03363,FAIL,FAIL,FAIL,FAIL,FAIL,81
CF03364,FAIL,PASS,PASS,FAIL,FAIL,78
CF03365,PASS,FAIL,FAIL,FAIL,PASS,69
CF03366,PASS,FAIL,FAIL,FAIL,PASS,89
CF03367,FAIL,PASS,PASS,PASS,FAIL,99
CF03368,FAIL,FAIL,PASS,PASS,PASS,83
CF03369,FAIL,PASS,PASS,PASS,FAIL,66
CF03370,PASS,PASS,PASS,FAIL,PASS,73
CF03371,PASS,FAIL,FAIL,FAIL,FAIL,90
CF03372,FAIL,FAIL,FAIL,PASS,FAIL,61
CF03373,PASS,PASS,PASS,PASS,PASS,84
CF03374,FAIL,PASS,PASS,FAIL,FAIL,67
CF03375,PASS,PASS,PASS,FAIL,FAIL,68
CF03376,FAIL,PASS,FAIL,FAIL,PASS,91
CF03377,PASS,FAIL,FAIL,PASS,FAIL,81
CF03378,FAIL,FAIL,FAIL,PASS,FAIL,93
CF03379,PASS,PASS,FAIL,FAIL,PASS,76
CF03380,FAIL,PASS,PASS,PASS,PASS,85
CF03381,PASS,FAIL,PASS,PASS,PASS,66
CF03382,PASS,PASS,FAIL,FAIL,PASS,79
CF03383,FAIL,PASS,PASS,PASS,PASS,63
CF03384,FAIL,PASS,PASS,FAIL,PASS,77
CF03385,PASS,PASS,PASS,FAIL,FAIL,82
CF03386,FAIL,PASS,PASS,FAIL,FAIL,73
CF03387,PASS,FAIL,PASS,PASS,PASS,71
CF03388,PASS,PASS,PASS,FAIL,FAIL,75
CF03389,FAIL,FAIL,FAIL,FAIL,FAIL,62
CF03390,FAIL,FAIL,FAIL,PASS,PASS,60
CF03391,PASS,FAIL,FAIL,FAIL,FAIL,75
CF03392,PASS,PASS,PASS,PASS,PASS,68
CF03393,PASS,PASS,PASS,PASS,PASS,85
CF03394,FAIL,PASS,PASS,PASS,FAIL,86
CF03395,PASS,PASS,FAIL,PASS,PASS,94
CF03396,PASS,FAIL,FAIL,FAIL,PASS,89
CF03397,FAIL,PASS,PASS,PASS,FAIL,92
CF03398,FAIL,PASS,PASS,PASS,FAIL,87
CF03399,PASS,PASS,PASS,FAIL,PASS,89
CF03400,PASS,PASS,FAIL,PASS,FAIL,96
CF03401,FAIL,FAIL,PASS,PASS,FAIL,79
CF03402,FAIL,FAIL,PASS,FAIL,PASS,77
CF03403,PASS,PASS,FAIL,PASS,FAIL,82
CF03404,FAIL,FAIL,FAIL,PASS,PASS,65
CF03405,FAIL,FAIL,PASS,PASS,PASS,79
CF03406,PASS,PASS,FAIL,FAIL,FAIL,72
CF03407,FAIL,PASS,FAIL,FAIL,FAIL,74
CF03408,PASS,FAIL,FAIL,FAIL,FAIL,91
CF03409,FAIL,PASS,PASS,FAIL,PASS,89
CF03410,PASS,FAIL,FAIL,FAIL,FAIL,63
CF03411,PASS,FAIL,FAIL,FAIL,FAIL,68
CF03412,PASS,PASS,PASS,PASS,FAIL,72
CF03413,PASS,PASS,PASS,PASS,PASS,69
CF03414,PASS,FAIL,FAIL,PASS,PASS,67
CF03415,FAIL,PASS,PASS,FAIL,FAIL,86
CF03416,FAIL,PASS,FAIL,FAIL,PASS,98
CF03417,FAIL,PASS,FAIL,FAIL,PASS,85
CF03418,FAIL,PASS,FAIL,FAIL,PASS,79
CF03419,FAIL,FAIL,FAIL,PASS,PASS,69
CF03420,FAIL,FAIL,PASS,PASS,FAIL,87
CF03421,PASS,FAIL,FAIL,PASS,PASS,94
CF03422,PASS,FAIL,FAIL,PASS,FAIL,83
CF03423,PASS,PASS,PASS,FAIL,FAIL,85
CF03424,PASS,PASS,PASS,FAIL,FAIL,67
CF03425,PASS,PASS,PASS,FAIL,PASS,80
CF03426,FAIL,PASS,PASS,PASS,FAIL,99
CF03427,PASS,FAIL,PASS,PASS,PASS,83
CF03428,PASS,PASS,FAIL,PASS,FAIL,90
CF03429,FAIL,PASS,PASS,PASS,PASS,80
CF03430,PASS,FAIL,FAIL,PASS,PASS,98
CF03431,FAIL,FAIL,FAIL,PASS,FAIL,72
CF03432,FAIL,FAIL,PASS,PASS,PASS,84
CF03433,PASS,PASS,PASS,PASS,FAIL,62
CF03434,PASS,PASS,FAIL,FAIL,PASS,82
CF03435,PASS,PASS,PASS,PASS,PASS,98
CF03436,PASS,PASS,FAIL,PASS,FAIL,63
CF03437,FAIL,PASS,FAIL,PASS,PASS,94
CF03438,PASS,PASS,PASS,PASS,FAIL,78
CF03439,FAIL,PASS,PASS,PASS,PASS,89
CF03440,PASS,FAIL,PASS,PASS,FAIL,64
CF03441,FAIL,FAIL,FAIL,FAIL,PASS,92
CF03442,PASS,FAIL,FAIL,FAIL,FAIL,84
CF03443,FAIL,PASS,FAIL,FAIL,PASS,88
CF03444,PASS,PASS,FAIL,FAIL,FAIL,69
CF03445,FAIL,PASS,PASS,PASS,FAIL,99
CF03446,PASS,PASS,FAIL,FAIL,FAIL,67
CF03447,FAIL,FAIL,FAIL,PASS,FAIL,64
CF03448,PASS,FAIL,PASS,PASS,FAIL,85
CF03449,FAIL,FAIL,FAIL,FAIL,PASS,91
CF03450,FAIL,FAIL,FAIL,FAIL,PASS,72
CF03451,FAIL,FAIL,FAIL,PASS,PASS,89
CF03452,FAIL,FAIL,PASS,FAIL,PASS,82
CF03453,FAIL,PASS,PASS,PASS,PASS,73
CF03454,FAIL,PASS,FAIL,PASS,FAIL,86
CF03455,FAIL,PASS,PASS,PASS,PASS,92
CF03456,FAIL,PASS,PASS,PASS,FAIL,76
CF03457,PASS,PASS,PASS,PASS,PASS,97
CF03458,FAIL,FAIL,FAIL,PASS,PASS,99
CF03459,FAIL,FAIL,PASS,PASS,PASS,60
CF03460,PASS,FAIL,PASS,PASS,FAIL,93
CF03461,FAIL,FAIL,FAIL,FAIL,PASS,98
CF03462,FAIL,PASS,FAIL,FAIL,FAIL,99
CF03463,PASS,FAIL,FAIL,PASS,PASS,75
CF03464,FAIL,PASS,PASS,PASS,PASS,99
CF03465,PASS,PASS,PASS,PASS,PASS,96
CF03466,PASS,FAIL,FAIL,FAIL,PASS,73
CF03467,PASS,PASS,FAIL,PASS,PASS,97
CF03468,FAIL,PASS,PASS,FAIL,FAIL,94
CF03469,PASS,FAIL,FAIL,PASS,FAIL,84
CF03470,PASS,PASS,FAIL,FAIL,PASS,85
CF03471,PASS,FAIL,FAIL,PASS,PASS,99
CF03472,PASS,FAIL,FAIL,PASS,PASS,67
CF03473,PASS,PASS,FAIL,PASS,FAIL,66
CF03474,PASS,FAIL,FAIL,FAIL,PASS,80
CF03475,FAIL,PASS,PASS,FAIL,FAIL,95
CF03476,PASS,FAIL,PASS,PASS,FAIL,97
CF03477,PASS,PASS,PASS,FAIL,PASS,80
CF03478,PASS,FAIL,PASS,FAIL,FAIL,90
CF03479,PASS,FAIL,PASS,FAIL,FAIL,69
CF03480,FAIL,FAIL,FAIL,FAIL,PASS,84
CF03481,FAIL,FAIL,FAIL,FAIL,PASS,69
CF03482,PASS,FAIL,PASS,PASS,PASS,62
CF03483,PASS,PASS,PASS,FAIL,PASS,69
CF03484,FAIL,FAIL,PASS,PASS,FAIL,91
CF03485,PASS,FAIL,FAIL,PASS,PASS,73
CF03486,FAIL,FAIL,PASS,FAIL,PASS,96
CF03487,FAIL,PASS,FAIL,FAIL,FAIL,61
CF03488,PASS,FAIL,FAIL,FAIL,PASS,81
CF03489,FAIL,PASS,FAIL,PASS,FAIL,99
CF03490,PASS,PASS,FAIL,PASS,FAIL,91
CF03491,FAIL,PASS,PASS,FAIL,FAIL,70
CF03492,PASS,FAIL,FAIL,PASS,PASS,66
CF03493,PASS,PASS,PASS,FAIL,FAIL,75
CF03494,PASS,PASS,PASS,FAIL,FAIL,99
CF03495,PASS,PASS,FAIL,PASS,FAIL,77
CF03496,FAIL,FAIL,FAIL,PASS,PASS,71
CF03497,FAIL,PASS,FAIL,PASS,FAIL,65
CF03498,FAIL,FAIL,PASS,PASS,PASS,90
CF03499,PASS,PASS,PASS,FAIL,FAIL,69
CF03500,PASS,FAIL,PASS,PASS,PASS,63
CF03501,PASS,PASS,PASS,FAIL,PASS,61
CF03502,FAIL,PASS,PASS,PASS,PASS,93
CF03503,FAIL,FAIL,FAIL,PASS,FAIL,60
CF03504,PASS,PASS,FAIL,FAIL,FAIL,89
CF03505,FAIL,FAIL,PASS,PASS,FAIL,75
CF03506,PASS,PASS,FAIL,PASS,PASS,89
CF03507,FAIL,FAIL,PASS,FAIL,FAIL,75
CF03508,PASS,PASS,FAIL,PASS,PASS,79
CF03509,PASS,PASS,FAIL,PASS,PASS,74
CF03510,FAIL,FAIL,FAIL,PASS,PASS,67
CF03511,FAIL,FAIL,PASS,PASS,PASS,83
CF03512,FAIL,FAIL,FAIL,FAIL,FAIL,78
CF03513,PASS,PASS,PASS,PASS,FAIL,64
CF03514,FAIL,FAIL,FAIL,PASS,PASS,80
CF03515,FAIL,PASS,PASS,FAIL,FAIL,64
CF03516,PASS,PASS,FAIL,FAIL,PASS,98
CF03517,FAIL,PASS,FAIL,PASS,FAIL,71
CF03518,FAIL,FAIL,PASS,PASS,FAIL,95
CF03519,FAIL,PASS,FAIL,PASS,FAIL,61
CF03520,PASS,PASS,FAIL,FAIL,FAIL,60
CF03521,FAIL,FAIL,FAIL,FAIL,FAIL,68
CF03522,FAIL,PASS,FAIL,PASS,PASS,77
CF03523,FAIL,FAIL,PASS,PASS,FAIL,74
CF03524,FAIL,PASS,PASS,PASS,FAIL,61
CF03525,FAIL,FAIL,FAIL,FAIL,FAIL,87
CF03526,FAIL,PASS,FAIL,FAIL,PASS,99
CF03527,FAIL,FAIL,PASS,PASS,FAIL,65
CF03528,FAIL,FAIL,FAIL,PASS,PASS,64
CF03529,FAIL,PASS,PASS,PASS,FAIL,90
CF03530,FAIL,FAIL,FAIL,FAIL,FAIL,80
CF03531,FAIL,PASS,PASS,FAIL,FAIL,83
CF03532,FAIL,FAIL,PASS,FAIL,PASS,96
CF03533,PASS,FAIL,FAIL,PASS,FAIL,99
CF03534,PASS,PASS,FAIL,FAIL,FAIL,71
CF03535,FAIL,PASS,FAIL,PASS,PASS,97
CF03536,FAIL,FAIL,PASS,PASS,FAIL,98
CF03537,FAIL,FAIL,PASS,FAIL,PASS,90
CF03538,PASS,PASS,FAIL,PASS,PASS,82
CF03539,PASS,PASS,FAIL,FAIL,PASS,72
CF03540,PASS,PASS,PASS,FAIL,FAIL,67
CF03541,FAIL,PASS,FAIL,PASS,FAIL,90
CF03542,FAIL,PASS,FAIL,PASS,PASS,63
CF03543,PASS,FAIL,PASS,PASS,FAIL,63
CF03544,FAIL,FAIL,PASS,PASS,PASS,61
CF03545,PASS,FAIL,PASS,FAIL,PASS,85
CF03546,PASS,PASS,FAIL,PASS,FAIL,89
CF03547,FAIL,PASS,FAIL,PASS,FAIL,66
CF03548,PASS,PASS,PASS,FAIL,PASS,94
CF03549,FAIL,PASS,PASS,FAIL,PASS,67
CF03550,PASS,FAIL,PASS,PASS,FAIL,67
CF03551,PASS,FAIL,FAIL,PASS,FAIL,90
CF03552,PASS,PASS,FAIL,PASS,PASS,71
CF03553,PASS,PASS,PASS,FAIL,PASS,97
CF03554,PASS,FAIL,PASS,FAIL,FAIL,80
CF03555,FAIL,PASS,FAIL,PASS,FAIL,60
CF03556,PASS,FAIL,PASS,FAIL,FAIL,64
CF03557,FAIL,FAIL,FAIL,PASS,FAIL,90
CF03558,PASS,PASS,FAIL,PASS,PASS,78
CF03559,PASS,PASS,FAIL,FAIL,PASS,92
CF03560,PASS,PASS,PASS,PASS,PASS,66
CF03561,PASS,PASS,FAIL,FAIL,FAIL,62
CF03562,FAIL,FAIL,PASS,FAIL,FAIL,89
CF03563,PASS,FAIL,PASS,PASS,FAIL,76
CF03564,FAIL,FAIL,FAIL,FAIL,FAIL,85
CF03565,PASS,FAIL,FAIL,FAIL,PASS,92
CF03566,FAIL,FAIL,PASS,FAIL,PASS,70
CF03567,FAIL,FAIL,PASS,PASS,FAIL,75
CF03568,PASS,PASS,FAIL,PASS,PASS,65
CF03569,PASS,FAIL,PASS,PASS,PASS,98
CF03570,FAIL,FAIL,PASS,FAIL,PASS,99
CF03571,FAIL,FAIL,FAIL,PASS,PASS,76
CF03572,PASS,FAIL,PASS,PASS,FAIL,82
CF03573,PASS,PASS,FAIL,PASS,PASS,64
CF03574,FAIL,PASS,PASS,FAIL,FAIL,62
CF03575,FAIL,FAIL,PASS,PASS,PASS,88
CF03576,PASS,FAIL,FAIL,FAIL,PASS,62
CF03577,PASS,PASS,FAIL,FAIL,FAIL,66
CF03578,PASS,PASS,FAIL,FAIL,FAIL,62
CF03579,FAIL,PASS,FAIL,PASS,PASS,71
CF03580,PASS,FAIL,FAIL,PASS,PASS,73
CF03581,FAIL,FAIL,FAIL,FAIL,FAIL,82
CF03582,FAIL,FAIL,PASS,PASS,PASS,80
CF03583,PASS,PASS,FAIL,PASS,PASS,86
CF03584,FAIL,PASS,PASS,FAIL,PASS,78
CF03585,PASS,FAIL,FAIL,PASS,PASS,61
CF03586,PASS,PASS,FAIL,FAIL,FAIL,63
CF03587,FAIL,FAIL,PASS,PASS,PASS,72
CF03588,PASS,PASS,PASS,FAIL,PASS,96
CF03589,PASS,FAIL,FAIL,PASS,PASS,69
CF03590,PASS,PASS,PASS,FAIL,FAIL,62
CF03591,PASS,PASS,FAIL,FAIL,PASS,90
CF03592,PASS,PASS,FAIL,FAIL,FAIL,75
CF03593,FAIL,FAIL,PASS,FAIL,FAIL,65
CF03594,FAIL,PASS,FAIL,FAIL,FAIL,75
CF03595,PASS,PASS,FAIL,PASS,FAIL,73
CF03596,PASS,PASS,FAIL,FAIL,FAIL,84
CF03597,PASS,FAIL,FAIL,FAIL,FAIL,67
CF03598,FAIL,PASS,FAIL,FAIL,PASS,80
CF03599,PASS,PASS,PASS,PASS,PASS,74
CF03600,PASS,PASS,PASS,FAIL,PASS,81
CF03601,FAIL,FAIL,FAIL,PASS,FAIL,68
CF03602,PASS,PASS,FAIL,FAIL,PASS,97
CF03603,PASS,PASS,PASS,PASS,FAIL,68
CF03604,PASS,FAIL,PASS,PASS,FAIL,78
CF03605,FAIL,PASS,PASS,FAIL,PASS,71
CF03606,PASS,PASS,FAIL,PASS,FAIL,74
CF03607,FAIL,FAIL,FAIL,PASS,PASS,89
CF03608,FAIL,FAIL,FAIL,PASS,FAIL,77
CF03609,PASS,FAIL,PASS,PASS,PASS,78
CF03610,FAIL,FAIL,PASS,FAIL,FAIL,72
CF03611,PASS,PASS,FAIL,FAIL,PASS,60
CF03612,FAIL,FAIL,PASS,FAIL,PASS,64
CF03613,PASS,FAIL,PASS,FAIL,PASS,93
CF03614,FAIL,PASS,PASS,FAIL,FAIL,75
CF03615,PASS,FAIL,PASS,FAIL,FAIL,82
CF03616,PASS,FAIL,FAIL,FAIL,FAIL,80
CF03617,FAIL,FAIL,PASS,FAIL,PASS,67
CF03618,PASS,PASS,FAIL,FAIL,PASS,69
CF03619,PASS,FAIL,PASS,FAIL,FAIL,93
CF03620,PASS,PASS,PASS,PASS,FAIL,78
CF03621,FAIL,PASS,PASS,PASS,PASS,69
CF03622,PASS,PASS,PASS,PASS,PASS,85
CF03623,PASS,FAIL,PASS,PASS,FAIL,99
CF03624,PASS,PASS,PASS,PASS,PASS,61
CF03625,PASS,PASS,PASS,FAIL,PASS,64
CF03626,PASS,PASS,PASS,FAIL,FAIL,70
CF03627,FAIL,PASS,PASS,PASS,PASS,92
CF03628,FAIL,PASS,PASS,PASS,FAIL,61
CF03629,FAIL,PASS,PASS,PASS,FAIL,85
CF03630,FAIL,FAIL,FAIL,FAIL,PASS,71
CF03631,FAIL,PASS,FAIL,PASS,FAIL,66
CF03632,PASS,PASS,PASS,FAIL,FAIL,62
CF03633,FAIL,PASS,PASS,FAIL,FAIL,67
CF03634,PASS,FAIL,FAIL,FAIL,FAIL,95
CF03635,FAIL,FAIL,PASS,FAIL,FAIL,67
CF03636,PASS,PASS,FAIL,FAIL,FAIL,83
CF03637,PASS,FAIL,PASS,FAIL,PASS,73
CF03638,FAIL,PASS,FAIL,FAIL,PASS,99
CF03639,PASS,PASS,PASS,FAIL,FAIL,91
CF03640,PASS,FAIL,FAIL,PASS,PASS,62
CF03641,PASS,FAIL,FAIL,PASS,PASS,66
CF03642,PASS,FAIL,PASS,FAIL,PASS,91
CF03643,PASS,FAIL,FAIL,PASS,FAIL,73
CF03644,PASS,FAIL,FAIL,PASS,PASS,62
CF03645,PASS,FAIL,PASS,FAIL,PASS,71
CF03646,FAIL,FAIL,FAIL,FAIL,PASS,82
CF03647,FAIL,PASS,FAIL,FAIL,PASS,74
CF03648,PASS,PASS,FAIL,PASS,FAIL,66
CF03649,FAIL,FAIL,PASS,PASS,PASS,95
CF03650,FAIL,PASS,PASS,FAIL,PASS,75
CF03651,FAIL,PASS,PASS,PASS,PASS,87
CF03652,FAIL,FAIL,FAIL,PASS,PASS,84
CF03653,PASS,PASS,PASS,PASS,FAIL,62
CF03654,FAIL,FAIL,PASS,PASS,PASS,95
CF03655,FAIL,PASS,PASS,FAIL,PASS,97
CF03656,PASS,FAIL,PASS,FAIL,FAIL,88
CF03657,PASS,PASS,PASS,PASS,FAIL,67
CF03658,PASS,PASS,FAIL,PASS,PASS,65
CF03659,FAIL,FAIL,PASS,PASS,PASS,91
CF03660,PASS,PASS,PASS,FAIL,FAIL,64
CF03661,FAIL,FAIL,FAIL,PASS,FAIL,79
CF03662,PASS,FAIL,FAIL,PASS,FAIL,74
CF03663,PASS,FAIL,FAIL,PASS,PASS,99
CF03664,FAIL,PASS,FAIL,PASS,PASS,66
CF03665,PASS,PASS,FAIL,FAIL,FAIL,95
CF03666,PASS,PASS,PASS,FAIL,FAIL,95
CF03667,PASS,FAIL,PASS,FAIL,FAIL,69
CF03668,PASS,PASS,PASS,FAIL,FAIL,94
CF03669,FAIL,PASS,PASS,FAIL,FAIL,69
CF03670,FAIL,FAIL,FAIL,FAIL,PASS,74
CF03671,FAIL,FAIL,PASS,FAIL,PASS,95
CF03672,FAIL,PASS,FAIL,FAIL,FAIL,85
CF03673,PASS,PASS,PASS,PASS,PASS,69
CF03674,PASS,FAIL,FAIL,PASS,PASS,68
CF03675,FAIL,PASS,PASS,FAIL,PASS,70
CF03676,FAIL,FAIL,PASS,FAIL,PASS,76
CF03677,FAIL,PASS,PASS,FAIL,FAIL,63
CF03678,FAIL,FAIL,PASS,PASS,FAIL,98
CF03679,FAIL,PASS,PASS,FAIL,FAIL,93
CF03680,PASS,FAIL,PASS,PASS,PASS,96
CF03681,FAIL,PASS,PASS,PASS,FAIL,93
CF03682,FAIL,FAIL,PASS,FAIL,FAIL,64
CF03683,FAIL,PASS,FAIL,PASS,FAIL,62
CF03684,PASS,PASS,FAIL,FAIL,PASS,94
CF03685,FAIL,FAIL,PASS,FAIL,FAIL,74
CF03686,PASS,PASS,FAIL,FAIL,PASS,74
CF03687,PASS,FAIL,PASS,FAIL,FAIL,77
CF03688,FAIL,PASS,PASS,FAIL,FAIL,71
CF03689,FAIL,FAIL,FAIL,PASS,FAIL,80
CF03690,PASS,FAIL,PASS,FAIL,PASS,90
CF03691,PASS,PASS,FAIL,FAIL,PASS,66
CF03692,PASS,FAIL,FAIL,FAIL,FAIL,75
CF03693,PASS,PASS,FAIL,FAIL,FAIL,63
CF03694,PASS,FAIL,PASS,PASS,FAIL,76
CF03695,PASS,PASS,PASS,PASS,PASS,86
CF03696,FAIL,PASS,FAIL,PASS,FAIL,99
CF03697,FAIL,FAIL,FAIL,FAIL,FAIL,87
CF03698,PASS,PASS,PASS,PASS,PASS,81
CF03699,PASS,FAIL,PASS,PASS,PASS,84
CF03700,FAIL,PASS,FAIL,PASS,FAIL,76
CF03701,FAIL,FAIL,PASS,PASS,PASS,87
CF03702,PASS,PASS,FAIL,FAIL,FAIL,96
CF03703,PASS,FAIL,PASS,FAIL,FAIL,64
CF03704,PASS,PASS,PASS,FAIL,FAIL,87
CF03705,PASS,PASS,PASS,FAIL,PASS,86
CF03706,PASS,FAIL,PASS,FAIL,PASS,64
CF03707,FAIL,FAIL,PASS,PASS,PASS,78
CF03708,FAIL,FAIL,FAIL,PASS,FAIL,71
CF03709,FAIL,FAIL,FAIL,PASS,PASS,65
CF03710,FAIL,PASS,PASS,PASS,PASS,88
CF03711,PASS,FAIL,FAIL,PASS,PASS,73
CF03712,PASS,PASS,FAIL,FAIL,FAIL,98
CF03713,FAIL,FAIL,PASS,PASS,FAIL,93
CF03714,PASS,PASS,PASS,FAIL,PASS,64
CF03715,FAIL,PASS,FAIL,PASS,FAIL,88
CF03716,FAIL,PASS,PASS,PASS,PASS,69
CF03717,FAIL,PASS,PASS,PASS,PASS,64
CF03718,PASS,PASS,PASS,PASS,PASS,62
CF03719,FAIL,FAIL,PASS,FAIL,FAIL,99
CF03720,PASS,FAIL,FAIL,FAIL,FAIL,71
CF03721,FAIL,PASS,PASS,PASS,PASS,66
CF03722,FAIL,PASS,PASS,PASS,FAIL,71
CF03723,PASS,FAIL,PASS,PASS,PASS,70
CF03724,FAIL,PASS,PASS,FAIL,FAIL,68
CF03725,FAIL,PASS,FAIL,FAIL,PASS,87
CF03726,FAIL,FAIL,PASS,PASS,FAIL,66
CF03727,PASS,PASS,FAIL,PASS,PASS,75
CF03728,PASS,FAIL,FAIL,FAIL,PASS,61
CF03729,FAIL,PASS,PASS,PASS,FAIL,66
CF03730,FAIL,PASS,PASS,FAIL,PASS,64
CF03731,PASS,PASS,PASS,PASS,PASS,85
CF03732,FAIL,PASS,FAIL,PASS,FAIL,69
CF03733,FAIL,FAIL,FAIL,PASS,FAIL,90
CF03734,PASS,FAIL,FAIL,FAIL,PASS,63
CF03735,PASS,PASS,PASS,PASS,FAIL,87
CF03736,FAIL,PASS,PASS,FAIL,PASS,77
CF03737,PASS,PASS,PASS,FAIL,PASS,91
CF03738,FAIL,FAIL,PASS,FAIL,PASS,72
CF03739,FAIL,FAIL,FAIL,PASS,FAIL,88
CF03740,PASS,FAIL,PASS,PASS,FAIL,85
CF03741,PASS,FAIL,FAIL,PASS,PASS,82
CF03742,FAIL,PASS,FAIL,FAIL,PASS,91
CF03743,PASS,PASS,PASS,FAIL,PASS,70
CF03744,PASS,PASS,FAIL,PASS,FAIL,72
CF03745,PASS,FAIL,FAIL,PASS,FAIL,91
CF03746,FAIL,FAIL,PASS,PASS,FAIL,70
CF03747,PASS,FAIL,PASS,FAIL,PASS,94
CF03748,FAIL,FAIL,PASS,FAIL,FAIL,88
CF03749,FAIL,PASS,PASS,FAIL,FAIL,89
CF03750,PASS,PASS,FAIL,PASS,FAIL,97
CF03751,PASS,FAIL,FAIL,PASS,FAIL,80
CF03752,PASS,FAIL,PASS,PASS,FAIL,73
CF03753,PASS,FAIL,PASS,FAIL,FAIL,99
CF03754,PASS,PASS,FAIL,PASS,FAIL,80
CF03755,FAIL,FAIL,PASS,PASS,PASS,85
CF03756,PASS,PASS,PASS,PASS,PASS,74
CF03757,FAIL,FAIL,FAIL,PASS,FAIL,70
CF03758,PASS,PASS,PASS,FAIL,FAIL,84
CF03759,FAIL,FAIL,PASS,FAIL,FAIL,95
CF03760,FAIL,FAIL,PASS,PASS,FAIL,74
CF03761,FAIL,FAIL,FAIL,FAIL,PASS,83
CF03762,FAIL,PASS,FAIL,FAIL,PASS,82
CF03763,FAIL,PASS,PASS,FAIL,FAIL,74
CF03764,PASS,FAIL,FAIL,PASS,PASS,80
CF03765,FAIL,FAIL,FAIL,FAIL,PASS,87
CF03766,PASS,FAIL,FAIL,PASS,FAIL,82
CF03767,FAIL,FAIL,PASS,FAIL,FAIL,62
CF03768,PASS,PASS,FAIL,FAIL,PASS,60
CF03769,FAIL,FAIL,PASS,FAIL,PASS,98
CF03770,FAIL,PASS,FAIL,FAIL,FAIL,77
CF03771,PASS,PASS,PASS,FAIL,FAIL,80
CF03772,PASS,FAIL,FAIL,FAIL,FAIL,77
CF03773,FAIL,FAIL,FAIL,PASS,FAIL,89
CF03774,PASS,FAIL,FAIL,FAIL,FAIL,97
CF03775,FAIL,FAIL,PASS,FAIL,FAIL,98
CF03776,PASS,PASS,FAIL,PASS,FAIL,74
CF03777,FAIL,PASS,PASS,FAIL,FAIL,90
CF03778,PASS,PASS,PASS,PASS,FAIL,96
CF03779,PASS,PASS,FAIL,PASS,FAIL,66
CF03780,FAIL,FAIL,FAIL,FAIL,PASS,71
CF03781,FAIL,FAIL,FAIL,PASS,FAIL,71
CF03782,PASS,PASS,FAIL,PASS,PASS,82
CF03783,PASS,PASS,PASS,FAIL,PASS,92
CF03784,FAIL,PASS,FAIL,FAIL,FAIL,85
CF03785,PASS,PASS,PASS,PASS,FAIL,67
CF03786,FAIL,PASS,FAIL,PASS,FAIL,65
CF03787,PASS,PASS,PASS,FAIL,FAIL,80
CF03788,PASS,PASS,FAIL,FAIL,FAIL,83
CF03789,PASS,PASS,FAIL,PASS,FAIL,63
CF03790,FAIL,FAIL,FAIL,FAIL,FAIL,62
CF03791,PASS,FAIL,PASS,PASS,FAIL,69
CF03792,PASS,PASS,PASS,FAIL,PASS,68
CF03793,FAIL,FAIL,PASS,PASS,FAIL,79
CF03794,PASS,FAIL,PASS,FAIL,PASS,87
CF03795,PASS,FAIL,FAIL,FAIL,FAIL,62
CF03796,FAIL,FAIL,FAIL,PASS,PASS,65
CF03797,PASS,PASS,FAIL,PASS,PASS,65
CF03798,PASS,FAIL,FAIL,FAIL,PASS,72
CF03799,FAIL,FAIL,PASS,PASS,PASS,82
CF03800,FAIL,FAIL,FAIL,PASS,PASS,92
CF03801,FAIL,FAIL,FAIL,PASS,FAIL,87
CF03802,PASS,FAIL,PASS,PASS,FAIL,88
CF03803,FAIL,PASS,FAIL,PASS,PASS,61
CF03804,FAIL,PASS,FAIL,PASS,FAIL,84
CF03805,FAIL,PASS,PASS,FAIL,PASS,74
CF03806,PASS,FAIL,PASS,PASS,FAIL,92
CF03807,PASS,FAIL,PASS,PASS,PASS,70
CF03808,PASS,PASS,FAIL,PASS,PASS,73
CF03809,PASS,PASS,FAIL,PASS,FAIL,84
CF03810,PASS,PASS,FAIL,FAIL,PASS,93
CF03811,PASS,FAIL,FAIL,FAIL,FAIL,62
CF03812,FAIL,PASS,PASS,PASS,FAIL,60
CF03813,FAIL,PASS,PASS,PASS,FAIL,98
CF03814,PASS,PASS,PASS,FAIL,FAIL,94
CF03815,FAIL,PASS,PASS,FAIL,PASS,67
CF03816,FAIL,FAIL,PASS,PASS,PASS,99
CF03817,PASS,PASS,FAIL,PASS,PASS,75
CF03818,PASS,FAIL,PASS,PASS,FAIL,86
CF03819,PASS,FAIL,FAIL,FAIL,FAIL,69
CF03820,FAIL,FAIL,PASS,FAIL,PASS,91
CF03821,PASS,FAIL,PASS,FAIL,PASS,66
CF03822,FAIL,PASS,FAIL,FAIL,PASS,75
CF03823,FAIL,PASS,FAIL,PASS,PASS,93
CF03824,FAIL,PASS,PASS,PASS,FAIL,60
CF03825,FAIL,PASS,FAIL,PASS,PASS,77
CF03826,FAIL,FAIL,FAIL,PASS,PASS,69
CF03827,PASS,FAIL,FAIL,FAIL,PASS,86
CF03828,PASS,FAIL,PASS,PASS,FAIL,61
CF03829,FAIL,PASS,PASS,PASS,FAIL,62
CF03830,FAIL,PASS,PASS,PASS,PASS,79
CF03831,PASS,PASS,PASS,FAIL,PASS,63
CF03832,PASS,PASS,FAIL,FAIL,FAIL,64
CF03833,PASS,PASS,PASS,PASS,PASS,73
CF03834,PASS,PASS,PASS,PASS,PASS,80
CF03835,FAIL,FAIL,PASS,PASS,PASS,64
CF03836,FAIL,FAIL,FAIL,PASS,FAIL,74
CF03837,PASS,PASS,PASS,PASS,FAIL,68
CF03838,PASS,PASS,PASS,PASS,PASS,65
CF03839,FAIL,PASS,PASS,FAIL,PASS,92
CF03840,FAIL,PASS,PASS,PASS,FAIL,78
CF03841,FAIL,FAIL,FAIL,PASS,FAIL,76
CF03842,PASS,FAIL,FAIL,FAIL,PASS,94
CF03843,PASS,PASS,PASS,PASS,PASS,97
CF03844,PASS,FAIL,PASS,PASS,PASS,81
CF03845,FAIL,PASS,PASS,PASS,PASS,87
CF03846,PASS,FAIL,FAIL,PASS,PASS,74
CF03847,PASS,FAIL,PASS,FAIL,FAIL,65
CF03848,FAIL,FAIL,FAIL,PASS,PASS,68
CF03849,PASS,FAIL,PASS,FAIL,FAIL,90
CF03850,FAIL,PASS,PASS,FAIL,FAIL,67
CF03851,FAIL,PASS,PASS,FAIL,FAIL,65
CF03852,PASS,PASS,PASS,PASS,PASS,88
CF03853,FAIL,PASS,PASS,FAIL,FAIL,92
CF03854,FAIL,PASS,FAIL,PASS,PASS,89
CF03855,FAIL,PASS,PASS,FAIL,FAIL,99
CF03856,PASS,PASS,FAIL,PASS,FAIL,87
CF03857,PASS,PASS,PASS,PASS,FAIL,88
CF03858,FAIL,PASS,PASS,PASS,FAIL,77
CF03859,PASS,FAIL,PASS,FAIL,FAIL,69
CF03860,FAIL,PASS,PASS,FAIL,PASS,96
CF03861,FAIL,PASS,PASS,FAIL,PASS,73
CF03862,PASS,FAIL,FAIL,FAIL,FAIL,88
CF03863,PASS,PASS,PASS,FAIL,FAIL,64
CF03864,FAIL,FAIL,FAIL,PASS,PASS,75
CF03865,PASS,FAIL,PASS,PASS,PASS,90
CF03866,FAIL,PASS,FAIL,FAIL,PASS,83
CF03867,FAIL,FAIL,PASS,FAIL,PASS,76
CF03868,PASS,FAIL,PASS,FAIL,FAIL,75
CF03869,FAIL,PASS,PASS,FAIL,PASS,90
CF03870,FAIL,FAIL,PASS,FAIL,PASS,75
CF03871,PASS,FAIL,FAIL,PASS,PASS,76
CF03872,FAIL,PASS,FAIL,PASS,FAIL,95
CF03873,PASS,FAIL,FAIL,FAIL,FAIL,70
CF03874,FAIL,FAIL,PASS,PASS,PASS,61
CF03875,PASS,PASS,PASS,PASS,PASS,60
CF03876,PASS,PASS,FAIL,PASS,PASS,84
CF03877,PASS,PASS,PASS,FAIL,PASS,67
CF03878,FAIL,PASS,FAIL,PASS,PASS,97
CF03879,PASS,PASS,FAIL,FAIL,PASS,66
CF03880,PASS,FAIL,PASS,FAIL,FAIL,84
CF03881,PASS,PASS,FAIL,PASS,PASS,90
CF03882,FAIL,FAIL,PASS,PASS,PASS,70
CF03883,FAIL,FAIL,PASS,PASS,PASS,77
CF03884,PASS,FAIL,PASS,FAIL,FAIL,89
CF03885,PASS,PASS,PASS,FAIL,FAIL,61
CF03886,FAIL,PASS,FAIL,PASS,PASS,81
CF03887,PASS,FAIL,PASS,PASS,FAIL,99
CF03888,PASS,FAIL,PASS,PASS,FAIL,81
CF03889,PASS,FAIL,FAIL,PASS,FAIL,65
CF03890,FAIL,PASS,PASS,FAIL,PASS,72
CF03891,PASS,PASS,FAIL,PASS,FAIL,72
CF03892,PASS,FAIL,PASS,PASS,PASS,68
CF03893,PASS,PASS,PASS,FAIL,FAIL,87
CF03894,PASS,PASS,FAIL,PASS,PASS,60
CF03895,PASS,FAIL,PASS,FAIL,FAIL,97
CF03896,PASS,FAIL,PASS,FAIL,PASS,93
CF03897,PASS,FAIL,FAIL,PASS,PASS,94
CF03898,FAIL,FAIL,PASS,PASS,FAIL,96
CF03899,PASS,FAIL,FAIL,FAIL,PASS,98
CF03900,PASS,PASS,PASS,FAIL,FAIL,90
CF03901,FAIL,PASS,FAIL,FAIL,PASS,87
CF03902,FAIL,PASS,FAIL,FAIL,PASS,69
CF03903,PASS,FAIL,FAIL,FAIL,PASS,97
CF03904,PASS,PASS,PASS,PASS,FAIL,66
CF03905,PASS,PASS,FAIL,PASS,FAIL,76
CF03906,FAIL,FAIL,FAIL,FAIL,PASS,74
CF03907,PASS,FAIL,PASS,PASS,FAIL,73
CF03908,PASS,PASS,PASS,FAIL,PASS,65
CF03909,FAIL,PASS,FAIL,PASS,FAIL,91
CF03910,FAIL,PASS,PASS,FAIL,PASS,62
CF03911,FAIL,FAIL,FAIL,FAIL,FAIL,99
CF03912,FAIL,PASS,FAIL,PASS,PASS,62
CF03913,FAIL,FAIL,FAIL,PASS,FAIL,60
CF03914,PASS,FAIL,PASS,PASS,PASS,96
CF03915,PASS,PASS,PASS,FAIL,PASS,92
CF03916,PASS,PASS,PASS,PASS,FAIL,67
CF03917,PASS,PASS,FAIL,PASS,PASS,74
CF03918,PASS,PASS,FAIL,PASS,PASS,79
CF03919,PASS,PASS,PASS,PASS,FAIL,83
CF03920,PASS,PASS,PASS,FAIL,PASS,84
CF03921,FAIL,PASS,FAIL,FAIL,PASS,83
CF03922,FAIL,FAIL,PASS,PASS,FAIL,66
CF03923,PASS,FAIL,PASS,PASS,PASS,96
CF03924,FAIL,FAIL,PASS,FAIL,FAIL,81
CF03925,PASS,PASS,FAIL,FAIL,FAIL,67
CF03926,FAIL,FAIL,PASS,FAIL,PASS,90
CF03927,PASS,FAIL,FAIL,FAIL,FAIL,65
CF03928,PASS,FAIL,PASS,PASS,PASS,75
CF03929,PASS,PASS,PASS,PASS,FAIL,64
CF03930,PASS,FAIL,PASS,PASS,FAIL,81
CF03931,FAIL,FAIL,PASS,PASS,PASS,91
CF03932,PASS,FAIL,FAIL,FAIL,PASS,65
CF03933,PASS,FAIL,FAIL,PASS,FAIL,82
CF03934,PASS,PASS,FAIL,PASS,FAIL,74
CF03935,FAIL,PASS,PASS,PASS,FAIL,69
CF03936,PASS,PASS,PASS,PASS,PASS,93
CF03937,FAIL,FAIL,FAIL,PASS,FAIL,78
CF03938,FAIL,PASS,FAIL,PASS,PASS,94
CF03939,PASS,PASS,FAIL,PASS,FAIL,82
CF03940,FAIL,PASS,FAIL,FAIL,FAIL,89
CF03941,FAIL,PASS,FAIL,PASS,FAIL,92
CF03942,FAIL,PASS,FAIL,FAIL,FAIL,87
CF03943,FAIL,PASS,FAIL,FAIL,PASS,61
CF03944,FAIL,PASS,FAIL,PASS,PASS,76
CF03945,PASS,FAIL,FAIL,FAIL,FAIL,86
CF03946,FAIL,PASS,PASS,FAIL,PASS,88
CF03947,FAIL,FAIL,PASS,PASS,PASS,89
CF03948,PASS,PASS,FAIL,PASS,FAIL,83
CF03949,PASS,FAIL,FAIL,PASS,FAIL,72
CF03950,PASS,FAIL,PASS,PASS,PASS,87
CF03951,FAIL,FAIL,PASS,FAIL,PASS,62
CF03952,PASS,FAIL,FAIL,FAIL,FAIL,71
CF03953,FAIL,FAIL,FAIL,FAIL,PASS,95
CF03954,PASS,PASS,FAIL,PASS,FAIL,78
CF03955,PASS,FAIL,PASS,FAIL,FAIL,90
CF03956,PASS,PASS,PASS,FAIL,FAIL,72
CF03957,PASS,FAIL,FAIL,FAIL,PASS,64
CF03958,FAIL,FAIL,PASS,FAIL,FAIL,95
CF03959,PASS,PASS,PASS,FAIL,PASS,60
CF03960,PASS,PASS,FAIL,PASS,FAIL,93
CF03961,FAIL,FAIL,FAIL,PASS,FAIL,64
CF03962,FAIL,FAIL,PASS,FAIL,PASS,83
CF03963,FAIL,FAIL,PASS,FAIL,PASS,91
CF03964,PASS,FAIL,PASS,FAIL,PASS,61
CF03965,PASS,FAIL,FAIL,PASS,PASS,69
CF03966,FAIL,PASS,PASS,PASS,PASS,64
CF03967,FAIL,PASS,PASS,PASS,PASS,69
CF03968,FAIL,FAIL,PASS,PASS,PASS,74
CF03969,PASS,PASS,PASS,PASS,PASS,60
CF03970,PASS,FAIL,FAIL,FAIL,PASS,64
CF03971,FAIL,FAIL,FAIL,FAIL,PASS,84
CF03972,FAIL,FAIL,PASS,FAIL,PASS,99
CF03973,PASS,FAIL,PASS,FAIL,FAIL,63
CF03974,PASS,FAIL,PASS,FAIL,FAIL,71
CF03975,PASS,FAIL,FAIL,PASS,FAIL,84
CF03976,PASS,FAIL,PASS,PASS,PASS,64
CF03977,PASS,FAIL,PASS,PASS,PASS,63
CF03978,FAIL,FAIL,PASS,PASS,PASS,86
CF03979,PASS,FAIL,FAIL,PASS,PASS,75
CF03980,FAIL,PASS,FAIL,PASS,FAIL,90
CF03981,FAIL,FAIL,PASS,FAIL,FAIL,98
CF03982,PASS,PASS,FAIL,PASS,PASS,68
CF03983,FAIL,FAIL,PASS,PASS,FAIL,91
CF03984,PASS,FAIL,PASS,PASS,FAIL,60
CF03985,FAIL,FAIL,PASS,FAIL,FAIL,79
CF03986,PASS,FAIL,PASS,PASS,FAIL,95
CF03987,PASS,FAIL,FAIL,PASS,PASS,98
CF03988,PASS,FAIL,FAIL,PASS,PASS,65
CF03989,FAIL,FAIL,PASS,FAIL,FAIL,63
CF03990,FAIL,FAIL,PASS,FAIL,PASS,78
CF03991,FAIL,FAIL,FAIL,FAIL,PASS,90
CF03992,PASS,FAIL,PASS,PASS,FAIL,92
CF03993,PASS,PASS,FAIL,FAIL,FAIL,83
CF03994,PASS,FAIL,PASS,FAIL,PASS,76
CF03995,PASS,PASS,FAIL,PASS,PASS,74
CF03996,FAIL,PASS,PASS,FAIL,FAIL,82
CF03997,FAIL,PASS,PASS,PASS,FAIL,77
CF03998,PASS,PASS,PASS,PASS,PASS,62
CF03999,FAIL,PASS,PASS,PASS,PASS,72
CF04000,PASS,PASS,PASS,PASS,PASS,61
CF04001,FAIL,FAIL,PASS,FAIL,FAIL,69
CF04002,FAIL,FAIL,PASS,FAIL,FAIL,95
CF04003,FAIL,FAIL,PASS,PASS,FAIL,70
CF04004,FAIL,PASS,PASS,PASS,PASS,80
CF04005,PASS,PASS,PASS,PASS,PASS,60
CF04006,FAIL,FAIL,FAIL,FAIL,FAIL,84
CF04007,PASS,FAIL,PASS,PASS,PASS,70
CF04008,FAIL,PASS,PASS,FAIL,FAIL,77
CF04009,PASS,PASS,FAIL,PASS,PASS,91
CF04010,FAIL,PASS,FAIL,FAIL,FAIL,87
CF04011,PASS,FAIL,PASS,FAIL,FAIL,94
CF04012,FAIL,FAIL,PASS,PASS,PASS,70
CF04013,FAIL,FAIL,PASS,FAIL,FAIL,61
CF04014,PASS,FAIL,PASS,PASS,FAIL,77
CF04015,PASS,PASS,FAIL,PASS,FAIL,85
CF04016,PASS,FAIL,FAIL,FAIL,FAIL,63
CF04017,PASS,FAIL,PASS,FAIL,FAIL,75
CF04018,PASS,FAIL,FAIL,FAIL,PASS,95
CF04019,PASS,FAIL,FAIL,PASS,PASS,73
CF04020,FAIL,PASS,FAIL,PASS,FAIL,73
CF04021,FAIL,PASS,PASS,FAIL,FAIL,81
CF04022,PASS,PASS,FAIL,PASS,PASS,97
CF04023,PASS,PASS,PASS,PASS,FAIL,87
CF04024,PASS,PASS,PASS,FAIL,PASS,83
CF04025,FAIL,FAIL,PASS,FAIL,PASS,70
CF04026,FAIL,FAIL,FAIL,PASS,FAIL,65
CF04027,PASS,PASS,PASS,PASS,PASS,77
CF04028,PASS,FAIL,FAIL,FAIL,FAIL,80
CF04029,PASS,PASS,PASS,FAIL,PASS,92
CF04030,PASS,PASS,FAIL,PASS,FAIL,97
CF04031,PASS,PASS,FAIL,FAIL,FAIL,82
CF04032,FAIL,FAIL,FAIL,FAIL,PASS,95
CF04033,PASS,PASS,FAIL,FAIL,FAIL,77
CF04034,PASS,FAIL,PASS,FAIL,FAIL,82
CF04035,FAIL,FAIL,FAIL,FAIL,FAIL,98
CF04036,FAIL,PASS,PASS,FAIL,PASS,97
CF04037,PASS,FAIL,FAIL,FAIL,FAIL,79
CF04038,PASS,FAIL,FAIL,FAIL,FAIL,82
CF04039,PASS,FAIL,PASS,FAIL,PASS,94
CF04040,PASS,PASS,PASS,PASS,PASS,62
CF04041,FAIL,PASS,FAIL,PASS,FAIL,88
CF04042,FAIL,PASS,PASS,PASS,FAIL,93
CF04043,FAIL,FAIL,PASS,PASS,FAIL,90
CF04044,PASS,PASS,FAIL,PASS,PASS,84
CF04045,PASS,PASS,PASS,PASS,FAIL,61
CF04046,FAIL,FAIL,FAIL,FAIL,PASS,95
CF04047,FAIL,PASS,FAIL,FAIL,FAIL,94
CF04048,FAIL,FAIL,FAIL,FAIL,PASS,85
CF04049,PASS,PASS,FAIL,FAIL,FAIL,69
CF04050,FAIL,PASS,PASS,PASS,PASS,67
CF04051,FAIL,FAIL,PASS,PASS,PASS,72
CF04052,PASS,FAIL,FAIL,PASS,FAIL,98
CF04053,PASS,FAIL,FAIL,PASS,FAIL,63
CF04054,FAIL,PASS,FAIL,FAIL,PASS,75
CF04055,FAIL,FAIL,FAIL,FAIL,PASS,70
CF04056,PASS,FAIL,PASS,PASS,FAIL,97
CF04057,PASS,FAIL,PASS,FAIL,FAIL,89
CF04058,PASS,FAIL,PASS,PASS,FAIL,75
CF04059,PASS,PASS,PASS,PASS,FAIL,87
CF04060,FAIL,FAIL,PASS,PASS,PASS,99
CF04061,FAIL,FAIL,FAIL,PASS,FAIL,95
CF04062,FAIL,PASS,PASS,FAIL,FAIL,98
CF04063,PASS,FAIL,FAIL,PASS,PASS,66
CF04064,FAIL,PASS,PASS,PASS,PASS,92
CF04065,PASS,PASS,FAIL,FAIL,FAIL,70
CF04066,PASS,PASS,PASS,FAIL,FAIL,82
CF04067,FAIL,PASS,PASS,PASS,FAIL,67
CF04068,FAIL,PASS,PASS,FAIL,FAIL,97
CF04069,PASS,FAIL,FAIL,FAIL,FAIL,78
CF04070,PASS,FAIL,PASS,PASS,FAIL,91
CF04071,FAIL,FAIL,FAIL,PASS,FAIL,84
CF04072,FAIL,FAIL,PASS,FAIL,FAIL,66
CF04073,PASS,FAIL,FAIL,FAIL,FAIL,92
CF04074,PASS,FAIL,PASS,PASS,FAIL,67
CF04075,PASS,FAIL,PASS,FAIL,FAIL,69
CF04076,FAIL,PASS,FAIL,FAIL,PASS,72
CF04077,FAIL,FAIL,PASS,FAIL,FAIL,60
CF04078,PASS,FAIL,PASS,FAIL,PASS,78
CF04079,FAIL,PASS,FAIL,PASS,FAIL,94
CF04080,FAIL,FAIL,PASS,PASS,FAIL,76
CF04081,PASS,FAIL,FAIL,FAIL,PASS,89
CF04082,FAIL,PASS,FAIL,FAIL,PASS,97
CF04083,PASS,PASS,PASS,PASS,FAIL,99
CF04084,PASS,FAIL,PASS,PASS,PASS,70
CF04085,FAIL,PASS,PASS,PASS,PASS,78
CF04086,FAIL,PASS,FAIL,FAIL,FAIL,70
CF04087,FAIL,PASS,FAIL,FAIL,FAIL,91
CF04088,FAIL,FAIL,FAIL,FAIL,FAIL,96
CF04089,PASS,PASS,PASS,FAIL,FAIL,95
CF04090,FAIL,PASS,PASS,PASS,PASS,66
CF04091,FAIL,FAIL,PASS,PASS,PASS,87
CF04092,FAIL,FAIL,PASS,PASS,FAIL,75
CF04093,FAIL,PASS,PASS,PASS,PASS,85
CF04094,FAIL,PASS,FAIL,PASS,FAIL,74
CF04095,PASS,PASS,PASS,FAIL,FAIL,66
CF04096,FAIL,FAIL,PASS,PASS,FAIL,63
CF04097,FAIL,PASS,PASS,PASS,FAIL,96
CF04098,PASS,PASS,FAIL,FAIL,FAIL,69
CF04099,FAIL,FAIL,PASS,PASS,FAIL,62
CF04100,FAIL,PASS,FAIL,FAIL,FAIL,70
CF04101,FAIL,FAIL,PASS,FAIL,PASS,70
CF04102,PASS,PASS,FAIL,FAIL,PASS,76
CF04103,PASS,PASS,FAIL,FAIL,PASS,83
CF04104,FAIL,PASS,PASS,FAIL,FAIL,75
CF04105,PASS,PASS,FAIL,FAIL,FAIL,71
CF04106,PASS,PASS,PASS,PASS,PASS,64
CF04107,FAIL,PASS,FAIL,PASS,PASS,65
CF04108,FAIL,PASS,FAIL,FAIL,PASS,66
CF04109,FAIL,FAIL,PASS,PASS,FAIL,71
CF04110,PASS,FAIL,FAIL,PASS,FAIL,70
CF04111,FAIL,FAIL,PASS,FAIL,PASS,92
CF04112,PASS,FAIL,FAIL,FAIL,PASS,96
CF04113,PASS,FAIL,PASS,FAIL,PASS,92
CF04114,FAIL,FAIL,FAIL,PASS,FAIL,69
CF04115,FAIL,PASS,FAIL,FAIL,FAIL,63
CF04116,PASS,PASS,PASS,FAIL,PASS,60
CF04117,FAIL,PASS,FAIL,FAIL,FAIL,94
CF04118,FAIL,PASS,FAIL,FAIL,PASS,70
CF04119,PASS,PASS,PASS,FAIL,PASS,60
CF04120,FAIL,FAIL,PASS,PASS,PASS,73
CF04121,FAIL,PASS,FAIL,FAIL,PASS,88
CF04122,FAIL,PASS,PASS,FAIL,FAIL,61
CF04123,FAIL,PASS,PASS,PASS,PASS,97
CF04124,PASS,FAIL,FAIL,FAIL,PASS,98
CF04125,PASS,PASS,PASS,FAIL,PASS,84
CF04126,FAIL,PASS,FAIL,PASS,PASS,75
CF04127,PASS,PASS,FAIL,FAIL,FAIL,93
CF04128,PASS,FAIL,FAIL,PASS,FAIL,64
CF04129,FAIL,FAIL,PASS,FAIL,PASS,68
CF04130,FAIL,FAIL,PASS,PASS,FAIL,81
CF04131,PASS,FAIL,FAIL,FAIL,FAIL,81
CF04132,PASS,FAIL,PASS,FAIL,FAIL,83
CF04133,FAIL,PASS,PASS,PASS,PASS,94
CF04134,PASS,PASS,FAIL,PASS,PASS,87
CF04135,FAIL,PASS,PASS,PASS,PASS,68
CF04136,PASS,PASS,FAIL,FAIL,PASS,90
CF04137,PASS,PASS,PASS,PASS,PASS,90
CF04138,PASS,FAIL,PASS,FAIL,PASS,90
CF04139,FAIL,PASS,FAIL,FAIL,PASS,68
CF04140,FAIL,FAIL,FAIL,FAIL,FAIL,90
CF04141,FAIL,PASS,FAIL,FAIL,FAIL,80
CF04142,PASS,FAIL,PASS,FAIL,FAIL,81
CF04143,PASS,PASS,FAIL,PASS,FAIL,72
CF04144,PASS,FAIL,PASS,FAIL,FAIL,89
CF04145,PASS,PASS,FAIL,PASS,FAIL,63
CF04146,PASS,FAIL,FAIL,PASS,PASS,79
CF04147,PASS,PASS,FAIL,FAIL,PASS,94
CF04148,PASS,PASS,PASS,PASS,FAIL,69
CF04149,PASS,FAIL,PASS,FAIL,FAIL,69
CF04150,FAIL,FAIL,PASS,PASS,PASS,79
CF04151,PASS,PASS,FAIL,FAIL,PASS,92
CF04152,PASS,FAIL,FAIL,PASS,FAIL,61
CF04153,PASS,PASS,FAIL,FAIL,PASS,92
CF04154,PASS,FAIL,FAIL,FAIL,FAIL,91
CF04155,PASS,PASS,PASS,FAIL,FAIL,70
CF04156,PASS,PASS,PASS,FAIL,PASS,62
CF04157,FAIL,PASS,PASS,FAIL,PASS,80
CF04158,PASS,PASS,PASS,FAIL,PASS,68
CF04159,PASS,PASS,FAIL,PASS,FAIL,93
CF04160,FAIL,FAIL,FAIL,PASS,FAIL,65
CF04161,PASS,FAIL,PASS,FAIL,FAIL,92
CF04162,FAIL,FAIL,PASS,FAIL,FAIL,79
CF04163,PASS,PASS,PASS,FAIL,FAIL,76
CF04164,FAIL,PASS,FAIL,PASS,FAIL,96
CF04165,FAIL,PASS,FAIL,FAIL,PASS,64
CF04166,FAIL,PASS,FAIL,FAIL,PASS,69
CF04167,FAIL,PASS,PASS,FAIL,PASS,62
CF04168,FAIL,PASS,FAIL,PASS,FAIL,74
CF04169,FAIL,PASS,PASS,FAIL,PASS,69
CF04170,FAIL,PASS,PASS,PASS,FAIL,85
CF04171,PASS,FAIL,FAIL,FAIL,PASS,97
CF04172,FAIL,FAIL,PASS,FAIL,FAIL,88
CF04173,PASS,FAIL,PASS,PASS,PASS,68
CF04174,FAIL,FAIL,FAIL,FAIL,FAIL,92
CF04175,PASS,FAIL,FAIL,FAIL,FAIL,82
CF04176,FAIL,FAIL,PASS,FAIL,PASS,65
CF04177,FAIL,PASS,PASS,PASS,FAIL,88
CF04178,FAIL,FAIL,FAIL,FAIL,FAIL,68
CF04179,PASS,FAIL,PASS,PASS,FAIL,64
CF04180,PASS,PASS,FAIL,PASS,FAIL,63
CF04181,FAIL,PASS,FAIL,PASS,FAIL,95
CF04182,FAIL,FAIL,FAIL,FAIL,PASS,82
CF04183,FAIL,FAIL,FAIL,PASS,FAIL,98
CF04184,PASS,PASS,PASS,PASS,PASS,86
CF04185,FAIL,FAIL,PASS,FAIL,PASS,87
CF04186,PASS,FAIL,PASS,PASS,FAIL,95
CF04187,PASS,FAIL,FAIL,PASS,FAIL,68
CF04188,FAIL,PASS,PASS,PASS,PASS,70
CF04189,PASS,FAIL,FAIL,PASS,FAIL,82
CF04190,PASS,FAIL,PASS,PASS,FAIL,66
CF04191,FAIL,PASS,PASS,PASS,PASS,87
CF04192,PASS,FAIL,PASS,FAIL,FAIL,69
CF04193,FAIL,PASS,FAIL,PASS,FAIL,75
CF04194,PASS,FAIL,FAIL,PASS,PASS,75
CF04195,PASS,PASS,FAIL,FAIL,PASS,79
CF04196,FAIL,PASS,PASS,PASS,PASS,84
CF04197,PASS,PASS,FAIL,FAIL,FAIL,80
CF04198,FAIL,PASS,PASS,PASS,PASS,78
CF04199,PASS,FAIL,FAIL,FAIL,PASS,77
CF04200,PASS,PASS,FAIL,FAIL,PASS,82
CF04201,FAIL,PASS,FAIL,FAIL,PASS,89
CF04202,PASS,FAIL,FAIL,PASS,FAIL,70
CF04203,FAIL,PASS,PASS,PASS,PASS,89
CF04204,FAIL,PASS,FAIL,FAIL,FAIL,90
CF04205,FAIL,FAIL,FAIL,FAIL,PASS,67
CF04206,FAIL,FAIL,PASS,FAIL,FAIL,64
CF04207,FAIL,PASS,FAIL,PASS,FAIL,63
CF04208,PASS,FAIL,PASS,PASS,FAIL,88
CF04209,FAIL,FAIL,FAIL,FAIL,FAIL,76
CF04210,PASS,FAIL,FAIL,PASS,PASS,65
CF04211,FAIL,FAIL,FAIL,PASS,FAIL,79
CF04212,FAIL,FAIL,PASS,FAIL,PASS,82
CF04213,FAIL,FAIL,PASS,PASS,PASS,68
CF04214,PASS,FAIL,FAIL,PASS,PASS,77
CF04215,FAIL,PASS,FAIL,PASS,FAIL,67
CF04216,FAIL,FAIL,FAIL,PASS,FAIL,64
CF04217,FAIL,PASS,PASS,PASS,FAIL,99
CF04218,FAIL,PASS,FAIL,FAIL,FAIL,61
CF04219,FAIL,FAIL,PASS,PASS,PASS,87
CF04220,FAIL,PASS,PASS,PASS,PASS,87
CF04221,FAIL,FAIL,FAIL,FAIL,FAIL,77
CF04222,FAIL,FAIL,PASS,FAIL,FAIL,85
CF04223,FAIL,PASS,FAIL,PASS,FAIL,84
CF04224,PASS,PASS,FAIL,FAIL,FAIL,62
CF04225,FAIL,FAIL,PASS,FAIL,PASS,80
CF04226,FAIL,PASS,FAIL,FAIL,PASS,81
CF04227,FAIL,PASS,PASS,FAIL,PASS,62
CF04228,FAIL,FAIL,PASS,FAIL,PASS,91
CF04229,FAIL,PASS,FAIL,FAIL,PASS,82
CF04230,PASS,FAIL,PASS,FAIL,FAIL,71
CF04231,PASS,FAIL,PASS,FAIL,FAIL,79
CF04232,FAIL,FAIL,PASS,FAIL,FAIL,78
CF04233,PASS,FAIL,FAIL,PASS,PASS,66
CF04234,PASS,PASS,PASS,PASS,PASS,60
CF04235,FAIL,PASS,FAIL,PASS,PASS,74
CF04236,PASS,PASS,PASS,FAIL,FAIL,89
CF04237,FAIL,FAIL,PASS,PASS,PASS,74
CF04238,PASS,PASS,FAIL,PASS,FAIL,60
CF04239,PASS,FAIL,FAIL,PASS,PASS,69
CF04240,FAIL,FAIL,PASS,PASS,FAIL,69
CF04241,FAIL,FAIL,PASS,PASS,FAIL,81
CF04242,PASS,FAIL,PASS,FAIL,PASS,92
CF04243,PASS,FAIL,PASS,FAIL,PASS,84
CF04244,FAIL,FAIL,PASS,PASS,FAIL,83
CF04245,PASS,PASS,FAIL,PASS,FAIL,69
CF04246,PASS,FAIL,PASS,FAIL,PASS,83
CF04247,PASS,FAIL,FAIL,FAIL,FAIL,73
CF04248,FAIL,FAIL,FAIL,PASS,FAIL,75
CF04249,FAIL,FAIL,FAIL,PASS,FAIL,71
CF04250,FAIL,FAIL,PASS,FAIL,FAIL,60
CF04251,FAIL,PASS,PASS,FAIL,FAIL,73
CF04252,PASS,FAIL,FAIL,PASS,PASS,83
CF04253,PASS,FAIL,FAIL,FAIL,PASS,95
CF04254,FAIL,PASS,PASS,FAIL,FAIL,81
CF04255,PASS,PASS,PASS,PASS,PASS,85
CF04256,PASS,FAIL,FAIL,PASS,PASS,81
CF04257,FAIL,FAIL,FAIL,PASS,FAIL,61
CF04258,PASS,PASS,FAIL,FAIL,PASS,93
CF04259,PASS,PASS,PASS,FAIL,PASS,82
CF04260,FAIL,FAIL,FAIL,FAIL,PASS,91
CF04261,FAIL,FAIL,FAIL,PASS,PASS,97
CF04262,FAIL,PASS,PASS,PASS,PASS,98
CF04263,PASS,FAIL,PASS,PASS,FAIL,63
CF04264,FAIL,PASS,FAIL,FAIL,PASS,95
CF04265,PASS,PASS,FAIL,FAIL,FAIL,90
CF04266,PASS,PASS,FAIL,FAIL,FAIL,65
CF04267,PASS,FAIL,FAIL,PASS,FAIL,88
CF04268,FAIL,FAIL,FAIL,PASS,FAIL,90
CF04269,PASS,FAIL,PASS,PASS,PASS,67
CF04270,FAIL,PASS,FAIL,FAIL,FAIL,80
CF04271,FAIL,FAIL,FAIL,PASS,PASS,70
CF04272,PASS,FAIL,PASS,FAIL,FAIL,90
CF04273,FAIL,FAIL,PASS,FAIL,PASS,72
CF04274,FAIL,PASS,FAIL,PASS,PASS,73
CF04275,FAIL,FAIL,PASS,PASS,PASS,91
CF04276,FAIL,PASS,FAIL,FAIL,FAIL,86
CF04277,PASS,FAIL,PASS,FAIL,FAIL,96
CF04278,FAIL,FAIL,PASS,PASS,PASS,75
CF04279,FAIL,FAIL,PASS,PASS,FAIL,66
CF04280,PASS,FAIL,FAIL,PASS,PASS,74
CF04281,FAIL,PASS,PASS,PASS,PASS,98
CF04282,PASS,FAIL,PASS,FAIL,PASS,67
CF04283,PASS,PASS,PASS,FAIL,PASS,75
CF04284,FAIL,PASS,FAIL,PASS,PASS,65
CF04285,PASS,PASS,FAIL,PASS,PASS,86
CF04286,PASS,PASS,FAIL,FAIL,PASS,93
CF04287,FAIL,FAIL,FAIL,FAIL,FAIL,79
CF04288,FAIL,PASS,PASS,FAIL,FAIL,99
CF04289,PASS,FAIL,PASS,PASS,PASS,89
CF04290,FAIL,FAIL,PASS,PASS,FAIL,94
CF04291,FAIL,PASS,PASS,FAIL,FAIL,67
CF04292,PASS,PASS,FAIL,FAIL,PASS,94
CF04293,PASS,FAIL,FAIL,PASS,FAIL,99
CF04294,FAIL,FAIL,FAIL,FAIL,FAIL,86
CF04295,FAIL,FAIL,PASS,PASS,PASS,82
CF04296,FAIL,PASS,FAIL,PASS,FAIL,99
CF04297,FAIL,PASS,PASS,PASS,FAIL,97
CF04298,FAIL,PASS,FAIL,FAIL,FAIL,60
CF04299,PASS,PASS,FAIL,FAIL,PASS,91
CF04300,FAIL,PASS,FAIL,FAIL,PASS,85
CF04301,FAIL,FAIL,PASS,PASS,PASS,81
CF04302,FAIL,PASS,FAIL,PASS,PASS,91
CF04303,FAIL,PASS,PASS,PASS,PASS,99
CF04304,PASS,PASS,PASS,PASS,PASS,84
CF04305,FAIL,PASS,PASS,FAIL,FAIL,94
CF04306,PASS,FAIL,PASS,PASS,PASS,98
CF04307,PASS,PASS,FAIL,PASS,PASS,68
CF04308,FAIL,PASS,PASS,FAIL,FAIL,72
CF04309,FAIL,FAIL,FAIL,PASS,FAIL,93
CF04310,FAIL,PASS,FAIL,FAIL,PASS,88
CF04311,FAIL,PASS,PASS,FAIL,PASS,95
CF04312,FAIL,PASS,FAIL,FAIL,FAIL,94
CF04313,FAIL,FAIL,PASS,PASS,PASS,78
CF04314,FAIL,PASS,PASS,PASS,PASS,93
CF04315,FAIL,FAIL,FAIL,PASS,PASS,85
CF04316,PASS,PASS,PASS,PASS,FAIL,81
CF04317,PASS,FAIL,PASS,PASS,FAIL,96
CF04318,PASS,PASS,FAIL,FAIL,PASS,89
CF04319,PASS,FAIL,PASS,FAIL,PASS,61
CF04320,FAIL,PASS,FAIL,FAIL,PASS,69
CF04321,PASS,FAIL,PASS,PASS,PASS,70
CF04322,PASS,PASS,PASS,FAIL,PASS,93
CF04323,FAIL,PASS,PASS,FAIL,PASS,95
CF04324,FAIL,FAIL,FAIL,FAIL,FAIL,71
CF04325,FAIL,PASS,PASS,FAIL,PASS,81
CF04326,PASS,FAIL,FAIL,PASS,PASS,60
CF04327,PASS,FAIL,PASS,FAIL,PASS,77
CF04328,PASS,PASS,PASS,PASS,FAIL,89
CF04329,FAIL,FAIL,FAIL,PASS,FAIL,83
CF04330,PASS,PASS,FAIL,PASS,PASS,83
CF04331,PASS,FAIL,FAIL,PASS,FAIL,89
CF04332,PASS,PASS,PASS,PASS,FAIL,97
CF04333,FAIL,FAIL,FAIL,FAIL,PASS,68
CF04334,PASS,PASS,FAIL,PASS,PASS,70
CF04335,FAIL,FAIL,PASS,PASS,PASS,74
CF04336,PASS,FAIL,PASS,FAIL,PASS,65
CF04337,FAIL,FAIL,PASS,FAIL,FAIL,67
CF04338,PASS,PASS,FAIL,PASS,PASS,68
CF04339,PASS,PASS,FAIL,PASS,FAIL,91
CF04340,PASS,PASS,FAIL,FAIL,FAIL,69
CF04341,FAIL,PASS,FAIL,PASS,PASS,61
CF04342,FAIL,FAIL,FAIL,FAIL,FAIL,71
CF04343,PASS,PASS,FAIL,FAIL,FAIL,80
CF04344,FAIL,PASS,PASS,PASS,FAIL,78
CF04345,FAIL,FAIL,PASS,PASS,FAIL,69
CF04346,FAIL,PASS,PASS,PASS,FAIL,95
CF04347,PASS,FAIL,FAIL,PASS,PASS,65
CF04348,FAIL,FAIL,PASS,PASS,FAIL,87
CF04349,FAIL,PASS,FAIL,FAIL,FAIL,98
CF04350,PASS,FAIL,PASS,PASS,FAIL,91
CF04351,PASS,FAIL,FAIL,PASS,FAIL,98
CF04352,PASS,FAIL,FAIL,FAIL,FAIL,99
CF04353,FAIL,PASS,PASS,FAIL,FAIL,60
CF04354,FAIL,FAIL,FAIL,PASS,PASS,75
CF04355,FAIL,FAIL,PASS,FAIL,PASS,81
CF04356,PASS,FAIL,PASS,PASS,PASS,91
CF04357,FAIL,FAIL,PASS,PASS,PASS,98
CF04358,PASS,FAIL,PASS,FAIL,FAIL,66
CF04359,PASS,FAIL,FAIL,FAIL,FAIL,77
CF04360,PASS,FAIL,PASS,PASS,PASS,68
CF04361,PASS,FAIL,PASS,PASS,FAIL,63
CF04362,PASS,PASS,FAIL,FAIL,PASS,93
CF04363,PASS,FAIL,PASS,PASS,PASS,74
CF04364,PASS,FAIL,FAIL,PASS,FAIL,73
CF04365,PASS,FAIL,FAIL,PASS,FAIL,79
CF04366,FAIL,FAIL,PASS,FAIL,PASS,80
CF04367,FAIL,FAIL,PASS,FAIL,FAIL,63
CF04368,PASS,FAIL,PASS,PASS,FAIL,75
CF04369,FAIL,PASS,PASS,FAIL,PASS,97
CF04370,FAIL,FAIL,FAIL,PASS,FAIL,95
CF04371,PASS,FAIL,FAIL,FAIL,PASS,82
CF04372,FAIL,FAIL,FAIL,PASS,PASS,89
CF04373,FAIL,PASS,FAIL,FAIL,FAIL,69
CF04374,PASS,PASS,PASS,FAIL,FAIL,81
CF04375,PASS,FAIL,PASS,FAIL,FAIL,63
CF04376,PASS,PASS,PASS,FAIL,PASS,85
CF04377,PASS,PASS,PASS,FAIL,PASS,64
CF04378,PASS,PASS,PASS,FAIL,PASS,94
CF04379,PASS,FAIL,FAIL,FAIL,FAIL,97
CF04380,PASS,FAIL,PASS,PASS,PASS,61
CF04381,PASS,FAIL,PASS,PASS,FAIL,96
CF04382,FAIL,FAIL,FAIL,FAIL,PASS,97
CF04383,PASS,PASS,FAIL,FAIL,PASS,71
CF04384,PASS,PASS,FAIL,FAIL,FAIL,67
CF04385,FAIL,PASS,PASS,FAIL,FAIL,87
CF04386,FAIL,PASS,FAIL,PASS,FAIL,74
CF04387,FAIL,PASS,FAIL,FAIL,PASS,95
CF04388,PASS,PASS,PASS,FAIL,FAIL,73
CF04389,FAIL,PASS,PASS,FAIL,PASS,60
CF04390,PASS,PASS,PASS,PASS,PASS,78
CF04391,PASS,FAIL,FAIL,PASS,FAIL,93
CF04392,FAIL,FAIL,FAIL,FAIL,FAIL,72
CF04393,PASS,PASS,FAIL,FAIL,PASS,92
CF04394,FAIL,PASS,FAIL,FAIL,FAIL,95
CF04395,FAIL,PASS,PASS,FAIL,PASS,90
CF04396,FAIL,FAIL,PASS,FAIL,FAIL,60
CF04397,FAIL,PASS,PASS,PASS,FAIL,77
CF04398,PASS,FAIL,FAIL,PASS,FAIL,71
CF04399,PASS,FAIL,FAIL,PASS,FAIL,97
CF04400,PASS,PASS,PASS,PASS,PASS,73
CF04401,FAIL,FAIL,PASS,FAIL,FAIL,81
CF04402,PASS,FAIL,FAIL,PASS,PASS,87
CF04403,PASS,PASS,FAIL,PASS,PASS,89
CF04404,FAIL,PASS,PASS,FAIL,FAIL,92
CF04405,FAIL,PASS,FAIL,PASS,FAIL,96
CF04406,FAIL,FAIL,FAIL,FAIL,PASS,82
CF04407,PASS,PASS,PASS,PASS,PASS,69
CF04408,PASS,FAIL,FAIL,PASS,PASS,90
CF04409,FAIL,PASS,FAIL,FAIL,FAIL,95
CF04410,PASS,PASS,PASS,PASS,FAIL,90
CF04411,PASS,FAIL,PASS,FAIL,FAIL,80
CF04412,FAIL,PASS,PASS,PASS,PASS,81
CF04413,PASS,FAIL,FAIL,PASS,PASS,82
CF04414,FAIL,FAIL,PASS,FAIL,FAIL,80
CF04415,PASS,FAIL,PASS,FAIL,PASS,72
CF04416,FAIL,PASS,PASS,PASS,FAIL,71
CF04417,PASS,FAIL,FAIL,PASS,FAIL,76
CF04418,FAIL,PASS,FAIL,FAIL,PASS,88
CF04419,FAIL,PASS,PASS,FAIL,PASS,69
CF04420,PASS,PASS,PASS,PASS,PASS,66
CF04421,FAIL,PASS,FAIL,PASS,PASS,90
CF04422,FAIL,FAIL,FAIL,PASS,FAIL,85
CF04423,PASS,PASS,FAIL,FAIL,PASS,62
CF04424,FAIL,PASS,PASS,PASS,FAIL,78
CF04425,FAIL,PASS,FAIL,FAIL,PASS,68
CF04426,FAIL,PASS,FAIL,PASS,FAIL,65
CF04427,PASS,PASS,PASS,FAIL,PASS,76
CF04428,PASS,PASS,PASS,PASS,FAIL,88
CF04429,PASS,PASS,PASS,FAIL,FAIL,61
CF04430,PASS,FAIL,FAIL,FAIL,PASS,86
CF04431,PASS,PASS,PASS,PASS,FAIL,82
CF04432,FAIL,PASS,PASS,FAIL,PASS,86
CF04433,PASS,PASS,FAIL,PASS,FAIL,68
CF04434,PASS,FAIL,FAIL,FAIL,PASS,99
CF04435,FAIL,FAIL,PASS,FAIL,PASS,87
CF04436,PASS,PASS,PASS,FAIL,PASS,72
CF04437,FAIL,FAIL,PASS,FAIL,PASS,94
CF04438,PASS,PASS,FAIL,PASS,FAIL,83
CF04439,PASS,PASS,FAIL,FAIL,PASS,74
CF04440,FAIL,FAIL,FAIL,PASS,PASS,79
CF04441,FAIL,FAIL,FAIL,PASS,PASS,74
CF04442,PASS,FAIL,FAIL,FAIL,PASS,74
CF04443,PASS,PASS,FAIL,PASS,FAIL,63
CF04444,PASS,PASS,FAIL,FAIL,FAIL,79
CF04445,PASS,FAIL,FAIL,PASS,FAIL,96
CF04446,FAIL,PASS,PASS,PASS,PASS,85
CF04447,PASS,PASS,PASS,FAIL,PASS,63
CF04448,FAIL,PASS,PASS,PASS,FAIL,71
CF04449,FAIL,FAIL,FAIL,FAIL,FAIL,94
CF04450,PASS,PASS,FAIL,FAIL,FAIL,93
CF04451,FAIL,FAIL,PASS,PASS,PASS,75
CF04452,FAIL,PASS,FAIL,PASS,FAIL,67
CF04453,FAIL,FAIL,PASS,FAIL,FAIL,68
CF04454,PASS,PASS,FAIL,PASS,FAIL,62
CF04455,PASS,FAIL,FAIL,PASS,PASS,99
CF04456,PASS,PASS,FAIL,FAIL,PASS,65
CF04457,FAIL,FAIL,PASS,PASS,PASS,97
CF04458,PASS,PASS,FAIL,FAIL,FAIL,81
CF04459,FAIL,FAIL,FAIL,FAIL,FAIL,85
CF04460,FAIL,PASS,PASS,PASS,PASS,89
CF04461,PASS,FAIL,FAIL,FAIL,PASS,97
CF04462,FAIL,FAIL,FAIL,PASS,PASS,63
CF04463,FAIL,FAIL,FAIL,PASS,FAIL,60
CF04464,FAIL,FAIL,FAIL,PASS,FAIL,79
CF04465,FAIL,PASS,PASS,PASS,PASS,65
CF04466,PASS,PASS,FAIL,PASS,FAIL,94
CF04467,FAIL,FAIL,FAIL,FAIL,PASS,69
CF04468,PASS,PASS,PASS,FAIL,FAIL,66
CF04469,FAIL,FAIL,FAIL,FAIL,FAIL,76
CF04470,FAIL,FAIL,FAIL,PASS,PASS,80
CF04471,FAIL,FAIL,FAIL,PASS,PASS,78
CF04472,FAIL,FAIL,PASS,FAIL,FAIL,86
CF04473,FAIL,FAIL,FAIL,FAIL,PASS,92
CF04474,PASS,FAIL,FAIL,PASS,PASS,87
CF04475,FAIL,FAIL,PASS,PASS,PASS,66
CF04476,PASS,PASS,PASS,FAIL,PASS,71
CF04477,PASS,PASS,FAIL,FAIL,FAIL,67
CF04478,PASS,FAIL,PASS,FAIL,FAIL,88
CF04479,FAIL,FAIL,PASS,FAIL,PASS,90
CF04480,PASS,FAIL,PASS,FAIL,FAIL,77
CF04481,PASS,FAIL,PASS,PASS,FAIL,85
CF04482,FAIL,PASS,PASS,FAIL,PASS,99
CF04483,FAIL,PASS,PASS,FAIL,FAIL,64
CF04484,FAIL,PASS,PASS,FAIL,FAIL,93
CF04485,FAIL,PASS,FAIL,PASS,PASS,86
CF04486,FAIL,PASS,PASS,PASS,PASS,95
CF04487,PASS,PASS,PASS,FAIL,FAIL,94
CF04488,PASS,FAIL,FAIL,FAIL,PASS,75
CF04489,PASS,PASS,PASS,PASS,FAIL,96
CF04490,FAIL,PASS,FAIL,PASS,PASS,76
CF04491,FAIL,PASS,PASS,FAIL,PASS,99
CF04492,FAIL,PASS,PASS,PASS,PASS,76
CF04493,PASS,FAIL,PASS,PASS,PASS,62
CF04494,FAIL,FAIL,PASS,PASS,PASS,63
CF04495,PASS,PASS,PASS,PASS,PASS,94
CF04496,PASS,FAIL,PASS,PASS,FAIL,78
CF04497,PASS,PASS,PASS,FAIL,FAIL,63
CF04498,PASS,PASS,PASS,PASS,FAIL,91
CF04499,PASS,PASS,PASS,PASS,FAIL,71
CF04500,PASS,PASS,PASS,FAIL,FAIL,80
CF04501,PASS,FAIL,PASS,FAIL,FAIL,92
CF04502,FAIL,FAIL,FAIL,PASS,PASS,95
CF04503,FAIL,FAIL,PASS,FAIL,FAIL,62
CF04504,FAIL,FAIL,PASS,FAIL,FAIL,76
CF04505,PASS,PASS,PASS,PASS,FAIL,73
CF04506,PASS,PASS,FAIL,FAIL,PASS,65
CF04507,PASS,PASS,PASS,PASS,FAIL,70
CF04508,PASS,PASS,FAIL,PASS,PASS,87
CF04509,PASS,PASS,FAIL,PASS,PASS,75
CF04510,PASS,PASS,PASS,PASS,FAIL,93
CF04511,FAIL,PASS,FAIL,FAIL,FAIL,84
CF04512,PASS,FAIL,FAIL,FAIL,PASS,67
CF04513,FAIL,PASS,FAIL,PASS,FAIL,73
CF04514,FAIL,FAIL,PASS,PASS,FAIL,64
CF04515,FAIL,FAIL,PASS,PASS,FAIL,87
CF04516,PASS,PASS,PASS,FAIL,FAIL,66
CF04517,FAIL,FAIL,FAIL,FAIL,FAIL,77
CF04518,FAIL,FAIL,FAIL,PASS,FAIL,68
CF04519,FAIL,PASS,FAIL,FAIL,PASS,61
CF04520,PASS,FAIL,PASS,FAIL,PASS,64
CF04521,PASS,PASS,FAIL,PASS,PASS,94
CF04522,PASS,FAIL,PASS,FAIL,FAIL,72
CF04523,PASS,FAIL,FAIL,FAIL,FAIL,99
CF04524,FAIL,PASS,PASS,FAIL,PASS,66
CF04525,FAIL,PASS,FAIL,FAIL,FAIL,65
CF04526,FAIL,PASS,FAIL,PASS,PASS,76
CF04527,PASS,PASS,PASS,FAIL,FAIL,79
CF04528,PASS,FAIL,FAIL,PASS,PASS,70
CF04529,PASS,PASS,PASS,PASS,PASS,67
CF04530,PASS,PASS,FAIL,PASS,PASS,60
CF04531,PASS,PASS,FAIL,FAIL,FAIL,92
CF04532,FAIL,FAIL,FAIL,PASS,FAIL,77
CF04533,FAIL,FAIL,PASS,PASS,FAIL,88
CF04534,FAIL,FAIL,PASS,FAIL,PASS,62
CF04535,FAIL,FAIL,FAIL,PASS,FAIL,86
CF04536,PASS,FAIL,PASS,FAIL,FAIL,85
CF04537,PASS,PASS,PASS,FAIL,FAIL,97
CF04538,PASS,FAIL,FAIL,FAIL,FAIL,78
CF04539,PASS,PASS,FAIL,PASS,PASS,86
CF04540,FAIL,FAIL,FAIL,FAIL,FAIL,94
CF04541,FAIL,PASS,PASS,FAIL,PASS,94
CF04542,PASS,PASS,FAIL,PASS,PASS,96
CF04543,PASS,PASS,PASS,PASS,PASS,87
CF04544,PASS,PASS,FAIL,FAIL,PASS,95
CF04545,FAIL,PASS,PASS,FAIL,FAIL,60
CF04546,FAIL,PASS,FAIL,PASS,PASS,79
CF04547,FAIL,FAIL,FAIL,PASS,PASS,82
CF04548,PASS,FAIL,FAIL,PASS,FAIL,78
CF04549,FAIL,FAIL,PASS,FAIL,PASS,73
CF04550,FAIL,FAIL,PASS,FAIL,FAIL,81
CF04551,FAIL,PASS,PASS,FAIL,FAIL,92
CF04552,PASS,FAIL,PASS,PASS,FAIL,77
CF04553,PASS,FAIL,FAIL,PASS,PASS,71
CF04554,PASS,FAIL,FAIL,FAIL,FAIL,79
CF04555,FAIL,FAIL,PASS,PASS,FAIL,69
CF04556,FAIL,FAIL,FAIL,PASS,PASS,89
CF04557,FAIL,PASS,PASS,PASS,PASS,70
CF04558,PASS,FAIL,PASS,FAIL,FAIL,71
CF04559,FAIL,FAIL,FAIL,PASS,FAIL,97
CF04560,FAIL,FAIL,FAIL,FAIL,PASS,74
CF04561,FAIL,PASS,PASS,PASS,PASS,86
CF04562,PASS,PASS,FAIL,PASS,FAIL,86
CF04563,FAIL,PASS,FAIL,FAIL,PASS,91
CF04564,PASS,PASS,FAIL,FAIL,FAIL,76
CF04565,PASS,FAIL,FAIL,PASS,FAIL,94
CF04566,FAIL,FAIL,PASS,PASS,FAIL,75
CF04567,FAIL,PASS,FAIL,PASS,FAIL,84
CF04568,PASS,PASS,FAIL,FAIL,PASS,66
CF04569,FAIL,FAIL,PASS,PASS,PASS,65
CF04570,FAIL,FAIL,PASS,PASS,FAIL,72
CF04571,PASS,PASS,FAIL,PASS,FAIL,71
CF04572,PASS,FAIL,FAIL,FAIL,PASS,96
CF04573,PASS,PASS,PASS,PASS,FAIL,75
CF04574,FAIL,PASS,PASS,FAIL,PASS,79
CF04575,PASS,PASS,FAIL,PASS,PASS,73
CF04576,PASS,PASS,FAIL,FAIL,PASS,81
CF04577,PASS,PASS,PASS,PASS,PASS,66
CF04578,FAIL,FAIL,FAIL,PASS,PASS,90
CF04579,PASS,FAIL,PASS,FAIL,PASS,77
CF04580,FAIL,PASS,PASS,PASS,PASS,90
CF04581,PASS,PASS,PASS,FAIL,PASS,94
CF04582,PASS,FAIL,PASS,PASS,PASS,82
CF04583,FAIL,FAIL,PASS,FAIL,FAIL,63
CF04584,PASS,FAIL,PASS,PASS,FAIL,60
CF04585,PASS,FAIL,FAIL,FAIL,PASS,84
CF04586,FAIL,PASS,PASS,PASS,FAIL,81
CF04587,FAIL,PASS,PASS,FAIL,FAIL,63
CF04588,PASS,FAIL,FAIL,PASS,PASS,84
CF04589,FAIL,PASS,FAIL,FAIL,PASS,73
CF04590,FAIL,PASS,PASS,PASS,FAIL,73
CF04591,PASS,FAIL,PASS,PASS,FAIL,74
CF04592,PASS,FAIL,FAIL,FAIL,PASS,83
CF04593,FAIL,FAIL,PASS,FAIL,PASS,70
CF04594,FAIL,FAIL,PASS,PASS,FAIL,75
CF04595,PASS,FAIL,PASS,FAIL,FAIL,66
CF04596,FAIL,FAIL,FAIL,FAIL,PASS,71
CF04597,FAIL,FAIL,PASS,FAIL,PASS,72
CF04598,FAIL,PASS,PASS,FAIL,PASS,70
CF04599,PASS,PASS,PASS,FAIL,FAIL,83
CF04600,PASS,PASS,PASS,PASS,FAIL,89
CF04601,PASS,PASS,PASS,PASS,PASS,68
CF04602,FAIL,FAIL,FAIL,PASS,FAIL,65
CF04603,PASS,FAIL,PASS,FAIL,FAIL,75
CF04604,PASS,FAIL,PASS,PASS,PASS,71
CF04605,PASS,FAIL,FAIL,PASS,FAIL,78
CF04606,FAIL,FAIL,FAIL,PASS,FAIL,60
CF04607,PASS,FAIL,FAIL,FAIL,FAIL,65
CF04608,FAIL,FAIL,FAIL,PASS,PASS,93
CF04609,FAIL,PASS,FAIL,PASS,PASS,98
CF04610,PASS,FAIL,FAIL,FAIL,FAIL,88
CF04611,PASS,PASS,FAIL,FAIL,PASS,65
CF04612,PASS,PASS,FAIL,PASS,FAIL,90
CF04613,FAIL,FAIL,PASS,PASS,FAIL,99
CF04614,PASS,PASS,FAIL,FAIL,FAIL,95
CF04615,FAIL,FAIL,PASS,FAIL,PASS,89
CF04616,FAIL,PASS,PASS,FAIL,PASS,80
CF04617,FAIL,FAIL,PASS,FAIL,FAIL,98
CF04618,PASS,FAIL,FAIL,FAIL,PASS,84
CF04619,PASS,PASS,FAIL,PASS,PASS,94
CF04620,PASS,PASS,PASS,FAIL,FAIL,67
CF04621,FAIL,PASS,FAIL,PASS,FAIL,82
CF04622,FAIL,PASS,PASS,PASS,FAIL,70
CF04623,PASS,FAIL,FAIL,PASS,PASS,67
CF04624,FAIL,FAIL,PASS,FAIL,PASS,81
CF04625,PASS,FAIL,FAIL,PASS,FAIL,60
CF04626,FAIL,PASS,PASS,FAIL,FAIL,70
CF04627,FAIL,FAIL,PASS,PASS,PASS,78
CF04628,PASS,PASS,FAIL,PASS,PASS,75
CF04629,PASS,FAIL,PASS,PASS,PASS,84
CF04630,FAIL,PASS,PASS,PASS,PASS,80
CF04631,FAIL,FAIL,PASS,PASS,FAIL,78
CF04632,FAIL,FAIL,PASS,FAIL,FAIL,93
CF04633,PASS,FAIL,PASS,FAIL,FAIL,81
CF04634,PASS,PASS,FAIL,FAIL,FAIL,65
CF04635,FAIL,FAIL,FAIL,FAIL,PASS,77
CF04636,PASS,PASS,FAIL,PASS,PASS,94
CF04637,PASS,FAIL,PASS,PASS,PASS,60
CF04638,FAIL,FAIL,PASS,FAIL,FAIL,65
CF04639,FAIL,FAIL,FAIL,FAIL,PASS,70
CF04640,PASS,FAIL,FAIL,FAIL,PASS,83
CF04641,PASS,FAIL,PASS,FAIL,PASS,85
CF04642,PASS,PASS,PASS,FAIL,FAIL,72
CF04643,PASS,PASS,FAIL,PASS,PASS,90
CF04644,FAIL,FAIL,PASS,PASS,PASS,61
CF04645,FAIL,PASS,FAIL,PASS,FAIL,89
CF04646,PASS,FAIL,FAIL,FAIL,FAIL,86
CF04647,FAIL,PASS,FAIL,PASS,PASS,64
CF04648,PASS,PASS,FAIL,PASS,FAIL,64
CF04649,FAIL,PASS,FAIL,PASS,PASS,89
CF04650,PASS,FAIL,PASS,PASS,PASS,96
CF04651,PASS,FAIL,FAIL,FAIL,PASS,69
CF04652,FAIL,PASS,PASS,PASS,PASS,76
CF04653,FAIL,PASS,FAIL,FAIL,FAIL,84
CF04654,FAIL,FAIL,PASS,PASS,PASS,65
CF04655,FAIL,PASS,PASS,PASS,PASS,66
CF04656,PASS,PASS,FAIL,FAIL,PASS,63
CF04657,PASS,PASS,FAIL,FAIL,FAIL,61
CF04658,FAIL,FAIL,PASS,FAIL,FAIL,75
CF04659,FAIL,PASS,FAIL,FAIL,PASS,87
CF04660,FAIL,PASS,PASS,PASS,FAIL,62
CF04661,FAIL,PASS,FAIL,FAIL,PASS,68
CF04662,FAIL,FAIL,FAIL,PASS,PASS,85
CF04663,FAIL,FAIL,PASS,FAIL,FAIL,70
CF04664,PASS,FAIL,PASS,FAIL,FAIL,80
CF04665,FAIL,FAIL,PASS,PASS,PASS,60
CF04666,FAIL,PASS,PASS,FAIL,FAIL,80
CF04667,FAIL,PASS,PASS,PASS,FAIL,64
CF04668,FAIL,PASS,FAIL,PASS,PASS,71
CF04669,FAIL,FAIL,FAIL,PASS,FAIL,99
CF04670,FAIL,PASS,PASS,FAIL,FAIL,67
CF04671,FAIL,FAIL,FAIL,PASS,FAIL,93
CF04672,PASS,PASS,FAIL,FAIL,PASS,82
CF04673,PASS,FAIL,PASS,FAIL,FAIL,76
CF04674,PASS,PASS,PASS,PASS,PASS,88
CF04675,FAIL,FAIL,FAIL,FAIL,FAIL,99
CF04676,FAIL,PASS,FAIL,FAIL,FAIL,94
CF04677,PASS,FAIL,FAIL,PASS,PASS,75
CF04678,PASS,PASS,FAIL,PASS,PASS,90
CF04679,FAIL,PASS,PASS,PASS,PASS,89
CF04680,FAIL,FAIL,FAIL,PASS,PASS,68
CF04681,FAIL,FAIL,PASS,PASS,FAIL,82
CF04682,PASS,PASS,FAIL,FAIL,FAIL,73
CF04683,FAIL,FAIL,PASS,PASS,FAIL,89
CF04684,PASS,FAIL,PASS,FAIL,FAIL,94
CF04685,FAIL,PASS,PASS,PASS,PASS,71
CF04686,PASS,PASS,FAIL,FAIL,PASS,63
CF04687,FAIL,FAIL,FAIL,FAIL,PASS,85
CF04688,PASS,PASS,FAIL,PASS,FAIL,74
CF04689,PASS,PASS,PASS,PASS,PASS,71
CF04690,FAIL,PASS,PASS,FAIL,PASS,64
CF04691,PASS,PASS,PASS,PASS,PASS,77
CF04692,FAIL,PASS,PASS,FAIL,FAIL,91
CF04693,FAIL,FAIL,FAIL,FAIL,PASS,98
CF04694,PASS,PASS,FAIL,FAIL,PASS,72
CF04695,FAIL,PASS,FAIL,FAIL,FAIL,71
CF04696,PASS,FAIL,PASS,PASS,PASS,94
CF04697,PASS,FAIL,FAIL,PASS,PASS,72
CF04698,FAIL,PASS,FAIL,PASS,FAIL,63
CF04699,FAIL,PASS,FAIL,FAIL,PASS,81
CF04700,PASS,FAIL,FAIL,FAIL,FAIL,75
CF04701,PASS,FAIL,FAIL,PASS,FAIL,91
CF04702,PASS,FAIL,FAIL,FAIL,PASS,71
CF04703,PASS,PASS,PASS,FAIL,FAIL,82
CF04704,PASS,PASS,PASS,FAIL,FAIL,97
CF04705,PASS,PASS,FAIL,PASS,PASS,62
CF04706,PASS,PASS,FAIL,PASS,FAIL,70
CF04707,FAIL,FAIL,PASS,PASS,PASS,68
CF04708,PASS,FAIL,PASS,FAIL,PASS,84
CF04709,PASS,PASS,FAIL,PASS,PASS,63
CF04710,PASS,FAIL,FAIL,FAIL,PASS,63
CF04711,PASS,PASS,FAIL,PASS,PASS,96
CF04712,PASS,PASS,PASS,FAIL,FAIL,89
CF04713,PASS,FAIL,PASS,FAIL,PASS,96
CF04714,PASS,FAIL,FAIL,PASS,FAIL,70
CF04715,PASS,PASS,PASS,FAIL,FAIL,62
CF04716,PASS,PASS,FAIL,PASS,FAIL,60
CF04717,FAIL,FAIL,FAIL,FAIL,FAIL,96
CF04718,FAIL,FAIL,FAIL,PASS,FAIL,93
CF04719,PASS,PASS,PASS,FAIL,FAIL,72
CF04720,PASS,PASS,FAIL,PASS,PASS,71
CF04721,FAIL,FAIL,PASS,FAIL,PASS,90
CF04722,PASS,FAIL,PASS,PASS,PASS,87
CF04723,PASS,FAIL,FAIL,FAIL,FAIL,77
CF04724,FAIL,FAIL,PASS,PASS,FAIL,87
CF04725,FAIL,FAIL,PASS,PASS,FAIL,67
CF04726,PASS,FAIL,PASS,FAIL,FAIL,87
CF04727,FAIL,PASS,FAIL,FAIL,FAIL,62
CF04728,PASS,PASS,PASS,PASS,PASS,70
CF04729,FAIL,PASS,PASS,PASS,PASS,88
CF04730,PASS,FAIL,PASS,FAIL,FAIL,89
CF04731,FAIL,PASS,FAIL,FAIL,PASS,76
CF04732,FAIL,FAIL,FAIL,PASS,FAIL,76
CF04733,FAIL,PASS,PASS,FAIL,PASS,97
CF04734,PASS,PASS,FAIL,PASS,PASS,72
CF04735,PASS,FAIL,FAIL,PASS,FAIL,90
CF04736,FAIL,PASS,FAIL,PASS,FAIL,76
CF04737,FAIL,FAIL,FAIL,FAIL,PASS,87
CF04738,FAIL,PASS,PASS,PASS,PASS,93
CF04739,FAIL,PASS,FAIL,FAIL,PASS,92
CF04740,PASS,FAIL,PASS,FAIL,PASS,64
CF04741,PASS,FAIL,PASS,FAIL,PASS,76
CF04742,PASS,FAIL,FAIL,FAIL,FAIL,91
CF04743,FAIL,FAIL,PASS,PASS,PASS,64
CF04744,PASS,FAIL,FAIL,PASS,PASS,92
CF04745,PASS,FAIL,FAIL,PASS,PASS,70
CF04746,FAIL,PASS,FAIL,FAIL,PASS,68
CF04747,PASS,PASS,FAIL,FAIL,PASS,76
CF04748,PASS,PASS,PASS,FAIL,PASS,66
CF04749,FAIL,PASS,PASS,FAIL,PASS,96
CF04750,FAIL,PASS,PASS,PASS,PASS,84
CF04751,PASS,PASS,PASS,PASS,FAIL,73
CF04752,PASS,FAIL,PASS,FAIL,FAIL,75
CF04753,FAIL,PASS,PASS,PASS,FAIL,94
CF04754,PASS,PASS,PASS,PASS,FAIL,87
CF04755,FAIL,PASS,FAIL,PASS,PASS,81
CF04756,PASS,FAIL,FAIL,PASS,PASS,64
CF04757,FAIL,FAIL,PASS,FAIL,FAIL,86
CF04758,PASS,PASS,PASS,PASS,PASS,62
CF04759,PASS,PASS,FAIL,PASS,PASS,86
CF04760,PASS,FAIL,PASS,PASS,FAIL,65
CF04761,FAIL,PASS,PASS,PASS,FAIL,96
CF04762,PASS,FAIL,FAIL,PASS,PASS,96
CF04763,FAIL,FAIL,PASS,PASS,PASS,62
CF04764,FAIL,PASS,FAIL,FAIL,FAIL,87
CF04765,FAIL,FAIL,PASS,FAIL,PASS,89
CF04766,PASS,PASS,FAIL,PASS,FAIL,64
CF04767,FAIL,FAIL,FAIL,PASS,PASS,81
CF04768,FAIL,FAIL,PASS,FAIL,PASS,65
CF04769,FAIL,PASS,FAIL,FAIL,FAIL,78
CF04770,FAIL,PASS,PASS,PASS,FAIL,90
CF04771,FAIL,PASS,PASS,FAIL,PASS,77
CF04772,PASS,PASS,FAIL,FAIL,PASS,93
CF04773,FAIL,PASS,PASS,FAIL,FAIL,72
CF04774,FAIL,FAIL,FAIL,FAIL,PASS,60
CF04775,FAIL,FAIL,FAIL,PASS,FAIL,99
CF04776,PASS,PASS,FAIL,FAIL,PASS,61
CF04777,PASS,PASS,PASS,PASS,FAIL,63
CF04778,FAIL,FAIL,FAIL,PASS,FAIL,63
CF04779,PASS,PASS,FAIL,PASS,FAIL,72
CF04780,FAIL,PASS,PASS,PASS,PASS,76
CF04781,FAIL,FAIL,PASS,FAIL,FAIL,83
CF04782,FAIL,PASS,PASS,FAIL,PASS,92
CF04783,FAIL,FAIL,FAIL,FAIL,PASS,91
CF04784,PASS,FAIL,FAIL,FAIL,PASS,65
CF04785,FAIL,FAIL,FAIL,FAIL,FAIL,69
CF04786,PASS,PASS,FAIL,PASS,FAIL,87
CF04787,FAIL,FAIL,PASS,PASS,FAIL,61
CF04788,FAIL,PASS,PASS,FAIL,FAIL,70
CF04789,PASS,FAIL,PASS,FAIL,FAIL,91
CF04790,FAIL,PASS,PASS,FAIL,PASS,87
CF04791,PASS,FAIL,FAIL,FAIL,PASS,87
CF04792,PASS,FAIL,PASS,PASS,FAIL,66
CF04793,FAIL,FAIL,PASS,PASS,FAIL,74
CF04794,PASS,FAIL,PASS,FAIL,FAIL,78
CF04795,FAIL,PASS,FAIL,PASS,FAIL,87
CF04796,FAIL,PASS,PASS,FAIL,PASS,93
CF04797,FAIL,FAIL,FAIL,PASS,FAIL,61
CF04798,FAIL,FAIL,FAIL,PASS,PASS,75
CF04799,FAIL,FAIL,FAIL,FAIL,PASS,83
CF04800,PASS,FAIL,FAIL,PASS,PASS,81
CF04801,FAIL,FAIL,PASS,PASS,PASS,79
CF04802,FAIL,PASS,PASS,FAIL,PASS,64
CF04803,FAIL,PASS,FAIL,PASS,PASS,73
CF04804,FAIL,PASS,PASS,PASS,PASS,69
CF04805,PASS,FAIL,PASS,FAIL,FAIL,66
CF04806,PASS,FAIL,FAIL,FAIL,FAIL,76
CF04807,PASS,PASS,PASS,FAIL,PASS,64
CF04808,PASS,FAIL,FAIL,FAIL,FAIL,94
CF04809,PASS,FAIL,FAIL,FAIL,FAIL,81
CF04810,FAIL,PASS,FAIL,PASS,PASS,60
CF04811,PASS,FAIL,FAIL,PASS,FAIL,74
CF04812,PASS,PASS,FAIL,FAIL,FAIL,70
CF04813,FAIL,FAIL,FAIL,FAIL,FAIL,88
CF04814,PASS,FAIL,PASS,PASS,FAIL,64
CF04815,FAIL,PASS,FAIL,FAIL,PASS,98
CF04816,FAIL,FAIL,FAIL,FAIL,FAIL,95
CF04817,PASS,FAIL,PASS,PASS,PASS,72
CF04818,PASS,FAIL,PASS,FAIL,FAIL,78
CF04819,PASS,PASS,PASS,PASS,FAIL,67
CF04820,PASS,PASS,FAIL,FAIL,FAIL,60
CF04821,FAIL,PASS,FAIL,PASS,FAIL,64
CF04822,PASS,PASS,FAIL,PASS,PASS,96
CF04823,PASS,PASS,FAIL,FAIL,PASS,72
CF04824,FAIL,PASS,FAIL,FAIL,PASS,87
CF04825,FAIL,FAIL,PASS,PASS,FAIL,95
CF04826,PASS,PASS,FAIL,PASS,FAIL,86
CF04827,PASS,PASS,FAIL,PASS,FAIL,74
CF04828,PASS,FAIL,PASS,PASS,PASS,92
CF04829,FAIL,PASS,PASS,PASS,FAIL,92
CF04830,FAIL,FAIL,PASS,FAIL,FAIL,75
CF04831,PASS,FAIL,PASS,PASS,FAIL,67
CF04832,FAIL,PASS,FAIL,PASS,FAIL,88
CF04833,FAIL,PASS,PASS,FAIL,FAIL,71
CF04834,PASS,PASS,FAIL,PASS,FAIL,79
CF04835,PASS,FAIL,PASS,FAIL,PASS,89
CF04836,PASS,PASS,FAIL,PASS,FAIL,82
CF04837,PASS,FAIL,FAIL,FAIL,FAIL,89
CF04838,FAIL,FAIL,PASS,PASS,PASS,93
CF04839,PASS,PASS,PASS,FAIL,PASS,94
CF04840,PASS,PASS,PASS,FAIL,FAIL,67
CF04841,PASS,PASS,FAIL,PASS,PASS,68
CF04842,FAIL,FAIL,FAIL,PASS,FAIL,73
CF04843,PASS,PASS,FAIL,PASS,FAIL,82
CF04844,PASS,FAIL,PASS,PASS,PASS,86
CF04845,FAIL,FAIL,FAIL,PASS,FAIL,99
CF04846,PASS,FAIL,FAIL,PASS,PASS,80
CF04847,FAIL,FAIL,PASS,FAIL,FAIL,83
CF04848,FAIL,PASS,FAIL,FAIL,PASS,89
CF04849,PASS,PASS,FAIL,PASS,PASS,97
CF04850,FAIL,FAIL,PASS,PASS,PASS,76
CF04851,FAIL,FAIL,FAIL,PASS,PASS,65
CF04852,PASS,FAIL,FAIL,PASS,FAIL,71
CF04853,PASS,FAIL,PASS,FAIL,FAIL,98
CF04854,FAIL,PASS,PASS,PASS,FAIL,78
CF04855,FAIL,PASS,FAIL,PASS,PASS,68
CF04856,FAIL,PASS,PASS,FAIL,PASS,62
CF04857,FAIL,FAIL,FAIL,FAIL,PASS,62
CF04858,PASS,FAIL,FAIL,PASS,FAIL,89
CF04859,FAIL,PASS,FAIL,PASS,FAIL,99
CF04860,PASS,PASS,FAIL,PASS,PASS,63
CF04861,PASS,FAIL,PASS,FAIL,PASS,60
CF04862,PASS,PASS,PASS,FAIL,FAIL,88
CF04863,PASS,FAIL,PASS,PASS,PASS,60
CF04864,FAIL,FAIL,PASS,FAIL,FAIL,78
CF04865,FAIL,FAIL,PASS,PASS,FAIL,97
CF04866,PASS,PASS,PASS,FAIL,FAIL,90
CF04867,FAIL,PASS,FAIL,PASS,FAIL,89
CF04868,FAIL,FAIL,FAIL,PASS,PASS,80
CF04869,FAIL,PASS,FAIL,FAIL,FAIL,98
CF04870,PASS,FAIL,FAIL,FAIL,FAIL,76
CF04871,PASS,FAIL,PASS,FAIL,FAIL,60
CF04872,PASS,PASS,FAIL,PASS,PASS,81
CF04873,PASS,FAIL,PASS,FAIL,FAIL,79
CF04874,PASS,FAIL,PASS,PASS,PASS,72
CF04875,FAIL,FAIL,FAIL,PASS,FAIL,76
CF04876,FAIL,FAIL,PASS,FAIL,PASS,76
CF04877,PASS,FAIL,FAIL,PASS,FAIL,94
CF04878,FAIL,FAIL,FAIL,FAIL,PASS,68
CF04879,FAIL,FAIL,PASS,FAIL,FAIL,62
CF04880,PASS,FAIL,PASS,PASS,PASS,97
CF04881,PASS,PASS,PASS,PASS,PASS,83
CF04882,FAIL,PASS,PASS,PASS,PASS,96
CF04883,PASS,PASS,PASS,FAIL,FAIL,70
CF04884,FAIL,FAIL,FAIL,FAIL,FAIL,90
CF04885,FAIL,FAIL,PASS,FAIL,PASS,81
CF04886,FAIL,FAIL,PASS,FAIL,FAIL,63
CF04887,FAIL,FAIL,PASS,PASS,FAIL,64
CF04888,FAIL,FAIL,PASS,FAIL,FAIL,62
CF04889,PASS,PASS,PASS,PASS,PASS,99
CF04890,FAIL,PASS,PASS,FAIL,PASS,69
CF04891,FAIL,FAIL,PASS,FAIL,PASS,91
CF04892,FAIL,PASS,FAIL,FAIL,FAIL,61
CF04893,PASS,FAIL,FAIL,PASS,PASS,99
CF04894,FAIL,FAIL,PASS,PASS,FAIL,86
CF04895,FAIL,PASS,FAIL,PASS,PASS,70
CF04896,FAIL,PASS,PASS,FAIL,FAIL,62
CF04897,PASS,FAIL,FAIL,FAIL,PASS,73
CF04898,FAIL,PASS,FAIL,PASS,FAIL,86
CF04899,FAIL,FAIL,FAIL,PASS,PASS,97
CF04900,FAIL,PASS,FAIL,FAIL,PASS,78
CF04901,FAIL,PASS,PASS,FAIL,PASS,81
CF04902,PASS,FAIL,PASS,PASS,FAIL,81
CF04903,PASS,FAIL,PASS,PASS,PASS,86
CF04904,PASS,FAIL,PASS,FAIL,FAIL,70
CF04905,PASS,PASS,PASS,PASS,PASS,89
CF04906,PASS,FAIL,FAIL,PASS,PASS,82
CF04907,FAIL,PASS,FAIL,FAIL,FAIL,74
CF04908,FAIL,PASS,FAIL,PASS,PASS,64
CF04909,FAIL,FAIL,FAIL,FAIL,FAIL,65
CF04910,PASS,FAIL,FAIL,FAIL,FAIL,74
CF04911,PASS,FAIL,PASS,PASS,PASS,74
CF04912,FAIL,FAIL,PASS,PASS,FAIL,66
CF04913,PASS,FAIL,PASS,FAIL,FAIL,83
CF04914,FAIL,PASS,PASS,PASS,PASS,68
CF04915,PASS,PASS,FAIL,FAIL,PASS,89
CF04916,FAIL,PASS,FAIL,PASS,FAIL,86
CF04917,FAIL,FAIL,PASS,FAIL,FAIL,74
CF04918,FAIL,FAIL,FAIL,PASS,PASS,84
CF04919,PASS,PASS,FAIL,PASS,FAIL,89
CF04920,FAIL,PASS,PASS,PASS,PASS,98
CF04921,FAIL,FAIL,PASS,PASS,PASS,65
CF04922,FAIL,FAIL,FAIL,FAIL,PASS,68
CF04923,PASS,FAIL,FAIL,FAIL,PASS,88
CF04924,PASS,FAIL,FAIL,FAIL,FAIL,94
CF04925,FAIL,PASS,PASS,PASS,FAIL,85
CF04926,FAIL,PASS,FAIL,PASS,FAIL,91
CF04927,FAIL,PASS,FAIL,FAIL,FAIL,81
CF04928,PASS,FAIL,PASS,PASS,PASS,81
CF04929,PASS,FAIL,PASS,FAIL,PASS,84
CF04930,PASS,PASS,FAIL,FAIL,PASS,93
CF04931,PASS,PASS,PASS,FAIL,FAIL,89
CF04932,FAIL,FAIL,PASS,PASS,PASS,62
CF04933,FAIL,FAIL,PASS,FAIL,FAIL,72
CF04934,FAIL,FAIL,PASS,FAIL,PASS,96
CF04935,FAIL,FAIL,FAIL,FAIL,PASS,60
CF04936,FAIL,PASS,PASS,FAIL,PASS,95
CF04937,FAIL,FAIL,FAIL,PASS,PASS,60
CF04938,PASS,FAIL,PASS,FAIL,PASS,87
CF04939,PASS,PASS,PASS,PASS,FAIL,80
CF04940,PASS,PASS,FAIL,PASS,FAIL,64
CF04941,PASS,PASS,FAIL,FAIL,PASS,88
CF04942,FAIL,FAIL,FAIL,FAIL,FAIL,68
CF04943,PASS,FAIL,FAIL,FAIL,FAIL,85
CF04944,FAIL,PASS,PASS,FAIL,PASS,62
CF04945,PASS,PASS,PASS,PASS,FAIL,69
CF04946,PASS,PASS,FAIL,FAIL,PASS,91
CF04947,FAIL,PASS,PASS,PASS,PASS,75
CF04948,PASS,FAIL,FAIL,PASS,PASS,74
CF04949,PASS,PASS,FAIL,FAIL,FAIL,90
CF04950,PASS,PASS,FAIL,PASS,FAIL,60
CF04951,FAIL,PASS,PASS,FAIL,PASS,78
CF04952,FAIL,FAIL,PASS,PASS,PASS,66
CF04953,PASS,PASS,PASS,PASS,FAIL,76
CF04954,PASS,FAIL,FAIL,PASS,PASS,64
CF04955,FAIL,FAIL,FAIL,FAIL,PASS,88
CF04956,FAIL,FAIL,PASS,FAIL,PASS,79
CF04957,PASS,FAIL,FAIL,FAIL,FAIL,77
CF04958,PASS,PASS,FAIL,PASS,FAIL,68
CF04959,FAIL,FAIL,PASS,PASS,FAIL,74
CF04960,FAIL,PASS,PASS,FAIL,PASS,85
CF04961,PASS,PASS,FAIL,PASS,FAIL,90
CF04962,FAIL,PASS,PASS,PASS,PASS,91
CF04963,PASS,FAIL,PASS,PASS,PASS,89
CF04964,FAIL,PASS,FAIL,PASS,FAIL,61
CF04965,FAIL,FAIL,PASS,FAIL,FAIL,60
CF04966,PASS,FAIL,FAIL,PASS,PASS,91
CF04967,PASS,FAIL,PASS,FAIL,FAIL,86
CF04968,PASS,PASS,FAIL,FAIL,PASS,61
CF04969,FAIL,PASS,FAIL,PASS,PASS,90
CF04970,FAIL,FAIL,PASS,PASS,FAIL,63
CF04971,FAIL,PASS,FAIL,PASS,PASS,69
CF04972,PASS,FAIL,PASS,PASS,FAIL,89
CF04973,PASS,FAIL,PASS,FAIL,PASS,81
CF04974,FAIL,FAIL,FAIL,PASS,PASS,93
CF04975,PASS,FAIL,FAIL,FAIL,PASS,99
CF04976,PASS,FAIL,FAIL,FAIL,FAIL,70
CF04977,FAIL,FAIL,FAIL,FAIL,FAIL,78
CF04978,PASS,PASS,FAIL,PASS,PASS,98
CF04979,FAIL,FAIL,PASS,PASS,PASS,69
CF04980,PASS,FAIL,FAIL,FAIL,PASS,67
CF04981,FAIL,PASS,PASS,FAIL,FAIL,97
CF04982,FAIL,PASS,PASS,PASS,PASS,74
CF04983,PASS,PASS,PASS,FAIL,FAIL,69
CF04984,PASS,PASS,PASS,PASS,PASS,70
CF04985,PASS,PASS,FAIL,PASS,FAIL,79
CF04986,PASS,FAIL,PASS,FAIL,PASS,91
CF04987,PASS,PASS,PASS,PASS,PASS,83
CF04988,PASS,FAIL,PASS,FAIL,PASS,97
CF04989,PASS,PASS,PASS,FAIL,FAIL,95
CF04990,FAIL,PASS,PASS,FAIL,FAIL,68
CF04991,PASS,PASS,FAIL,PASS,FAIL,67
CF04992,PASS,FAIL,PASS,PASS,PASS,70
CF04993,PASS,PASS,PASS,FAIL,FAIL,67
CF04994,PASS,FAIL,PASS,PASS,FAIL,66
CF04995,FAIL,FAIL,PASS,FAIL,FAIL,80
CF04996,PASS,FAIL,PASS,PASS,FAIL,61
CF04997,PASS,FAIL,FAIL,FAIL,FAIL,87
CF04998,PASS,FAIL,FAIL,FAIL,PASS,68
CF04999,PASS,PASS,FAIL,PASS,FAIL,77
CF05000,PASS,FAIL,FAIL,PASS,FAIL,79
CF05001,PASS,FAIL,PASS,PASS,FAIL,64
CF05002,PASS,PASS,PASS,FAIL,PASS,76
CF05003,PASS,PASS,PASS,FAIL,PASS,76
CF05004,PASS,PASS,PASS,PASS,PASS,86
CF05005,FAIL,FAIL,FAIL,PASS,FAIL,63
CF05006,FAIL,PASS,FAIL,FAIL,PASS,92
CF05007,FAIL,FAIL,PASS,PASS,FAIL,90
CF05008,FAIL,PASS,PASS,FAIL,PASS,65
CF05009,PASS,PASS,PASS,PASS,FAIL,85
CF05010,FAIL,FAIL,FAIL,PASS,FAIL,90
CF05011,FAIL,FAIL,FAIL,PASS,PASS,83
CF05012,FAIL,PASS,PASS,PASS,FAIL,90
CF05013,FAIL,PASS,FAIL,FAIL,PASS,86
CF05014,PASS,PASS,PASS,FAIL,PASS,91
CF05015,PASS,PASS,PASS,FAIL,FAIL,94
CF05016,PASS,PASS,PASS,FAIL,PASS,66
CF05017,FAIL,FAIL,FAIL,PASS,PASS,83
CF05018,FAIL,PASS,FAIL,PASS,PASS,99
CF05019,PASS,FAIL,FAIL,FAIL,FAIL,84
CF05020,FAIL,PASS,FAIL,PASS,FAIL,71
CF05021,PASS,PASS,FAIL,FAIL,PASS,60
CF05022,PASS,FAIL,FAIL,PASS,FAIL,76
CF05023,PASS,FAIL,PASS,FAIL,FAIL,73
CF05024,FAIL,PASS,FAIL,PASS,PASS,64
CF05025,PASS,FAIL,PASS,FAIL,FAIL,98
CF05026,PASS,PASS,PASS,PASS,FAIL,97
CF05027,FAIL,FAIL,PASS,FAIL,FAIL,64
CF05028,PASS,PASS,FAIL,FAIL,PASS,62
CF05029,FAIL,PASS,PASS,FAIL,FAIL,86
CF05030,FAIL,FAIL,FAIL,PASS,PASS,96
CF05031,FAIL,PASS,FAIL,PASS,PASS,79
CF05032,FAIL,FAIL,PASS,FAIL,FAIL,79
CF05033,PASS,FAIL,FAIL,PASS,FAIL,68
CF05034,PASS,PASS,FAIL,FAIL,PASS,87
CF05035,PASS,PASS,FAIL,FAIL,FAIL,60
CF05036,PASS,PASS,FAIL,PASS,FAIL,85
CF05037,PASS,FAIL,FAIL,PASS,PASS,60
CF05038,PASS,PASS,PASS,PASS,FAIL,81
CF05039,FAIL,FAIL,FAIL,FAIL,PASS,99
CF05040,FAIL,FAIL,FAIL,PASS,FAIL,98
CF05041,FAIL,PASS,FAIL,FAIL,FAIL,81
CF05042,FAIL,FAIL,FAIL,PASS,PASS,82
CF05043,PASS,FAIL,PASS,PASS,FAIL,65
CF05044,FAIL,FAIL,PASS,FAIL,FAIL,75
CF05045,PASS,PASS,PASS,PASS,PASS,84
CF05046,FAIL,PASS,PASS,PASS,PASS,80
CF05047,FAIL,FAIL,FAIL,PASS,FAIL,82
CF05048,PASS,FAIL,PASS,PASS,FAIL,89
CF05049,FAIL,PASS,PASS,PASS,FAIL,73
CF05050,PASS,PASS,PASS,PASS,FAIL,87
CF05051,FAIL,FAIL,FAIL,FAIL,PASS,64
CF05052,PASS,PASS,FAIL,FAIL,FAIL,80
CF05053,PASS,PASS,PASS,FAIL,FAIL,62
CF05054,PASS,PASS,FAIL,FAIL,FAIL,77
CF05055,FAIL,FAIL,PASS,PASS,PASS,62
CF05056,PASS,PASS,FAIL,FAIL,PASS,74
CF05057,PASS,PASS,PASS,FAIL,FAIL,90
CF05058,FAIL,PASS,PASS,FAIL,PASS,81
CF05059,FAIL,PASS,FAIL,PASS,PASS,96
CF05060,PASS,PASS,FAIL,PASS,FAIL,94
CF05061,FAIL,FAIL,FAIL,PASS,FAIL,80
CF05062,PASS,FAIL,FAIL,FAIL,PASS,87
CF05063,FAIL,PASS,FAIL,FAIL,PASS,79
CF05064,PASS,FAIL,FAIL,PASS,PASS,69
CF05065,FAIL,FAIL,FAIL,PASS,PASS,60
CF05066,FAIL,FAIL,FAIL,FAIL,FAIL,91
CF05067,PASS,FAIL,PASS,FAIL,FAIL,65
CF05068,FAIL,FAIL,PASS,FAIL,FAIL,92
CF05069,FAIL,PASS,FAIL,PASS,FAIL,68
CF05070,PASS,PASS,PASS,FAIL,FAIL,66
CF05071,PASS,PASS,PASS,FAIL,FAIL,98
CF05072,PASS,FAIL,FAIL,PASS,PASS,70
CF05073,PASS,FAIL,PASS,PASS,FAIL,65
CF05074,PASS,FAIL,PASS,PASS,FAIL,76
CF05075,FAIL,PASS,PASS,PASS,FAIL,72
CF05076,PASS,PASS,PASS,PASS,FAIL,96
CF05077,FAIL,PASS,FAIL,FAIL,PASS,75
CF05078,PASS,PASS,FAIL,PASS,PASS,77
CF05079,PASS,PASS,FAIL,PASS,FAIL,84
CF05080,FAIL,FAIL,PASS,PASS,PASS,77
CF05081,PASS,PASS,FAIL,FAIL,FAIL,64
CF05082,FAIL,FAIL,PASS,PASS,PASS,70
CF05083,FAIL,PASS,PASS,PASS,FAIL,94
CF05084,FAIL,PASS,PASS,FAIL,PASS,79
CF05085,FAIL,PASS,PASS,PASS,PASS,62
CF05086,PASS,FAIL,FAIL,FAIL,FAIL,86
CF05087,FAIL,PASS,PASS,FAIL,PASS,61
CF05088,PASS,FAIL,FAIL,FAIL,PASS,62
CF05089,FAIL,FAIL,FAIL,PASS,FAIL,86
CF05090,FAIL,FAIL,FAIL,FAIL,FAIL,92
CF05091,FAIL,PASS,PASS,FAIL,PASS,87
CF05092,FAIL,FAIL,FAIL,FAIL,FAIL,60
CF05093,FAIL,FAIL,FAIL,FAIL,FAIL,80
CF05094,PASS,FAIL,FAIL,FAIL,PASS,63
CF05095,FAIL,FAIL,FAIL,PASS,FAIL,75
CF05096,PASS,FAIL,PASS,FAIL,FAIL,95
CF05097,FAIL,FAIL,PASS,PASS,FAIL,73
CF05098,FAIL,FAIL,PASS,FAIL,PASS,61
CF05099,PASS,FAIL,FAIL,FAIL,FAIL,94
CF05100,PASS,FAIL,FAIL,PASS,PASS,77
CF05101,PASS,PASS,FAIL,FAIL,FAIL,87
CF05102,PASS,FAIL,FAIL,PASS,PASS,77
CF05103,PASS,FAIL,FAIL,PASS,PASS,98
CF05104,FAIL,PASS,PASS,PASS,PASS,80
CF05105,PASS,PASS,PASS,PASS,FAIL,78
CF05106,FAIL,FAIL,FAIL,PASS,PASS,76
CF05107,PASS,FAIL,FAIL,PASS,PASS,67
CF05108,PASS,FAIL,PASS,FAIL,FAIL,97
CF05109,PASS,FAIL,FAIL,FAIL,PASS,78
CF05110,PASS,FAIL,FAIL,PASS,FAIL,94
CF05111,PASS,FAIL,PASS,PASS,PASS,90
CF05112,PASS,PASS,FAIL,PASS,FAIL,81
CF05113,FAIL,PASS,FAIL,FAIL,FAIL,81
CF05114,FAIL,FAIL,PASS,FAIL,FAIL,78
CF05115,PASS,FAIL,FAIL,PASS,PASS,68
CF05116,PASS,FAIL,FAIL,FAIL,FAIL,76
CF05117,FAIL,FAIL,PASS,PASS,PASS,83
CF05118,FAIL,PASS,FAIL,PASS,FAIL,90
CF05119,FAIL,FAIL,FAIL,FAIL,FAIL,66
CF05120,PASS,PASS,PASS,PASS,PASS,82
CF05121,PASS,PASS,FAIL,PASS,FAIL,72
CF05122,FAIL,PASS,PASS,FAIL,FAIL,90
CF05123,FAIL,FAIL,FAIL,PASS,PASS,76
CF05124,FAIL,FAIL,FAIL,PASS,FAIL,64
CF05125,PASS,PASS,PASS,PASS,PASS,96
CF05126,PASS,FAIL,FAIL,FAIL,PASS,70
CF05127,PASS,FAIL,PASS,FAIL,FAIL,86
CF05128,PASS,PASS,PASS,FAIL,FAIL,75
CF05129,PASS,FAIL,FAIL,FAIL,FAIL,71
CF05130,FAIL,PASS,PASS,FAIL,PASS,80
CF05131,FAIL,FAIL,FAIL,PASS,PASS,68
CF05132,FAIL,PASS,FAIL,PASS,PASS,90
CF05133,FAIL,FAIL,PASS,PASS,PASS,67
CF05134,FAIL,PASS,FAIL,FAIL,PASS,94
CF05135,FAIL,FAIL,FAIL,PASS,FAIL,81
CF05136,PASS,FAIL,FAIL,PASS,PASS,87
CF05137,FAIL,PASS,FAIL,PASS,FAIL,76
CF05138,PASS,FAIL,FAIL,PASS,FAIL,72
CF05139,PASS,FAIL,FAIL,PASS,PASS,62
CF05140,FAIL,PASS,PASS,FAIL,PASS,75
CF05141,FAIL,FAIL,FAIL,FAIL,FAIL,94
CF05142,FAIL,PASS,PASS,FAIL,PASS,66
CF05143,PASS,PASS,FAIL,FAIL,PASS,87
CF05144,PASS,FAIL,PASS,FAIL,PASS,91
CF05145,PASS,PASS,FAIL,PASS,FAIL,66
CF05146,FAIL,FAIL,FAIL,PASS,PASS,60
CF05147,PASS,FAIL,FAIL,FAIL,FAIL,77
CF05148,PASS,PASS,PASS,FAIL,FAIL,69
CF05149,PASS,FAIL,FAIL,PASS,FAIL,76
CF05150,FAIL,PASS,PASS,PASS,PASS,92
CF05151,PASS,FAIL,FAIL,PASS,FAIL,74
CF05152,PASS,PASS,PASS,PASS,PASS,62
CF05153,PASS,PASS,FAIL,PASS,PASS,81
CF05154,PASS,FAIL,FAIL,FAIL,FAIL,74
CF05155,FAIL,FAIL,PASS,PASS,PASS,91
CF05156,PASS,PASS,FAIL,FAIL,FAIL,65
CF05157,FAIL,PASS,FAIL,PASS,FAIL,86
CF05158,FAIL,FAIL,PASS,FAIL,PASS,88
CF05159,FAIL,FAIL,FAIL,PASS,PASS,73
CF05160,FAIL,FAIL,PASS,PASS,PASS,62
CF05161,FAIL,PASS,FAIL,FAIL,FAIL,60
CF05162,FAIL,PASS,PASS,FAIL,FAIL,92
CF05163,PASS,FAIL,PASS,PASS,PASS,61
CF05164,FAIL,FAIL,FAIL,FAIL,PASS,63
CF05165,FAIL,FAIL,FAIL,FAIL,FAIL,71
CF05166,PASS,FAIL,FAIL,FAIL,PASS,61
CF05167,PASS,FAIL,PASS,FAIL,FAIL,89
CF05168,PASS,PASS,FAIL,PASS,PASS,95
CF05169,PASS,PASS,PASS,FAIL,PASS,83
CF05170,FAIL,FAIL,FAIL,PASS,PASS,80
CF05171,FAIL,PASS,PASS,PASS,FAIL,73
CF05172,PASS,FAIL,PASS,PASS,FAIL,65
CF05173,PASS,FAIL,FAIL,FAIL,FAIL,97
CF05174,FAIL,PASS,PASS,FAIL,PASS,90
CF05175,FAIL,PASS,PASS,PASS,PASS,62
CF05176,FAIL,PASS,PASS,PASS,FAIL,83
CF05177,PASS,FAIL,FAIL,FAIL,PASS,75
CF05178,FAIL,PASS,FAIL,FAIL,PASS,70
CF05179,PASS,PASS,FAIL,FAIL,FAIL,62
CF05180,PASS,PASS,PASS,PASS,FAIL,85
CF05181,PASS,FAIL,FAIL,PASS,FAIL,73
CF05182,PASS,FAIL,FAIL,PASS,FAIL,84
CF05183,PASS,PASS,FAIL,PASS,PASS,73
CF05184,PASS,PASS,PASS,PASS,PASS,62
CF05185,PASS,PASS,FAIL,PASS,PASS,88
CF05186,FAIL,PASS,PASS,PASS,FAIL,63
CF05187,PASS,PASS,FAIL,PASS,FAIL,66
CF05188,FAIL,FAIL,FAIL,PASS,FAIL,91
CF05189,PASS,FAIL,FAIL,PASS,PASS,93
CF05190,PASS,FAIL,FAIL,FAIL,PASS,61
CF05191,PASS,PASS,PASS,PASS,FAIL,88
CF05192,PASS,PASS,FAIL,FAIL,PASS,97
CF05193,FAIL,FAIL,FAIL,FAIL,PASS,79
CF05194,PASS,PASS,PASS,PASS,FAIL,61
CF05195,FAIL,FAIL,FAIL,FAIL,FAIL,74
CF05196,PASS,FAIL,FAIL,FAIL,PASS,72
CF05197,FAIL,FAIL,PASS,PASS,FAIL,64
CF05198,PASS,FAIL,FAIL,FAIL,FAIL,74
CF05199,FAIL,PASS,PASS,PASS,PASS,80
CF05200,PASS,PASS,PASS,PASS,FAIL,79
CF05201,FAIL,FAIL,FAIL,FAIL,FAIL,86
CF05202,PASS,FAIL,FAIL,PASS,FAIL,74
CF05203,FAIL,PASS,FAIL,FAIL,PASS,99
CF05204,PASS,PASS,PASS,PASS,FAIL,91
CF05205,PASS,PASS,PASS,FAIL,FAIL,72
CF05206,PASS,FAIL,PASS,FAIL,PASS,85
CF05207,FAIL,FAIL,PASS,FAIL,PASS,60
CF05208,PASS,PASS,FAIL,FAIL,FAIL,64
CF05209,FAIL,PASS,PASS,FAIL,FAIL,96
CF05210,PASS,PASS,PASS,FAIL,PASS,62
CF05211,PASS,PASS,PASS,PASS,FAIL,91
CF05212,PASS,PASS,FAIL,PASS,PASS,77
CF05213,PASS,PASS,FAIL,PASS,PASS,97
CF05214,FAIL,FAIL,FAIL,FAIL,FAIL,68
CF05215,PASS,FAIL,FAIL,FAIL,PASS,70
CF05216,PASS,FAIL,PASS,FAIL,PASS,84
CF05217,FAIL,PASS,PASS,PASS,FAIL,75
CF05218,PASS,PASS,PASS,FAIL,PASS,88
CF05219,PASS,FAIL,FAIL,PASS,PASS,71
CF05220,PASS,FAIL,FAIL,PASS,FAIL,61
CF05221,FAIL,FAIL,FAIL,FAIL,PASS,61
CF05222,FAIL,FAIL,FAIL,FAIL,PASS,72
CF05223,FAIL,PASS,PASS,PASS,FAIL,96
CF05224,FAIL,FAIL,PASS,PASS,PASS,64
CF05225,FAIL,PASS,FAIL,PASS,FAIL,83
CF05226,PASS,PASS,FAIL,FAIL,FAIL,89
CF05227,PASS,FAIL,PASS,PASS,PASS,84
CF05228,FAIL,PASS,FAIL,FAIL,PASS,68
CF05229,PASS,FAIL,FAIL,PASS,PASS,91
CF05230,FAIL,PASS,FAIL,PASS,FAIL,96
CF05231,FAIL,FAIL,FAIL,FAIL,FAIL,64
CF05232,FAIL,FAIL,FAIL,PASS,PASS,84
CF05233,PASS,FAIL,PASS,FAIL,FAIL,66
CF05234,PASS,FAIL,PASS,PASS,PASS,69
CF05235,PASS,FAIL,PASS,PASS,PASS,82
CF05236,PASS,PASS,FAIL,FAIL,FAIL,88
CF05237,FAIL,PASS,FAIL,FAIL,FAIL,73
CF05238,PASS,FAIL,FAIL,PASS,FAIL,93
CF05239,PASS,FAIL,PASS,PASS,PASS,91
CF05240,FAIL,PASS,FAIL,PASS,PASS,69
CF05241,PASS,FAIL,FAIL,PASS,FAIL,69
CF05242,PASS,FAIL,PASS,FAIL,FAIL,93
CF05243,FAIL,PASS,FAIL,PASS,FAIL,75
CF05244,PASS,PASS,PASS,FAIL,FAIL,72
CF05245,PASS,FAIL,PASS,PASS,PASS,80
CF05246,FAIL,PASS,PASS,FAIL,PASS,80
CF05247,PASS,PASS,PASS,FAIL,PASS,67
CF05248,PASS,PASS,FAIL,PASS,PASS,60
CF05249,PASS,FAIL,PASS,PASS,FAIL,61
CF05250,FAIL,PASS,PASS,FAIL,FAIL,82
CF05251,FAIL,FAIL,PASS,PASS,PASS,73
CF05252,PASS,FAIL,PASS,PASS,FAIL,75
CF05253,PASS,PASS,PASS,FAIL,FAIL,63
CF05254,PASS,FAIL,FAIL,PASS,FAIL,78
CF05255,FAIL,PASS,FAIL,FAIL,PASS,88
CF05256,FAIL,PASS,PASS,PASS,PASS,67
CF05257,PASS,PASS,FAIL,PASS,PASS,89
CF05258,PASS,FAIL,FAIL,FAIL,FAIL,98
CF05259,FAIL,PASS,FAIL,FAIL,PASS,74
CF05260,FAIL,PASS,FAIL,PASS,FAIL,70
CF05261,PASS,PASS,PASS,FAIL,PASS,77
CF05262,PASS,PASS,PASS,PASS,PASS,69
CF05263,FAIL,FAIL,PASS,PASS,FAIL,98
CF05264,PASS,PASS,FAIL,PASS,FAIL,78
CF05265,FAIL,PASS,FAIL,PASS,PASS,94
CF05266,FAIL,FAIL,PASS,FAIL,FAIL,66
CF05267,PASS,FAIL,FAIL,FAIL,PASS,74
CF05268,PASS,FAIL,FAIL,FAIL,PASS,85
CF05269,PASS,FAIL,PASS,FAIL,PASS,98
CF05270,FAIL,PASS,PASS,FAIL,PASS,71
CF05271,PASS,FAIL,FAIL,PASS,PASS,63
CF05272,FAIL,FAIL,FAIL,FAIL,FAIL,61
CF05273,FAIL,FAIL,FAIL,PASS,PASS,80
CF05274,PASS,FAIL,FAIL,FAIL,FAIL,69
CF05275,PASS,PASS,PASS,FAIL,PASS,79
CF05276,PASS,PASS,PASS,PASS,FAIL,98
CF05277,FAIL,FAIL,PASS,PASS,FAIL,82
CF05278,FAIL,FAIL,PASS,PASS,FAIL,78
CF05279,PASS,FAIL,FAIL,FAIL,PASS,97
CF05280,PASS,PASS,PASS,FAIL,PASS,93
CF05281,FAIL,PASS,PASS,FAIL,FAIL,60
CF05282,FAIL,FAIL,PASS,FAIL,PASS,95
CF05283,PASS,PASS,PASS,PASS,FAIL,85
CF05284,PASS,FAIL,PASS,FAIL,PASS,60
CF05285,PASS,PASS,PASS,PASS,FAIL,61
CF05286,PASS,FAIL,FAIL,PASS,PASS,77
CF05287,PASS,FAIL,PASS,FAIL,PASS,96
CF05288,FAIL,FAIL,FAIL,FAIL,PASS,97
CF05289,FAIL,FAIL,FAIL,PASS,FAIL,94
CF05290,PASS,PASS,PASS,FAIL,FAIL,82
CF05291,FAIL,FAIL,PASS,FAIL,FAIL,65
CF05292,FAIL,FAIL,FAIL,FAIL,FAIL,77
CF05293,PASS,FAIL,FAIL,PASS,PASS,91
CF05294,FAIL,PASS,PASS,FAIL,FAIL,63
CF05295,PASS,PASS,PASS,PASS,FAIL,79
CF05296,FAIL,FAIL,FAIL,PASS,PASS,72
CF05297,FAIL,PASS,FAIL,PASS,FAIL,85
CF05298,FAIL,FAIL,FAIL,FAIL,PASS,69
CF05299,PASS,PASS,FAIL,FAIL,PASS,64
CF05300,PASS,PASS,FAIL,FAIL,FAIL,74
CF05301,FAIL,PASS,PASS,FAIL,FAIL,86
CF05302,FAIL,PASS,PASS,PASS,FAIL,84
CF05303,FAIL,PASS,PASS,PASS,PASS,97
CF05304,PASS,PASS,PASS,PASS,PASS,99
CF05305,PASS,PASS,FAIL,FAIL,FAIL,76
CF05306,FAIL,PASS,PASS,PASS,FAIL,82
CF05307,FAIL,PASS,PASS,PASS,PASS,79
CF05308,PASS,FAIL,PASS,FAIL,FAIL,79
CF05309,PASS,FAIL,FAIL,FAIL,FAIL,78
CF05310,FAIL,PASS,FAIL,FAIL,FAIL,85
CF05311,FAIL,PASS,FAIL,FAIL,FAIL,84
CF05312,PASS,PASS,FAIL,FAIL,FAIL,66
CF05313,PASS,PASS,PASS,PASS,FAIL,73
CF05314,PASS,FAIL,FAIL,PASS,FAIL,92
CF05315,FAIL,FAIL,PASS,FAIL,PASS,61
CF05316,PASS,PASS,PASS,FAIL,FAIL,86
CF05317,FAIL,FAIL,PASS,PASS,PASS,70
CF05318,PASS,PASS,PASS,FAIL,PASS,86
CF05319,FAIL,PASS,PASS,FAIL,PASS,65
CF05320,FAIL,FAIL,FAIL,PASS,PASS,66
CF05321,PASS,FAIL,PASS,PASS,PASS,94
CF05322,PASS,FAIL,FAIL,PASS,PASS,65
CF05323,PASS,PASS,FAIL,FAIL,PASS,66
CF05324,PASS,PASS,PASS,PASS,PASS,61
CF05325,PASS,FAIL,FAIL,PASS,FAIL,89
CF05326,PASS,PASS,FAIL,FAIL,PASS,65
CF05327,FAIL,FAIL,PASS,PASS,FAIL,96
CF05328,PASS,FAIL,PASS,PASS,FAIL,79
CF05329,PASS,PASS,FAIL,PASS,PASS,76
CF05330,FAIL,PASS,PASS,FAIL,FAIL,68
CF05331,FAIL,FAIL,FAIL,PASS,FAIL,95
CF05332,PASS,PASS,FAIL,FAIL,PASS,66
CF05333,FAIL,PASS,PASS,PASS,PASS,81
CF05334,PASS,PASS,FAIL,FAIL,FAIL,81
CF05335,PASS,FAIL,PASS,PASS,PASS,81
CF05336,FAIL,FAIL,FAIL,PASS,FAIL,99
CF05337,PASS,PASS,FAIL,FAIL,FAIL,90
CF05338,FAIL,FAIL,FAIL,FAIL,PASS,91
CF05339,FAIL,PASS,PASS,FAIL,FAIL,80
CF05340,PASS,FAIL,FAIL,FAIL,PASS,62
CF05341,FAIL,PASS,PASS,FAIL,PASS,67
CF05342,PASS,FAIL,PASS,PASS,PASS,75
CF05343,PASS,FAIL,PASS,PASS,FAIL,78
CF05344,PASS,FAIL,FAIL,PASS,FAIL,74
CF05345,PASS,FAIL,PASS,PASS,FAIL,91
CF05346,PASS,PASS,PASS,PASS,PASS,69
CF05347,PASS,PASS,FAIL,PASS,PASS,95
CF05348,PASS,FAIL,FAIL,PASS,FAIL,64
CF05349,PASS,FAIL,PASS,FAIL,FAIL,91
CF05350,FAIL,FAIL,FAIL,FAIL,FAIL,84
CF05351,PASS,PASS,FAIL,PASS,PASS,65
CF05352,PASS,PASS,FAIL,FAIL,PASS,96
CF05353,PASS,PASS,FAIL,PASS,PASS,69
CF05354,FAIL,FAIL,PASS,PASS,FAIL,95
CF05355,FAIL,FAIL,PASS,PASS,FAIL,89
CF05356,PASS,FAIL,FAIL,FAIL,PASS,71
CF05357,FAIL,FAIL,FAIL,PASS,PASS,88
CF05358,PASS,PASS,PASS,PASS,PASS,82
CF05359,FAIL,FAIL,FAIL,PASS,FAIL,98
CF05360,FAIL,FAIL,PASS,FAIL,FAIL,73
CF05361,FAIL,PASS,PASS,FAIL,FAIL,88
CF05362,PASS,FAIL,PASS,FAIL,FAIL,71
CF05363,FAIL,FAIL,FAIL,FAIL,PASS,98
CF05364,FAIL,FAIL,FAIL,PASS,FAIL,80
CF05365,FAIL,PASS,FAIL,PASS,FAIL,84
CF05366,PASS,PASS,FAIL,PASS,PASS,60
CF05367,FAIL,PASS,PASS,PASS,FAIL,67
CF05368,FAIL,FAIL,PASS,FAIL,PASS,64
CF05369,FAIL,FAIL,PASS,FAIL,FAIL,70
CF05370,PASS,FAIL,FAIL,FAIL,FAIL,70
CF05371,PASS,PASS,PASS,FAIL,PASS,88
CF05372,FAIL,PASS,FAIL,PASS,FAIL,78
CF05373,FAIL,FAIL,FAIL,FAIL,FAIL,72
CF05374,FAIL,PASS,FAIL,FAIL,PASS,68
CF05375,PASS,FAIL,PASS,PASS,PASS,61
CF05376,FAIL,FAIL,FAIL,FAIL,PASS,70
CF05377,FAIL,PASS,FAIL,FAIL,PASS,76
CF05378,PASS,PASS,PASS,FAIL,PASS,92
CF05379,PASS,PASS,FAIL,FAIL,FAIL,88
CF05380,PASS,FAIL,PASS,FAIL,PASS,64
CF05381,FAIL,PASS,FAIL,PASS,PASS,68
CF05382,PASS,PASS,FAIL,FAIL,PASS,83
CF05383,PASS,FAIL,PASS,PASS,PASS,65
CF05384,FAIL,PASS,FAIL,FAIL,FAIL,67
CF05385,FAIL,PASS,PASS,FAIL,FAIL,90
CF05386,PASS,FAIL,PASS,FAIL,FAIL,79
CF05387,PASS,FAIL,FAIL,PASS,FAIL,87
CF05388,FAIL,FAIL,FAIL,FAIL,PASS,79
CF05389,PASS,PASS,PASS,PASS,PASS,71
CF05390,PASS,FAIL,FAIL,FAIL,PASS,86
CF05391,PASS,FAIL,FAIL,FAIL,FAIL,64
CF05392,PASS,PASS,PASS,FAIL,PASS,63
CF05393,PASS,FAIL,FAIL,PASS,PASS,70
CF05394,PASS,FAIL,PASS,FAIL,PASS,67
CF05395,PASS,PASS,PASS,PASS,FAIL,65
CF05396,FAIL,FAIL,FAIL,FAIL,FAIL,65
CF05397,FAIL,PASS,FAIL,PASS,PASS,62
CF05398,FAIL,PASS,PASS,FAIL,FAIL,76
CF05399,FAIL,PASS,FAIL,PASS,FAIL,64
CF05400,PASS,FAIL,PASS,PASS,FAIL,72
CF05401,PASS,PASS,FAIL,PASS,FAIL,98
CF05402,PASS,FAIL,FAIL,FAIL,FAIL,87
CF05403,PASS,FAIL,FAIL,PASS,FAIL,69
CF05404,FAIL,PASS,FAIL,FAIL,PASS,77
CF05405,PASS,PASS,PASS,FAIL,PASS,64
CF05406,PASS,FAIL,PASS,PASS,FAIL,69
CF05407,FAIL,PASS,FAIL,FAIL,PASS,98
CF05408,FAIL,PASS,PASS,PASS,PASS,74
CF05409,PASS,PASS,FAIL,FAIL,PASS,99
CF05410,FAIL,PASS,PASS,PASS,FAIL,81
CF05411,PASS,PASS,FAIL,PASS,PASS,64
CF05412,FAIL,FAIL,FAIL,FAIL,PASS,89
CF05413,FAIL,FAIL,PASS,PASS,PASS,78
CF05414,PASS,FAIL,FAIL,FAIL,FAIL,73
CF05415,PASS,FAIL,PASS,PASS,PASS,65
CF05416,FAIL,FAIL,FAIL,PASS,FAIL,86
CF05417,FAIL,FAIL,FAIL,FAIL,PASS,66
CF05418,FAIL,PASS,FAIL,PASS,FAIL,92
CF05419,PASS,FAIL,PASS,PASS,PASS,93
CF05420,PASS,PASS,PASS,FAIL,PASS,91
CF05421,FAIL,PASS,FAIL,PASS,PASS,65
CF05422,FAIL,PASS,FAIL,FAIL,FAIL,77
CF05423,FAIL,FAIL,PASS,PASS,FAIL,66
CF05424,PASS,PASS,PASS,FAIL,FAIL,61
CF05425,FAIL,FAIL,FAIL,FAIL,PASS,80
CF05426,FAIL,FAIL,FAIL,PASS,PASS,80
CF05427,FAIL,PASS,FAIL,PASS,FAIL,95
CF05428,FAIL,FAIL,PASS,PASS,PASS,83
CF05429,FAIL,FAIL,FAIL,FAIL,FAIL,91
CF05430,FAIL,FAIL,FAIL,FAIL,PASS,75
CF05431,PASS,FAIL,PASS,FAIL,FAIL,74
CF05432,FAIL,PASS,PASS,PASS,PASS,80
CF05433,FAIL,PASS,PASS,FAIL,PASS,91
CF05434,PASS,FAIL,FAIL,PASS,PASS,60
CF05435,PASS,FAIL,FAIL,PASS,FAIL,86
CF05436,FAIL,FAIL,PASS,PASS,FAIL,92
CF05437,FAIL,PASS,PASS,PASS,PASS,60
CF05438,PASS,PASS,FAIL,PASS,FAIL,73
CF05439,PASS,PASS,FAIL,PASS,FAIL,82
CF05440,FAIL,FAIL,FAIL,PASS,FAIL,68
CF05441,PASS,PASS,PASS,PASS,PASS,90
CF05442,PASS,FAIL,FAIL,PASS,PASS,86
CF05443,FAIL,FAIL,FAIL,FAIL,FAIL,87
CF05444,FAIL,PASS,FAIL,FAIL,FAIL,86
CF05445,FAIL,PASS,PASS,PASS,FAIL,64
CF05446,PASS,PASS,PASS,FAIL,PASS,84
CF05447,FAIL,FAIL,FAIL,FAIL,FAIL,94
CF05448,PASS,PASS,FAIL,FAIL,PASS,68
CF05449,PASS,PASS,PASS,FAIL,FAIL,82
CF05450,FAIL,FAIL,PASS,FAIL,PASS,78
CF05451,FAIL,PASS,PASS,FAIL,PASS,93
CF05452,FAIL,PASS,PASS,FAIL,FAIL,64
CF05453,PASS,PASS,FAIL,PASS,FAIL,71
CF05454,PASS,PASS,PASS,FAIL,PASS,72
CF05455,PASS,FAIL,PASS,PASS,PASS,91
CF05456,PASS,PASS,PASS,PASS,FAIL,63
CF05457,FAIL,FAIL,PASS,PASS,FAIL,86
CF05458,PASS,FAIL,FAIL,PASS,FAIL,67
CF05459,FAIL,FAIL,FAIL,FAIL,FAIL,93
CF05460,FAIL,FAIL,PASS,PASS,FAIL,82
CF05461,PASS,FAIL,PASS,PASS,FAIL,68
CF05462,PASS,PASS,PASS,PASS,FAIL,78
CF05463,FAIL,FAIL,PASS,PASS,PASS,74
CF05464,FAIL,PASS,PASS,PASS,PASS,91
CF05465,FAIL,FAIL,PASS,PASS,FAIL,86
CF05466,PASS,PASS,PASS,PASS,FAIL,76
CF05467,FAIL,PASS,FAIL,FAIL,PASS,69
CF05468,FAIL,PASS,FAIL,PASS,FAIL,91
CF05469,FAIL,FAIL,PASS,PASS,PASS,61
CF05470,PASS,FAIL,FAIL,PASS,PASS,78
CF05471,FAIL,PASS,FAIL,PASS,FAIL,74
CF05472,FAIL,FAIL,PASS,PASS,FAIL,95
CF05473,FAIL,PASS,PASS,PASS,PASS,92
CF05474,FAIL,PASS,PASS,PASS,PASS,96
CF05475,PASS,FAIL,PASS,FAIL,FAIL,80
CF05476,PASS,FAIL,FAIL,PASS,FAIL,78
CF05477,PASS,FAIL,FAIL,FAIL,PASS,99
CF05478,FAIL,PASS,PASS,FAIL,PASS,63
CF05479,FAIL,PASS,PASS,PASS,PASS,87
CF05480,FAIL,FAIL,PASS,FAIL,FAIL,83
CF05481,FAIL,PASS,FAIL,FAIL,FAIL,94
CF05482,FAIL,PASS,FAIL,FAIL,PASS,79
CF05483,FAIL,FAIL,FAIL,PASS,PASS,71
CF05484,PASS,FAIL,FAIL,PASS,FAIL,85
CF05485,PASS,FAIL,FAIL,FAIL,FAIL,69
CF05486,FAIL,PASS,FAIL,FAIL,FAIL,83
CF05487,PASS,PASS,PASS,PASS,PASS,73
CF05488,FAIL,FAIL,FAIL,FAIL,FAIL,99
CF05489,PASS,PASS,FAIL,PASS,FAIL,87
CF05490,FAIL,FAIL,FAIL,PASS,PASS,61
CF05491,FAIL,FAIL,PASS,FAIL,PASS,93
CF05492,FAIL,FAIL,FAIL,FAIL,PASS,88
CF05493,PASS,FAIL,FAIL,PASS,FAIL,70
CF05494,PASS,PASS,PASS,FAIL,PASS,74
CF05495,FAIL,PASS,PASS,PASS,FAIL,85
CF05496,PASS,PASS,FAIL,PASS,FAIL,82
CF05497,PASS,FAIL,PASS,PASS,PASS,84
CF05498,PASS,FAIL,FAIL,PASS,FAIL,90
CF05499,PASS,PASS,FAIL,FAIL,FAIL,78
CF05500,FAIL,PASS,PASS,FAIL,FAIL,95
CF05501,FAIL,PASS,PASS,PASS,FAIL,97
CF05502,FAIL,FAIL,PASS,FAIL,PASS,97
CF05503,PASS,PASS,PASS,PASS,FAIL,72
CF05504,FAIL,PASS,PASS,PASS,FAIL,88
CF05505,FAIL,FAIL,FAIL,PASS,FAIL,68
CF05506,PASS,FAIL,FAIL,FAIL,FAIL,71
CF05507,PASS,PASS,PASS,FAIL,FAIL,85
CF05508,FAIL,FAIL,FAIL,PASS,PASS,61
CF05509,FAIL,PASS,FAIL,FAIL,FAIL,83
CF05510,PASS,PASS,FAIL,FAIL,PASS,78
CF05511,PASS,PASS,PASS,FAIL,FAIL,96
CF05512,FAIL,FAIL,FAIL,PASS,FAIL,65
CF05513,PASS,PASS,PASS,PASS,PASS,76
CF05514,PASS,PASS,FAIL,PASS,PASS,97
CF05515,PASS,FAIL,FAIL,FAIL,PASS,81
CF05516,FAIL,FAIL,FAIL,FAIL,PASS,77
CF05517,FAIL,PASS,PASS,PASS,PASS,74
CF05518,FAIL,PASS,PASS,FAIL,FAIL,69
CF05519,PASS,FAIL,FAIL,FAIL,FAIL,61
CF05520,PASS,FAIL,PASS,FAIL,PASS,88
CF05521,PASS,PASS,FAIL,PASS,PASS,67
CF05522,PASS,FAIL,FAIL,FAIL,FAIL,85
CF05523,PASS,FAIL,PASS,PASS,FAIL,79
CF05524,FAIL,FAIL,FAIL,FAIL,FAIL,67
CF05525,FAIL,PASS,FAIL,PASS,PASS,67
CF05526,FAIL,PASS,PASS,FAIL,PASS,76
CF05527,FAIL,FAIL,FAIL,PASS,PASS,84
CF05528,PASS,FAIL,PASS,PASS,PASS,89
CF05529,PASS,FAIL,PASS,PASS,FAIL,63
CF05530,FAIL,FAIL,FAIL,FAIL,FAIL,86
CF05531,PASS,PASS,PASS,PASS,PASS,61
CF05532,PASS,FAIL,PASS,FAIL,FAIL,99
CF05533,PASS,FAIL,PASS,PASS,PASS,60
CF05534,PASS,PASS,FAIL,FAIL,PASS,64
CF05535,PASS,PASS,PASS,FAIL,FAIL,66
CF05536,PASS,PASS,FAIL,PASS,PASS,85
CF05537,PASS,FAIL,FAIL,FAIL,FAIL,96
CF05538,PASS,FAIL,PASS,FAIL,PASS,76
CF05539,PASS,FAIL,FAIL,PASS,PASS,61
CF05540,FAIL,FAIL,PASS,FAIL,FAIL,97
CF05541,FAIL,PASS,PASS,PASS,FAIL,76
CF05542,FAIL,FAIL,PASS,PASS,PASS,90
CF05543,PASS,PASS,FAIL,PASS,PASS,64
CF05544,PASS,PASS,FAIL,PASS,FAIL,94
CF05545,PASS,FAIL,PASS,PASS,FAIL,69
CF05546,PASS,PASS,PASS,FAIL,FAIL,90
CF05547,FAIL,PASS,PASS,PASS,PASS,85
CF05548,FAIL,FAIL,FAIL,FAIL,PASS,63
CF05549,FAIL,PASS,PASS,FAIL,FAIL,76
CF05550,PASS,PASS,PASS,PASS,FAIL,93
CF05551,PASS,PASS,FAIL,PASS,FAIL,60
CF05552,FAIL,PASS,PASS,FAIL,PASS,64
CF05553,FAIL,FAIL,PASS,FAIL,PASS,86
CF05554,PASS,FAIL,FAIL,FAIL,PASS,66
CF05555,FAIL,PASS,PASS,FAIL,FAIL,98
CF05556,PASS,FAIL,FAIL,PASS,FAIL,94
CF05557,PASS,PASS,FAIL,PASS,FAIL,77
CF05558,FAIL,FAIL,FAIL,FAIL,PASS,99
CF05559,FAIL,PASS,FAIL,FAIL,PASS,74
CF05560,PASS,PASS,FAIL,PASS,FAIL,65
CF05561,PASS,FAIL,FAIL,FAIL,PASS,90
CF05562,FAIL,PASS,PASS,FAIL,PASS,65
CF05563,PASS,PASS,FAIL,PASS,FAIL,83
CF05564,FAIL,FAIL,FAIL,FAIL,FAIL,83
CF05565,PASS,PASS,PASS,FAIL,FAIL,88
CF05566,FAIL,FAIL,PASS,PASS,PASS,66
CF05567,PASS,FAIL,PASS,PASS,FAIL,83
CF05568,PASS,FAIL,PASS,PASS,FAIL,99
CF05569,FAIL,FAIL,PASS,FAIL,FAIL,72
CF05570,PASS,FAIL,PASS,FAIL,FAIL,86
CF05571,FAIL,PASS,FAIL,FAIL,PASS,67
CF05572,FAIL,PASS,PASS,FAIL,PASS,88
CF05573,FAIL,PASS,PASS,PASS,PASS,61
CF05574,PASS,FAIL,FAIL,PASS,FAIL,76
CF05575,FAIL,PASS,PASS,FAIL,FAIL,73
CF05576,FAIL,FAIL,FAIL,FAIL,PASS,68
CF05577,FAIL,FAIL,FAIL,PASS,PASS,68
CF05578,PASS,PASS,FAIL,FAIL,FAIL,98
CF05579,FAIL,FAIL,PASS,PASS,PASS,60
CF05580,FAIL,FAIL,FAIL,FAIL,PASS,61
CF05581,PASS,PASS,FAIL,FAIL,FAIL,99
CF05582,PASS,FAIL,FAIL,PASS,PASS,71
CF05583,PASS,FAIL,FAIL,PASS,PASS,61
CF05584,PASS,FAIL,PASS,FAIL,FAIL,87
CF05585,FAIL,PASS,FAIL,PASS,FAIL,77
CF05586,FAIL,PASS,FAIL,FAIL,PASS,84
CF05587,FAIL,FAIL,PASS,PASS,PASS,66
CF05588,FAIL,FAIL,PASS,PASS,FAIL,78
CF05589,FAIL,FAIL,FAIL,PASS,FAIL,76
CF05590,PASS,PASS,FAIL,FAIL,PASS,86
CF05591,PASS,PASS,FAIL,FAIL,PASS,85
CF05592,FAIL,PASS,FAIL,FAIL,FAIL,73
CF05593,FAIL,PASS,FAIL,FAIL,PASS,62
CF05594,PASS,FAIL,PASS,FAIL,PASS,92
CF05595,FAIL,FAIL,PASS,FAIL,FAIL,62
CF05596,FAIL,PASS,FAIL,PASS,PASS,68
CF05597,FAIL,FAIL,PASS,PASS,PASS,60
CF05598,FAIL,FAIL,FAIL,PASS,FAIL,78
CF05599,FAIL,FAIL,FAIL,PASS,PASS,81
CF05600,FAIL,PASS,PASS,FAIL,PASS,94
CF05601,PASS,PASS,PASS,PASS,PASS,80
CF05602,PASS,FAIL,PASS,FAIL,FAIL,79
CF05603,PASS,PASS,PASS,PASS,FAIL,75
CF05604,PASS,PASS,PASS,PASS,PASS,90
CF05605,FAIL,FAIL,PASS,PASS,PASS,76
CF05606,PASS,PASS,FAIL,FAIL,FAIL,99
CF05607,FAIL,FAIL,PASS,PASS,PASS,77
CF05608,PASS,FAIL,PASS,FAIL,PASS,91
CF05609,FAIL,PASS,PASS,PASS,PASS,65
CF05610,FAIL,PASS,FAIL,FAIL,PASS,68
CF05611,FAIL,FAIL,PASS,PASS,FAIL,69
CF05612,FAIL,PASS,FAIL,FAIL,FAIL,82
CF05613,PASS,PASS,PASS,FAIL,PASS,60
CF05614,PASS,PASS,PASS,FAIL,FAIL,88
CF05615,PASS,PASS,PASS,PASS,FAIL,72
CF05616,PASS,FAIL,PASS,PASS,FAIL,68
CF05617,PASS,PASS,PASS,FAIL,PASS,68
CF05618,FAIL,FAIL,FAIL,PASS,PASS,90
CF05619,FAIL,FAIL,PASS,FAIL,FAIL,77
CF05620,PASS,FAIL,FAIL,FAIL,PASS,95
CF05621,PASS,FAIL,PASS,FAIL,FAIL,99
CF05622,FAIL,FAIL,PASS,PASS,FAIL,91
CF05623,FAIL,PASS,PASS,PASS,PASS,77
CF05624,PASS,PASS,PASS,PASS,PASS,81
CF05625,FAIL,PASS,FAIL,FAIL,FAIL,76
CF05626,PASS,FAIL,PASS,FAIL,FAIL,75
CF05627,FAIL,FAIL,FAIL,PASS,PASS,74
CF05628,FAIL,PASS,FAIL,FAIL,PASS,96
CF05629,FAIL,PASS,PASS,FAIL,PASS,66
CF05630,FAIL,PASS,PASS,PASS,PASS,76
CF05631,PASS,FAIL,PASS,PASS,FAIL,72
CF05632,FAIL,PASS,FAIL,PASS,PASS,65
CF05633,FAIL,FAIL,FAIL,FAIL,PASS,96
CF05634,PASS,FAIL,FAIL,PASS,PASS,89
CF05635,PASS,PASS,PASS,FAIL,FAIL,92
CF05636,PASS,FAIL,PASS,PASS,PASS,85
CF05637,PASS,PASS,PASS,PASS,FAIL,99
CF05638,FAIL,PASS,PASS,FAIL,PASS,99
CF05639,PASS,PASS,FAIL,FAIL,PASS,81
CF05640,FAIL,FAIL,FAIL,FAIL,FAIL,79
CF05641,FAIL,FAIL,FAIL,PASS,PASS,72
CF05642,PASS,FAIL,PASS,FAIL,FAIL,74
CF05643,FAIL,FAIL,FAIL,FAIL,FAIL,88
CF05644,FAIL,PASS,PASS,PASS,FAIL,63
CF05645,PASS,PASS,FAIL,PASS,PASS,63
CF05646,PASS,PASS,PASS,PASS,FAIL,73
CF05647,PASS,FAIL,PASS,PASS,FAIL,72
CF05648,PASS,PASS,FAIL,FAIL,FAIL,74
CF05649,PASS,PASS,PASS,FAIL,PASS,78
CF05650,FAIL,PASS,PASS,PASS,PASS,82
CF05651,FAIL,FAIL,PASS,PASS,FAIL,71
CF05652,PASS,FAIL,PASS,PASS,PASS,74
CF05653,PASS,FAIL,FAIL,PASS,FAIL,89
CF05654,PASS,FAIL,PASS,PASS,FAIL,63
CF05655,PASS,FAIL,FAIL,PASS,FAIL,76
CF05656,FAIL,PASS,FAIL,FAIL,PASS,80
CF05657,PASS,PASS,PASS,PASS,PASS,76
CF05658,PASS,PASS,FAIL,PASS,PASS,67
CF05659,FAIL,FAIL,FAIL,FAIL,PASS,89
CF05660,FAIL,FAIL,PASS,FAIL,PASS,78
CF05661,FAIL,PASS,FAIL,FAIL,FAIL,70
CF05662,PASS,PASS,PASS,FAIL,FAIL,68
CF05663,FAIL,PASS,PASS,FAIL,PASS,71
CF05664,PASS,PASS,PASS,FAIL,PASS,85
CF05665,FAIL,PASS,PASS,FAIL,PASS,99
CF05666,PASS,PASS,PASS,PASS,FAIL,68
CF05667,PASS,PASS,FAIL,PASS,FAIL,76
CF05668,PASS,PASS,PASS,FAIL,PASS,86
CF05669,PASS,FAIL,FAIL,FAIL,PASS,85
CF05670,FAIL,FAIL,PASS,PASS,FAIL,97
CF05671,FAIL,FAIL,PASS,PASS,FAIL,67
CF05672,FAIL,FAIL,PASS,PASS,FAIL,87
CF05673,FAIL,PASS,PASS,PASS,FAIL,71
CF05674,PASS,PASS,FAIL,FAIL,PASS,93
CF05675,FAIL,PASS,PASS,FAIL,PASS,77
CF05676,PASS,FAIL,FAIL,FAIL,FAIL,82
CF05677,PASS,FAIL,FAIL,FAIL,PASS,98
CF05678,FAIL,FAIL,FAIL,FAIL,FAIL,77
CF05679,FAIL,PASS,FAIL,PASS,PASS,90
CF05680,PASS,FAIL,FAIL,PASS,PASS,99
CF05681,PASS,FAIL,PASS,PASS,PASS,92
CF05682,PASS,PASS,FAIL,FAIL,FAIL,86
CF05683,FAIL,FAIL,FAIL,PASS,FAIL,78
CF05684,PASS,PASS,FAIL,PASS,FAIL,67
CF05685,FAIL,PASS,FAIL,PASS,FAIL,66
CF05686,PASS,PASS,FAIL,PASS,FAIL,98
CF05687,PASS,FAIL,PASS,PASS,PASS,77
CF05688,PASS,FAIL,FAIL,FAIL,FAIL,95
CF05689,FAIL,PASS,FAIL,PASS,PASS,82
CF05690,FAIL,PASS,FAIL,PASS,PASS,75
CF05691,PASS,PASS,PASS,FAIL,FAIL,77
CF05692,FAIL,FAIL,FAIL,FAIL,PASS,98
CF05693,PASS,FAIL,PASS,FAIL,FAIL,78
CF05694,PASS,PASS,PASS,PASS,PASS,93
CF05695,FAIL,PASS,PASS,PASS,PASS,72
CF05696,PASS,FAIL,FAIL,PASS,FAIL,79
CF05697,FAIL,FAIL,PASS,FAIL,PASS,67
CF05698,FAIL,FAIL,PASS,PASS,FAIL,82
CF05699,FAIL,PASS,FAIL,FAIL,FAIL,89
CF05700,FAIL,PASS,FAIL,PASS,FAIL,67
CF05701,PASS,PASS,PASS,FAIL,FAIL,85
CF05702,FAIL,PASS,PASS,FAIL,PASS,97
CF05703,PASS,FAIL,FAIL,PASS,PASS,82
CF05704,FAIL,PASS,FAIL,FAIL,FAIL,87
CF05705,PASS,FAIL,FAIL,PASS,PASS,70
CF05706,FAIL,PASS,PASS,PASS,PASS,61
CF05707,FAIL,FAIL,PASS,PASS,FAIL,91
CF05708,FAIL,PASS,FAIL,FAIL,FAIL,91
CF05709,PASS,FAIL,FAIL,PASS,FAIL,93
CF05710,PASS,FAIL,FAIL,PASS,FAIL,74
CF05711,FAIL,FAIL,PASS,FAIL,FAIL,71
CF05712,FAIL,PASS,FAIL,PASS,PASS,89
CF05713,FAIL,PASS,FAIL,PASS,PASS,86
CF05714,PASS,FAIL,FAIL,PASS,PASS,65
CF05715,FAIL,PASS,PASS,FAIL,FAIL,67
CF05716,FAIL,FAIL,PASS,FAIL,PASS,86
CF05717,FAIL,FAIL,PASS,FAIL,PASS,80
CF05718,PASS,PASS,PASS,PASS,PASS,64
CF05719,FAIL,PASS,PASS,PASS,FAIL,79
CF05720,PASS,PASS,FAIL,FAIL,PASS,97
CF05721,PASS,FAIL,FAIL,FAIL,FAIL,73
CF05722,PASS,FAIL,FAIL,FAIL,PASS,64
CF05723,PASS,PASS,PASS,PASS,FAIL,95
CF05724,FAIL,PASS,PASS,PASS,FAIL,64
CF05725,FAIL,PASS,PASS,PASS,FAIL,86
CF05726,FAIL,FAIL,FAIL,PASS,FAIL,70
CF05727,FAIL,PASS,FAIL,FAIL,PASS,72
CF05728,FAIL,FAIL,PASS,PASS,FAIL,78
CF05729,FAIL,FAIL,PASS,PASS,PASS,66
CF05730,PASS,PASS,FAIL,PASS,PASS,77
CF05731,PASS,FAIL,FAIL,PASS,FAIL,97
CF05732,PASS,PASS,FAIL,PASS,FAIL,71
CF05733,PASS,PASS,PASS,FAIL,PASS,87
CF05734,FAIL,PASS,FAIL,FAIL,PASS,77
CF05735,FAIL,PASS,PASS,PASS,PASS,69
CF05736,PASS,PASS,FAIL,PASS,FAIL,81
CF05737,PASS,PASS,PASS,PASS,PASS,71
CF05738,FAIL,FAIL,PASS,FAIL,FAIL,71
CF05739,FAIL,PASS,FAIL,FAIL,PASS,87
CF05740,PASS,FAIL,FAIL,FAIL,PASS,86
CF05741,PASS,PASS,PASS,PASS,FAIL,69
CF05742,PASS,PASS,FAIL,FAIL,FAIL,73
CF05743,FAIL,FAIL,FAIL,FAIL,PASS,95
CF05744,FAIL,FAIL,PASS,PASS,FAIL,74
CF05745,FAIL,PASS,FAIL,PASS,PASS,60
CF05746,PASS,PASS,FAIL,FAIL,FAIL,95
CF05747,PASS,PASS,PASS,FAIL,PASS,78
CF05748,PASS,PASS,FAIL,FAIL,FAIL,86
CF05749,PASS,PASS,PASS,PASS,PASS,75
CF05750,FAIL,PASS,PASS,PASS,PASS,82
CF05751,PASS,PASS,FAIL,FAIL,PASS,71
CF05752,FAIL,PASS,FAIL,FAIL,FAIL,91
CF05753,PASS,FAIL,FAIL,PASS,PASS,84
CF05754,PASS,PASS,PASS,FAIL,PASS,61
CF05755,FAIL,PASS,PASS,PASS,PASS,84
CF05756,FAIL,PASS,PASS,PASS,PASS,71
CF05757,PASS,FAIL,PASS,PASS,FAIL,72
CF05758,PASS,PASS,FAIL,FAIL,FAIL,99
CF05759,FAIL,FAIL,PASS,FAIL,FAIL,60
CF05760,FAIL,PASS,PASS,FAIL,FAIL,71
CF05761,FAIL,PASS,FAIL,FAIL,PASS,60
CF05762,PASS,FAIL,FAIL,PASS,PASS,84
CF05763,FAIL,FAIL,FAIL,FAIL,PASS,82
CF05764,PASS,PASS,FAIL,PASS,FAIL,89
CF05765,FAIL,FAIL,PASS,FAIL,PASS,77
CF05766,PASS,FAIL,PASS,PASS,PASS,71
CF05767,PASS,PASS,PASS,PASS,FAIL,87
CF05768,FAIL,FAIL,PASS,PASS,FAIL,77
CF05769,FAIL,PASS,FAIL,PASS,FAIL,73
CF05770,PASS,PASS,PASS,FAIL,PASS,96
CF05771,FAIL,PASS,PASS,FAIL,PASS,93
CF05772,FAIL,PASS,PASS,PASS,FAIL,97
CF05773,PASS,PASS,FAIL,PASS,PASS,63
CF05774,FAIL,FAIL,FAIL,PASS,PASS,83
CF05775,FAIL,FAIL,PASS,PASS,FAIL,73
CF05776,PASS,PASS,FAIL,PASS,PASS,67
CF05777,PASS,FAIL,PASS,PASS,FAIL,82
CF05778,PASS,PASS,FAIL,FAIL,FAIL,72
CF05779,PASS,FAIL,FAIL,PASS,PASS,81
CF05780,FAIL,FAIL,FAIL,FAIL,PASS,63
CF05781,PASS,FAIL,PASS,FAIL,PASS,61
CF05782,FAIL,FAIL,PASS,PASS,PASS,74
CF05783,FAIL,FAIL,FAIL,FAIL,PASS,89
CF05784,FAIL,PASS,PASS,FAIL,PASS,84
CF05785,FAIL,PASS,FAIL,PASS,FAIL,92
CF05786,FAIL,FAIL,FAIL,PASS,PASS,79
CF05787,PASS,FAIL,FAIL,PASS,PASS,85
CF05788,PASS,FAIL,FAIL,FAIL,FAIL,93
CF05789,FAIL,PASS,FAIL,FAIL,PASS,89
CF05790,PASS,FAIL,PASS,PASS,PASS,79
CF05791,FAIL,FAIL,PASS,FAIL,FAIL,63
CF05792,FAIL,FAIL,FAIL,FAIL,FAIL,69
CF05793,PASS,PASS,PASS,FAIL,FAIL,70
CF05794,FAIL,FAIL,FAIL,FAIL,FAIL,60
CF05795,FAIL,FAIL,FAIL,PASS,PASS,70
CF05796,PASS,PASS,PASS,FAIL,FAIL,83
CF05797,FAIL,FAIL,FAIL,FAIL,PASS,67
CF05798,FAIL,PASS,PASS,PASS,PASS,96
CF05799,PASS,FAIL,PASS,PASS,FAIL,81
CF05800,FAIL,FAIL,PASS,PASS,FAIL,82
CF05801,FAIL,FAIL,PASS,PASS,PASS,65
CF05802,PASS,FAIL,FAIL,PASS,FAIL,74
CF05803,PASS,FAIL,FAIL,PASS,FAIL,86
CF05804,PASS,FAIL,FAIL,PASS,PASS,81
CF05805,FAIL,PASS,PASS,FAIL,PASS,61
CF05806,FAIL,FAIL,FAIL,FAIL,FAIL,78
CF05807,PASS,FAIL,PASS,FAIL,PASS,88
CF05808,PASS,FAIL,FAIL,PASS,FAIL,94
CF05809,FAIL,FAIL,FAIL,PASS,FAIL,78
CF05810,FAIL,FAIL,FAIL,PASS,FAIL,75
CF05811,PASS,FAIL,FAIL,FAIL,FAIL,77
CF05812,PASS,PASS,PASS,PASS,FAIL,96
CF05813,FAIL,PASS,FAIL,FAIL,PASS,87
CF05814,PASS,FAIL,PASS,FAIL,PASS,75
CF05815,FAIL,PASS,PASS,PASS,FAIL,99
CF05816,FAIL,PASS,FAIL,PASS,FAIL,83
CF05817,FAIL,FAIL,PASS,FAIL,FAIL,69
CF05818,PASS,PASS,PASS,FAIL,PASS,76
CF05819,FAIL,FAIL,FAIL,FAIL,PASS,72
CF05820,PASS,PASS,PASS,FAIL,PASS,95
CF05821,FAIL,PASS,PASS,FAIL,FAIL,72
CF05822,PASS,FAIL,FAIL,FAIL,PASS,98
CF05823,PASS,FAIL,PASS,PASS,FAIL,93
CF05824,PASS,PASS,PASS,PASS,FAIL,97
CF05825,FAIL,FAIL,PASS,PASS,PASS,62
CF05826,FAIL,PASS,PASS,PASS,PASS,63
CF05827,PASS,PASS,PASS,FAIL,FAIL,96
CF05828,FAIL,PASS,PASS,FAIL,PASS,82
CF05829,PASS,FAIL,PASS,FAIL,FAIL,80
CF05830,PASS,PASS,PASS,FAIL,PASS,91
CF05831,FAIL,PASS,FAIL,FAIL,FAIL,63
CF05832,FAIL,PASS,FAIL,PASS,FAIL,67
CF05833,FAIL,PASS,FAIL,PASS,FAIL,69
CF05834,FAIL,PASS,PASS,FAIL,PASS,86
CF05835,FAIL,PASS,FAIL,PASS,FAIL,74
CF05836,PASS,FAIL,FAIL,FAIL,FAIL,67
CF05837,PASS,FAIL,PASS,FAIL,FAIL,77
CF05838,PASS,PASS,FAIL,PASS,FAIL,90
CF05839,PASS,PASS,FAIL,FAIL,FAIL,80
CF05840,PASS,PASS,PASS,PASS,PASS,88
CF05841,PASS,FAIL,PASS,FAIL,FAIL,67
CF05842,FAIL,PASS,FAIL,FAIL,PASS,79
CF05843,PASS,PASS,FAIL,PASS,FAIL,70
CF05844,FAIL,PASS,FAIL,PASS,FAIL,93
CF05845,FAIL,FAIL,PASS,FAIL,FAIL,79
CF05846,FAIL,FAIL,FAIL,PASS,FAIL,72
CF05847,PASS,PASS,PASS,PASS,PASS,93
CF05848,FAIL,PASS,PASS,FAIL,FAIL,83
CF05849,PASS,FAIL,FAIL,FAIL,FAIL,92
CF05850,FAIL,FAIL,PASS,PASS,PASS,91
CF05851,FAIL,FAIL,PASS,PASS,FAIL,65
CF05852,FAIL,PASS,PASS,PASS,PASS,90
CF05853,FAIL,PASS,PASS,FAIL,PASS,97
CF05854,FAIL,FAIL,PASS,FAIL,FAIL,71
CF05855,PASS,PASS,PASS,FAIL,FAIL,66
CF05856,PASS,PASS,FAIL,PASS,PASS,62
CF05857,PASS,FAIL,FAIL,PASS,PASS,81
CF05858,FAIL,FAIL,PASS,FAIL,PASS,89
CF05859,FAIL,FAIL,FAIL,FAIL,FAIL,81
CF05860,PASS,PASS,FAIL,PASS,FAIL,81
CF05861,PASS,FAIL,FAIL,FAIL,PASS,88
CF05862,FAIL,FAIL,FAIL,FAIL,FAIL,66
CF05863,PASS,PASS,FAIL,PASS,FAIL,82
CF05864,PASS,PASS,FAIL,FAIL,FAIL,79
CF05865,FAIL,FAIL,PASS,FAIL,FAIL,87
CF05866,PASS,FAIL,FAIL,FAIL,FAIL,94
CF05867,PASS,FAIL,PASS,PASS,FAIL,71
CF05868,PASS,FAIL,FAIL,PASS,PASS,88
CF05869,PASS,PASS,FAIL,PASS,PASS,66
CF05870,PASS,FAIL,FAIL,FAIL,PASS,81
CF05871,PASS,FAIL,FAIL,FAIL,FAIL,89
CF05872,PASS,PASS,PASS,FAIL,PASS,60
CF05873,FAIL,PASS,PASS,PASS,FAIL,69
CF05874,PASS,FAIL,PASS,PASS,FAIL,61
CF05875,FAIL,FAIL,PASS,FAIL,PASS,69
CF05876,PASS,PASS,FAIL,PASS,FAIL,89
CF05877,PASS,PASS,PASS,PASS,FAIL,95
CF05878,PASS,FAIL,PASS,PASS,PASS,98
CF05879,FAIL,PASS,FAIL,PASS,PASS,96
CF05880,FAIL,PASS,PASS,PASS,PASS,66
CF05881,FAIL,PASS,PASS,FAIL,FAIL,80
CF05882,FAIL,PASS,FAIL,FAIL,PASS,98
CF05883,FAIL,FAIL,PASS,PASS,PASS,74
CF05884,PASS,PASS,PASS,PASS,FAIL,61
CF05885,FAIL,PASS,FAIL,PASS,PASS,84
CF05886,FAIL,PASS,PASS,FAIL,FAIL,60
CF05887,FAIL,FAIL,PASS,FAIL,PASS,92
CF05888,FAIL,FAIL,FAIL,FAIL,FAIL,75
CF05889,FAIL,FAIL,FAIL,PASS,PASS,95
CF05890,FAIL,FAIL,FAIL,PASS,PASS,79
CF05891,FAIL,FAIL,FAIL,PASS,PASS,99
CF05892,PASS,FAIL,PASS,FAIL,FAIL,68
CF05893,FAIL,FAIL,PASS,FAIL,FAIL,90
CF05894,PASS,FAIL,PASS,PASS,PASS,86
CF05895,FAIL,FAIL,PASS,PASS,FAIL,61
CF05896,FAIL,FAIL,PASS,PASS,PASS,64
CF05897,PASS,PASS,PASS,PASS,FAIL,78
CF05898,PASS,PASS,FAIL,PASS,PASS,71
CF05899,PASS,PASS,FAIL,FAIL,PASS,78
CF05900,FAIL,FAIL,FAIL,FAIL,FAIL,72
CF05901,PASS,PASS,FAIL,FAIL,FAIL,98
CF05902,PASS,PASS,PASS,PASS,PASS,83
CF05903,FAIL,PASS,FAIL,FAIL,PASS,76
CF05904,PASS,PASS,PASS,PASS,PASS,80
CF05905,PASS,FAIL,FAIL,PASS,PASS,80
CF05906,PASS,FAIL,PASS,FAIL,FAIL,88
CF05907,FAIL,PASS,PASS,FAIL,FAIL,68
CF05908,FAIL,PASS,PASS,PASS,FAIL,85
CF05909,FAIL,FAIL,PASS,PASS,FAIL,90
CF05910,FAIL,PASS,PASS,FAIL,PASS,87
CF05911,PASS,FAIL,FAIL,FAIL,FAIL,81
CF05912,FAIL,FAIL,FAIL,PASS,PASS,92
CF05913,PASS,FAIL,PASS,FAIL,PASS,78
CF05914,PASS,PASS,FAIL,FAIL,PASS,63
CF05915,PASS,PASS,FAIL,FAIL,FAIL,80
CF05916,FAIL,FAIL,PASS,FAIL,PASS,75
CF05917,PASS,PASS,PASS,FAIL,PASS,71
CF05918,FAIL,PASS,PASS,PASS,FAIL,82
CF05919,PASS,PASS,FAIL,PASS,PASS,60
CF05920,PASS,FAIL,FAIL,FAIL,PASS,71
CF05921,FAIL,FAIL,PASS,FAIL,FAIL,82
CF05922,PASS,PASS,FAIL,PASS,PASS,71
CF05923,FAIL,PASS,PASS,PASS,PASS,96
CF05924,FAIL,PASS,PASS,FAIL,PASS,62
CF05925,PASS,PASS,FAIL,FAIL,PASS,94
CF05926,FAIL,PASS,PASS,FAIL,FAIL,89
CF05927,PASS,FAIL,FAIL,FAIL,PASS,83
CF05928,FAIL,FAIL,FAIL,PASS,FAIL,99
CF05929,FAIL,FAIL,PASS,PASS,FAIL,87
CF05930,FAIL,FAIL,FAIL,FAIL,FAIL,97
CF05931,PASS,FAIL,FAIL,PASS,FAIL,93
CF05932,FAIL,FAIL,FAIL,FAIL,PASS,61
CF05933,FAIL,PASS,FAIL,PASS,FAIL,87
CF05934,FAIL,FAIL,FAIL,FAIL,FAIL,64
CF05935,FAIL,PASS,FAIL,PASS,PASS,73
CF05936,FAIL,FAIL,FAIL,FAIL,FAIL,85
CF05937,PASS,FAIL,FAIL,PASS,FAIL,80
CF05938,PASS,FAIL,FAIL,FAIL,FAIL,72
CF05939,PASS,FAIL,FAIL,PASS,FAIL,74
CF05940,FAIL,FAIL,PASS,PASS,FAIL,98
CF05941,PASS,FAIL,PASS,PASS,PASS,79
CF05942,FAIL,PASS,FAIL,PASS,PASS,76
CF05943,FAIL,PASS,FAIL,PASS,FAIL,96
CF05944,PASS,PASS,FAIL,PASS,PASS,66
CF05945,PASS,PASS,PASS,FAIL,PASS,61
CF05946,FAIL,FAIL,FAIL,FAIL,PASS,67
CF05947,FAIL,PASS,FAIL,PASS,PASS,71
CF05948,PASS,FAIL,FAIL,FAIL,PASS,68
CF05949,FAIL,FAIL,PASS,PASS,FAIL,71
CF05950,PASS,FAIL,PASS,PASS,FAIL,77
CF05951,PASS,PASS,FAIL,FAIL,PASS,80
CF05952,PASS,PASS,FAIL,FAIL,PASS,75
CF05953,PASS,PASS,FAIL,PASS,PASS,89
CF05954,PASS,FAIL,PASS,PASS,PASS,87
CF05955,FAIL,PASS,FAIL,PASS,PASS,73
CF05956,PASS,PASS,PASS,PASS,FAIL,93
CF05957,FAIL,PASS,PASS,PASS,FAIL,71
CF05958,PASS,PASS,FAIL,FAIL,PASS,77
CF05959,FAIL,FAIL,FAIL,PASS,PASS,91
CF05960,PASS,FAIL,PASS,FAIL,PASS,60
CF05961,FAIL,PASS,FAIL,FAIL,FAIL,78
CF05962,PASS,PASS,FAIL,FAIL,PASS,96
CF05963,PASS,PASS,FAIL,FAIL,PASS,88
CF05964,FAIL,PASS,FAIL,FAIL,FAIL,68
CF05965,PASS,PASS,PASS,PASS,PASS,84
CF05966,FAIL,PASS,PASS,FAIL,FAIL,84
CF05967,FAIL,FAIL,PASS,FAIL,FAIL,69
CF05968,FAIL,FAIL,FAIL,PASS,PASS,93
CF05969,FAIL,FAIL,FAIL,PASS,FAIL,86
CF05970,FAIL,FAIL,PASS,PASS,PASS,71
CF05971,PASS,FAIL,FAIL,FAIL,FAIL,83
CF05972,PASS,PASS,FAIL,FAIL,FAIL,89
CF05973,PASS,PASS,PASS,FAIL,PASS,87
CF05974,FAIL,FAIL,FAIL,FAIL,FAIL,77
CF05975,FAIL,FAIL,PASS,FAIL,PASS,86
CF05976,FAIL,PASS,FAIL,PASS,PASS,76
CF05977,FAIL,FAIL,FAIL,FAIL,PASS,82
CF05978,PASS,PASS,PASS,FAIL,FAIL,63
CF05979,FAIL,PASS,FAIL,FAIL,PASS,60
CF05980,FAIL,FAIL,PASS,FAIL,FAIL,93
CF05981,PASS,FAIL,PASS,FAIL,FAIL,77
CF05982,FAIL,FAIL,PASS,FAIL,PASS,67
CF05983,PASS,FAIL,PASS,FAIL,PASS,83
CF05984,FAIL,PASS,FAIL,PASS,PASS,76
CF05985,PASS,PASS,FAIL,PASS,FAIL,83
CF05986,PASS,PASS,FAIL,PASS,FAIL,99
CF05987,FAIL,PASS,FAIL,PASS,FAIL,74
CF05988,FAIL,PASS,PASS,FAIL,FAIL,64
CF05989,FAIL,PASS,PASS,PASS,PASS,94
CF05990,PASS,PASS,PASS,PASS,PASS,81
CF05991,FAIL,FAIL,FAIL,FAIL,PASS,71
CF05992,FAIL,FAIL,FAIL,FAIL,FAIL,80
CF05993,FAIL,FAIL,FAIL,FAIL,FAIL,62
CF05994,PASS,FAIL,PASS,FAIL,PASS,90
CF05995,FAIL,PASS,FAIL,FAIL,FAIL,92
CF05996,FAIL,PASS,FAIL,PASS,FAIL,98
CF05997,FAIL,PASS,FAIL,PASS,PASS,94
CF05998,PASS,FAIL,PASS,FAIL,FAIL,78
CF05999,PASS,FAIL,FAIL,PASS,FAIL,70
CF06000,FAIL,FAIL,FAIL,PASS,PASS,88
CF06001,PASS,FAIL,PASS,FAIL,FAIL,97
CF06002,FAIL,PASS,FAIL,FAIL,PASS,88
CF06003,PASS,FAIL,PASS,PASS,FAIL,61
CF06004,FAIL,PASS,PASS,PASS,PASS,94
CF06005,PASS,FAIL,PASS,FAIL,FAIL,89
CF06006,PASS,PASS,FAIL,PASS,FAIL,64
CF06007,PASS,PASS,PASS,PASS,PASS,93
CF06008,PASS,FAIL,FAIL,PASS,PASS,81
CF06009,PASS,FAIL,PASS,FAIL,FAIL,79
CF06010,PASS,FAIL,FAIL,FAIL,PASS,64
CF06011,FAIL,PASS,PASS,FAIL,FAIL,70
CF06012,PASS,FAIL,PASS,PASS,PASS,70
CF06013,PASS,PASS,PASS,PASS,FAIL,78
CF06014,PASS,PASS,FAIL,PASS,PASS,66
CF06015,FAIL,FAIL,PASS,FAIL,PASS,98
CF06016,FAIL,PASS,FAIL,FAIL,FAIL,84
CF06017,PASS,FAIL,FAIL,FAIL,PASS,87
CF06018,PASS,FAIL,FAIL,PASS,FAIL,83
CF06019,FAIL,FAIL,FAIL,FAIL,PASS,79
CF06020,FAIL,PASS,FAIL,FAIL,FAIL,75
CF06021,PASS,FAIL,FAIL,PASS,PASS,81
CF06022,FAIL,FAIL,PASS,PASS,PASS,88
CF06023,PASS,FAIL,FAIL,PASS,PASS,81
CF06024,FAIL,FAIL,PASS,FAIL,FAIL,60
CF06025,FAIL,FAIL,FAIL,PASS,PASS,76
CF06026,FAIL,PASS,FAIL,PASS,PASS,95
CF06027,PASS,FAIL,PASS,PASS,FAIL,82
CF06028,FAIL,PASS,PASS,PASS,FAIL,77
CF06029,FAIL,FAIL,PASS,FAIL,PASS,84
CF06030,PASS,PASS,PASS,PASS,FAIL,81
CF06031,FAIL,FAIL,PASS,FAIL,PASS,67
CF06032,PASS,FAIL,PASS,PASS,PASS,67
CF06033,FAIL,PASS,FAIL,FAIL,PASS,99
CF06034,PASS,FAIL,FAIL,PASS,PASS,88
CF06035,FAIL,FAIL,FAIL,FAIL,PASS,70
CF06036,PASS,PASS,PASS,PASS,FAIL,88
CF06037,FAIL,FAIL,FAIL,PASS,PASS,84
CF06038,PASS,FAIL,PASS,FAIL,PASS,67
CF06039,PASS,FAIL,FAIL,PASS,PASS,79
CF06040,FAIL,FAIL,FAIL,FAIL,FAIL,73
CF06041,PASS,PASS,FAIL,PASS,PASS,74
CF06042,PASS,PASS,FAIL,FAIL,PASS,63
CF06043,FAIL,PASS,FAIL,PASS,FAIL,76
CF06044,FAIL,FAIL,FAIL,FAIL,FAIL,74
CF06045,PASS,PASS,FAIL,PASS,PASS,81
CF06046,PASS,PASS,PASS,FAIL,FAIL,94
CF06047,PASS,FAIL,PASS,FAIL,PASS,65
CF06048,PASS,FAIL,PASS,PASS,FAIL,90
CF06049,FAIL,PASS,FAIL,PASS,PASS,98
CF06050,PASS,PASS,PASS,PASS,PASS,96
CF06051,PASS,PASS,FAIL,FAIL,PASS,72
CF06052,FAIL,FAIL,PASS,FAIL,PASS,81
CF06053,FAIL,FAIL,PASS,FAIL,FAIL,84
CF06054,PASS,FAIL,PASS,PASS,PASS,61
CF06055,FAIL,PASS,FAIL,FAIL,FAIL,97
CF06056,PASS,PASS,FAIL,FAIL,FAIL,95
CF06057,PASS,FAIL,PASS,FAIL,FAIL,85
CF06058,PASS,PASS,PASS,PASS,FAIL,97
CF06059,PASS,PASS,PASS,PASS,FAIL,98
CF06060,PASS,PASS,FAIL,PASS,PASS,65
CF06061,FAIL,FAIL,PASS,PASS,FAIL,89
CF06062,PASS,PASS,FAIL,PASS,PASS,78
CF06063,PASS,FAIL,PASS,FAIL,FAIL,77
CF06064,FAIL,FAIL,PASS,FAIL,PASS,76
CF06065,FAIL,FAIL,PASS,FAIL,FAIL,92
CF06066,FAIL,FAIL,PASS,PASS,PASS,79
CF06067,PASS,PASS,FAIL,PASS,PASS,63
CF06068,FAIL,PASS,FAIL,PASS,PASS,83
CF06069,PASS,FAIL,PASS,FAIL,PASS,97
CF06070,FAIL,FAIL,PASS,FAIL,FAIL,82
CF06071,FAIL,FAIL,FAIL,PASS,PASS,67
CF06072,FAIL,PASS,PASS,FAIL,PASS,99
CF06073,PASS,PASS,PASS,PASS,FAIL,68
CF06074,PASS,PASS,FAIL,FAIL,PASS,72
CF06075,PASS,PASS,PASS,FAIL,FAIL,74
CF06076,FAIL,PASS,FAIL,PASS,PASS,78
CF06077,FAIL,FAIL,FAIL,PASS,FAIL,80
CF06078,PASS,PASS,PASS,FAIL,PASS,99
CF06079,PASS,PASS,PASS,FAIL,PASS,93
CF06080,FAIL,FAIL,PASS,FAIL,FAIL,61
CF06081,FAIL,FAIL,FAIL,PASS,PASS,79
CF06082,PASS,PASS,PASS,FAIL,FAIL,85
CF06083,FAIL,FAIL,FAIL,PASS,PASS,78
CF06084,PASS,PASS,FAIL,FAIL,FAIL,91
CF06085,FAIL,FAIL,FAIL,FAIL,PASS,74
CF06086,FAIL,FAIL,FAIL,PASS,FAIL,94
CF06087,PASS,PASS,PASS,FAIL,PASS,77
CF06088,PASS,FAIL,FAIL,FAIL,FAIL,91
CF06089,PASS,FAIL,FAIL,PASS,PASS,68
CF06090,FAIL,FAIL,PASS,PASS,PASS,89
CF06091,FAIL,FAIL,FAIL,FAIL,FAIL,61
CF06092,PASS,PASS,PASS,PASS,FAIL,75
CF06093,FAIL,PASS,FAIL,PASS,FAIL,79
CF06094,PASS,PASS,PASS,FAIL,PASS,82
CF06095,FAIL,PASS,PASS,FAIL,PASS,87
CF06096,PASS,PASS,PASS,FAIL,PASS,95
CF06097,FAIL,FAIL,PASS,FAIL,FAIL,92
CF06098,FAIL,PASS,PASS,FAIL,PASS,97
CF06099,FAIL,FAIL,FAIL,PASS,FAIL,84
CF06100,FAIL,FAIL,PASS,PASS,PASS,82
CF06101,FAIL,FAIL,PASS,FAIL,PASS,79
CF06102,FAIL,PASS,FAIL,PASS,FAIL,68
CF06103,PASS,FAIL,FAIL,FAIL,FAIL,94
CF06104,FAIL,PASS,PASS,FAIL,PASS,77
CF06105,PASS,FAIL,PASS,FAIL,PASS,76
CF06106,FAIL,PASS,PASS,PASS,FAIL,62
CF06107,FAIL,PASS,FAIL,PASS,PASS,70
CF06108,PASS,PASS,FAIL,FAIL,FAIL,87
CF06109,FAIL,FAIL,FAIL,FAIL,FAIL,98
CF06110,PASS,FAIL,PASS,FAIL,PASS,83
CF06111,FAIL,FAIL,PASS,FAIL,FAIL,63
CF06112,FAIL,PASS,FAIL,PASS,FAIL,82
CF06113,PASS,FAIL,PASS,FAIL,PASS,83
CF06114,FAIL,PASS,FAIL,PASS,FAIL,67
CF06115,FAIL,FAIL,FAIL,FAIL,PASS,97
CF06116,FAIL,PASS,PASS,PASS,PASS,91
CF06117,PASS,PASS,PASS,PASS,FAIL,80
CF06118,FAIL,PASS,FAIL,PASS,FAIL,82
CF06119,PASS,PASS,FAIL,FAIL,PASS,69
CF06120,PASS,FAIL,PASS,FAIL,PASS,77
CF06121,FAIL,FAIL,FAIL,FAIL,PASS,69
CF06122,PASS,PASS,FAIL,FAIL,PASS,74
CF06123,FAIL,PASS,PASS,FAIL,FAIL,92
CF06124,FAIL,FAIL,PASS,PASS,FAIL,62
CF06125,PASS,PASS,FAIL,PASS,PASS,74
CF06126,PASS,PASS,PASS,PASS,FAIL,97
CF06127,FAIL,PASS,PASS,PASS,FAIL,94
CF06128,PASS,PASS,FAIL,FAIL,PASS,82
CF06129,FAIL,PASS,PASS,PASS,FAIL,73
CF06130,PASS,PASS,PASS,FAIL,FAIL,61
CF06131,FAIL,FAIL,FAIL,FAIL,FAIL,66
CF06132,FAIL,FAIL,PASS,PASS,PASS,89
CF06133,PASS,FAIL,FAIL,FAIL,PASS,64
CF06134,PASS,PASS,PASS,PASS,PASS,69
CF06135,FAIL,PASS,FAIL,PASS,PASS,67
CF06136,FAIL,FAIL,PASS,PASS,FAIL,63
CF06137,PASS,FAIL,PASS,FAIL,FAIL,88
CF06138,FAIL,PASS,FAIL,PASS,FAIL,99
CF06139,PASS,FAIL,PASS,FAIL,FAIL,73
CF06140,PASS,PASS,PASS,FAIL,FAIL,62
CF06141,PASS,FAIL,PASS,PASS,PASS,98
CF06142,FAIL,FAIL,FAIL,PASS,FAIL,69
CF06143,FAIL,PASS,FAIL,PASS,PASS,64
CF06144,FAIL,PASS,FAIL,FAIL,FAIL,61
CF06145,FAIL,FAIL,PASS,PASS,PASS,86
CF06146,FAIL,FAIL,PASS,FAIL,FAIL,73
CF06147,FAIL,PASS,PASS,PASS,PASS,96
CF06148,PASS,FAIL,PASS,FAIL,FAIL,60
CF06149,FAIL,PASS,FAIL,PASS,PASS,91
CF06150,PASS,FAIL,PASS,FAIL,PASS,78
CF06151,FAIL,FAIL,PASS,PASS,PASS,65
CF06152,FAIL,PASS,PASS,PASS,PASS,84
CF06153,FAIL,PASS,FAIL,FAIL,FAIL,60
CF06154,FAIL,PASS,PASS,FAIL,PASS,63
CF06155,FAIL,PASS,PASS,PASS,PASS,77
CF06156,PASS,PASS,FAIL,PASS,FAIL,92
CF06157,PASS,FAIL,FAIL,FAIL,FAIL,80
CF06158,PASS,FAIL,PASS,FAIL,FAIL,70
CF06159,FAIL,PASS,FAIL,FAIL,FAIL,70
CF06160,PASS,PASS,FAIL,FAIL,FAIL,74
CF06161,FAIL,PASS,FAIL,FAIL,PASS,77
CF06162,FAIL,PASS,FAIL,PASS,PASS,75
CF06163,PASS,PASS,FAIL,PASS,PASS,73
CF06164,FAIL,FAIL,PASS,FAIL,FAIL,95
CF06165,FAIL,PASS,FAIL,PASS,PASS,80
CF06166,PASS,FAIL,FAIL,PASS,FAIL,79
CF06167,FAIL,FAIL,FAIL,PASS,PASS,77
CF06168,FAIL,FAIL,FAIL,PASS,PASS,82
CF06169,FAIL,FAIL,PASS,PASS,PASS,94
CF06170,FAIL,FAIL,PASS,PASS,PASS,81
CF06171,PASS,FAIL,PASS,FAIL,FAIL,77
CF06172,FAIL,FAIL,FAIL,FAIL,FAIL,81
CF06173,FAIL,FAIL,FAIL,FAIL,FAIL,96
CF06174,PASS,FAIL,PASS,PASS,FAIL,92
CF06175,PASS,FAIL,PASS,FAIL,PASS,78
CF06176,PASS,FAIL,PASS,PASS,PASS,94
CF06177,PASS,FAIL,FAIL,PASS,FAIL,75
CF06178,FAIL,FAIL,PASS,FAIL,FAIL,96
CF06179,PASS,FAIL,FAIL,PASS,PASS,91
CF06180,PASS,PASS,PASS,FAIL,PASS,71
CF06181,FAIL,PASS,PASS,PASS,FAIL,95
CF06182,FAIL,FAIL,PASS,PASS,FAIL,97
CF06183,FAIL,PASS,PASS,PASS,PASS,91
CF06184,FAIL,PASS,FAIL,FAIL,PASS,68
CF06185,PASS,FAIL,FAIL,PASS,PASS,79
CF06186,PASS,PASS,FAIL,PASS,PASS,66
CF06187,FAIL,FAIL,PASS,FAIL,PASS,82
CF06188,PASS,PASS,PASS,FAIL,FAIL,93
CF06189,FAIL,PASS,PASS,PASS,PASS,66
CF06190,FAIL,PASS,FAIL,FAIL,FAIL,64
CF06191,PASS,PASS,PASS,FAIL,FAIL,71
CF06192,FAIL,PASS,PASS,FAIL,PASS,72
CF06193,PASS,FAIL,PASS,FAIL,PASS,91
CF06194,PASS,PASS,FAIL,FAIL,FAIL,98
CF06195,PASS,PASS,PASS,PASS,FAIL,86
CF06196,PASS,FAIL,PASS,PASS,FAIL,85
CF06197,PASS,FAIL,FAIL,FAIL,PASS,91
CF06198,FAIL,PASS,FAIL,FAIL,PASS,85
CF06199,FAIL,FAIL,PASS,FAIL,FAIL,91
CF06200,PASS,PASS,FAIL,PASS,FAIL,98
CF06201,PASS,FAIL,FAIL,PASS,PASS,64
CF06202,FAIL,PASS,FAIL,FAIL,PASS,85
CF06203,FAIL,FAIL,FAIL,FAIL,PASS,96
CF06204,PASS,FAIL,FAIL,FAIL,FAIL,82
CF06205,PASS,PASS,PASS,PASS,FAIL,76
CF06206,PASS,PASS,PASS,FAIL,PASS,75
CF06207,PASS,FAIL,PASS,PASS,PASS,85
CF06208,PASS,PASS,PASS,FAIL,PASS,84
CF06209,FAIL,PASS,FAIL,FAIL,FAIL,89
CF06210,PASS,PASS,PASS,FAIL,PASS,68
CF06211,PASS,PASS,PASS,FAIL,FAIL,93
CF06212,FAIL,FAIL,PASS,PASS,PASS,94
CF06213,PASS,PASS,PASS,PASS,FAIL,78
CF06214,FAIL,FAIL,FAIL,PASS,FAIL,92
CF06215,PASS,PASS,FAIL,FAIL,FAIL,64
CF06216,PASS,FAIL,PASS,FAIL,PASS,67
CF06217,FAIL,PASS,PASS,FAIL,PASS,63
CF06218,FAIL,PASS,PASS,FAIL,FAIL,95
CF06219,FAIL,PASS,PASS,PASS,PASS,82
CF06220,PASS,PASS,FAIL,PASS,FAIL,90
CF06221,FAIL,PASS,PASS,FAIL,FAIL,94
CF06222,FAIL,FAIL,PASS,PASS,PASS,65
CF06223,PASS,FAIL,PASS,FAIL,FAIL,90
CF06224,FAIL,PASS,FAIL,FAIL,PASS,71
CF06225,FAIL,PASS,PASS,PASS,PASS,94
CF06226,FAIL,FAIL,FAIL,FAIL,PASS,62
CF06227,FAIL,PASS,FAIL,FAIL,PASS,92
CF06228,FAIL,PASS,FAIL,FAIL,FAIL,82
CF06229,PASS,FAIL,FAIL,PASS,PASS,77
CF06230,FAIL,PASS,FAIL,PASS,FAIL,93
CF06231,FAIL,PASS,PASS,FAIL,FAIL,78
CF06232,FAIL,PASS,FAIL,FAIL,PASS,96
CF06233,PASS,FAIL,FAIL,FAIL,FAIL,68
CF06234,PASS,PASS,FAIL,FAIL,FAIL,82
CF06235,FAIL,PASS,PASS,PASS,FAIL,82
CF06236,PASS,FAIL,FAIL,PASS,PASS,79
CF06237,PASS,FAIL,FAIL,PASS,PASS,98
CF06238,FAIL,PASS,FAIL,FAIL,FAIL,75
CF06239,FAIL,PASS,FAIL,PASS,PASS,65
CF06240,FAIL,FAIL,FAIL,FAIL,FAIL,76
CF06241,FAIL,PASS,FAIL,FAIL,PASS,91
CF06242,PASS,PASS,FAIL,PASS,FAIL,92
CF06243,FAIL,PASS,PASS,PASS,PASS,76
CF06244,PASS,FAIL,FAIL,PASS,PASS,96
CF06245,PASS,FAIL,PASS,FAIL,FAIL,61
CF06246,PASS,FAIL,FAIL,PASS,PASS,68
CF06247,PASS,FAIL,PASS,PASS,FAIL,80
CF06248,PASS,PASS,FAIL,PASS,FAIL,97
CF06249,FAIL,PASS,PASS,FAIL,FAIL,64
CF06250,FAIL,FAIL,PASS,FAIL,FAIL,71
CF06251,PASS,FAIL,FAIL,FAIL,PASS,61
CF06252,PASS,FAIL,PASS,PASS,FAIL,97
CF06253,PASS,PASS,PASS,FAIL,FAIL,74
CF06254,PASS,FAIL,FAIL,FAIL,PASS,94
CF06255,FAIL,FAIL,FAIL,FAIL,FAIL,66
CF06256,PASS,PASS,FAIL,FAIL,FAIL,66
CF06257,FAIL,FAIL,FAIL,PASS,PASS,78
CF06258,PASS,FAIL,PASS,FAIL,FAIL,96
CF06259,PASS,FAIL,FAIL,PASS,FAIL,90
CF06260,FAIL,FAIL,FAIL,FAIL,FAIL,94
CF06261,PASS,PASS,PASS,PASS,FAIL,74
CF06262,PASS,PASS,FAIL,FAIL,PASS,81
CF06263,FAIL,PASS,PASS,PASS,FAIL,88
CF06264,PASS,FAIL,FAIL,PASS,FAIL,88
CF06265,PASS,FAIL,FAIL,FAIL,FAIL,67
CF06266,FAIL,FAIL,FAIL,FAIL,PASS,66
CF06267,FAIL,FAIL,FAIL,PASS,FAIL,91
CF06268,FAIL,PASS,PASS,FAIL,FAIL,88
CF06269,PASS,FAIL,PASS,FAIL,PASS,94
CF06270,PASS,PASS,PASS,PASS,FAIL,79
CF06271,FAIL,PASS,PASS,FAIL,FAIL,60
CF06272,FAIL,PASS,FAIL,PASS,FAIL,69
CF06273,PASS,FAIL,FAIL,FAIL,FAIL,66
CF06274,PASS,PASS,PASS,PASS,FAIL,64
CF06275,FAIL,FAIL,FAIL,FAIL,PASS,78
CF06276,FAIL,PASS,PASS,FAIL,FAIL,66
CF06277,FAIL,PASS,FAIL,PASS,FAIL,72
CF06278,PASS,PASS,FAIL,FAIL,PASS,75
CF06279,PASS,FAIL,PASS,PASS,PASS,66
CF06280,PASS,FAIL,FAIL,PASS,FAIL,81
CF06281,PASS,FAIL,PASS,FAIL,FAIL,98
CF06282,PASS,FAIL,PASS,PASS,FAIL,74
CF06283,PASS,PASS,FAIL,PASS,PASS,96
CF06284,FAIL,FAIL,FAIL,PASS,FAIL,80
CF06285,PASS,FAIL,FAIL,FAIL,FAIL,84
CF06286,PASS,PASS,FAIL,PASS,FAIL,87
CF06287,FAIL,PASS,PASS,PASS,FAIL,61
CF06288,FAIL,FAIL,PASS,PASS,FAIL,68
CF06289,FAIL,PASS,PASS,PASS,FAIL,86
CF06290,PASS,PASS,FAIL,PASS,PASS,76
CF06291,FAIL,PASS,FAIL,PASS,PASS,98
CF06292,FAIL,PASS,FAIL,FAIL,FAIL,90
CF06293,PASS,PASS,FAIL,PASS,PASS,68
CF06294,PASS,FAIL,FAIL,PASS,FAIL,84
CF06295,PASS,PASS,FAIL,FAIL,FAIL,76
CF06296,FAIL,PASS,PASS,FAIL,FAIL,92
CF06297,PASS,FAIL,FAIL,PASS,PASS,66
CF06298,FAIL,FAIL,PASS,PASS,FAIL,81
CF06299,FAIL,PASS,PASS,PASS,PASS,79
CF06300,PASS,PASS,FAIL,FAIL,FAIL,95
CF06301,FAIL,FAIL,PASS,FAIL,PASS,80
CF06302,PASS,PASS,PASS,FAIL,FAIL,71
CF06303,FAIL,PASS,FAIL,PASS,FAIL,90
CF06304,FAIL,PASS,FAIL,PASS,FAIL,62
CF06305,PASS,PASS,FAIL,FAIL,PASS,95
CF06306,FAIL,PASS,PASS,PASS,FAIL,66
CF06307,PASS,FAIL,PASS,FAIL,PASS,77
CF06308,PASS,FAIL,PASS,FAIL,FAIL,81
CF06309,FAIL,PASS,FAIL,PASS,PASS,99
CF06310,PASS,FAIL,FAIL,PASS,FAIL,73
CF06311,PASS,PASS,FAIL,FAIL,PASS,96
CF06312,PASS,PASS,PASS,FAIL,PASS,77
CF06313,PASS,FAIL,PASS,PASS,PASS,64
CF06314,PASS,FAIL,FAIL,PASS,FAIL,84
CF06315,PASS,PASS,PASS,PASS,PASS,99
CF06316,PASS,PASS,FAIL,PASS,FAIL,65
CF06317,PASS,PASS,FAIL,FAIL,PASS,66
CF06318,PASS,PASS,FAIL,PASS,FAIL,76
CF06319,PASS,PASS,PASS,FAIL,PASS,99
CF06320,FAIL,PASS,PASS,FAIL,PASS,90
CF06321,FAIL,PASS,FAIL,PASS,PASS,79
CF06322,PASS,FAIL,FAIL,FAIL,FAIL,82
CF06323,PASS,PASS,FAIL,FAIL,PASS,90
CF06324,FAIL,PASS,PASS,FAIL,FAIL,69
CF06325,PASS,FAIL,FAIL,FAIL,FAIL,97
CF06326,FAIL,PASS,FAIL,PASS,FAIL,60
CF06327,FAIL,PASS,FAIL,FAIL,FAIL,62
CF06328,PASS,FAIL,PASS,FAIL,FAIL,82
CF06329,PASS,FAIL,PASS,PASS,PASS,64
CF06330,PASS,PASS,FAIL,FAIL,PASS,70
CF06331,FAIL,PASS,PASS,PASS,FAIL,97
CF06332,PASS,FAIL,FAIL,FAIL,FAIL,98
CF06333,PASS,PASS,PASS,FAIL,FAIL,88
CF06334,FAIL,FAIL,FAIL,FAIL,PASS,60
CF06335,FAIL,FAIL,FAIL,PASS,FAIL,93
CF06336,PASS,FAIL,FAIL,FAIL,FAIL,74
CF06337,PASS,PASS,FAIL,FAIL,FAIL,97
CF06338,FAIL,FAIL,PASS,FAIL,FAIL,70
CF06339,FAIL,FAIL,PASS,PASS,FAIL,75
CF06340,FAIL,FAIL,PASS,FAIL,FAIL,96
CF06341,FAIL,PASS,FAIL,PASS,PASS,61
CF06342,PASS,FAIL,PASS,PASS,FAIL,60
CF06343,FAIL,FAIL,PASS,FAIL,PASS,92
CF06344,FAIL,FAIL,FAIL,FAIL,FAIL,95
CF06345,PASS,PASS,FAIL,FAIL,PASS,98
CF06346,FAIL,FAIL,PASS,FAIL,PASS,77
CF06347,PASS,FAIL,FAIL,PASS,PASS,97
CF06348,PASS,PASS,FAIL,FAIL,PASS,84
CF06349,PASS,FAIL,FAIL,FAIL,PASS,95
CF06350,PASS,FAIL,FAIL,PASS,PASS,65
CF06351,FAIL,FAIL,PASS,PASS,PASS,60
CF06352,FAIL,PASS,PASS,FAIL,PASS,63
CF06353,PASS,FAIL,FAIL,PASS,PASS,65
CF06354,PASS,PASS,PASS,FAIL,FAIL,89
CF06355,PASS,FAIL,FAIL,PASS,FAIL,60
CF06356,FAIL,FAIL,FAIL,FAIL,PASS,85
CF06357,FAIL,FAIL,PASS,PASS,PASS,72
CF06358,PASS,FAIL,PASS,PASS,FAIL,65
CF06359,PASS,FAIL,FAIL,FAIL,FAIL,74
CF06360,PASS,FAIL,PASS,FAIL,PASS,73
CF06361,PASS,FAIL,PASS,PASS,PASS,86
CF06362,PASS,PASS,FAIL,FAIL,FAIL,96
CF06363,PASS,PASS,PASS,FAIL,PASS,81
CF06364,FAIL,PASS,PASS,FAIL,PASS,89
CF06365,PASS,FAIL,PASS,FAIL,PASS,75
CF06366,PASS,FAIL,FAIL,FAIL,PASS,79
CF06367,FAIL,FAIL,PASS,PASS,FAIL,64
CF06368,FAIL,FAIL,PASS,FAIL,PASS,69
CF06369,FAIL,FAIL,FAIL,FAIL,FAIL,97
CF06370,PASS,PASS,FAIL,PASS,FAIL,76
CF06371,PASS,PASS,FAIL,FAIL,FAIL,78
CF06372,FAIL,PASS,PASS,FAIL,FAIL,92
CF06373,PASS,PASS,PASS,FAIL,FAIL,89
CF06374,FAIL,PASS,PASS,PASS,PASS,96
CF06375,PASS,FAIL,FAIL,FAIL,PASS,93
CF06376,FAIL,PASS,PASS,FAIL,FAIL,79
CF06377,PASS,PASS,FAIL,FAIL,PASS,70
CF06378,FAIL,FAIL,PASS,FAIL,FAIL,94
CF06379,PASS,FAIL,PASS,FAIL,PASS,80
CF06380,PASS,FAIL,PASS,FAIL,PASS,74
CF06381,FAIL,FAIL,PASS,FAIL,FAIL,85
CF06382,PASS,PASS,PASS,PASS,PASS,94
CF06383,PASS,FAIL,FAIL,PASS,PASS,93
CF06384,FAIL,PASS,FAIL,FAIL,PASS,88
CF06385,FAIL,FAIL,FAIL,FAIL,PASS,70
CF06386,FAIL,PASS,FAIL,PASS,FAIL,65
CF06387,PASS,FAIL,FAIL,PASS,FAIL,93
CF06388,FAIL,PASS,FAIL,FAIL,PASS,76
CF06389,FAIL,PASS,FAIL,FAIL,PASS,87
CF06390,PASS,FAIL,PASS,FAIL,PASS,70
CF06391,PASS,FAIL,PASS,FAIL,PASS,67
CF06392,PASS,PASS,FAIL,PASS,FAIL,88
CF06393,FAIL,PASS,FAIL,FAIL,FAIL,88
CF06394,PASS,FAIL,PASS,PASS,PASS,77
CF06395,FAIL,FAIL,FAIL,PASS,FAIL,97
CF06396,FAIL,FAIL,FAIL,FAIL,PASS,90
CF06397,FAIL,FAIL,FAIL,FAIL,FAIL,88
CF06398,FAIL,FAIL,PASS,FAIL,PASS,85
CF06399,FAIL,PASS,FAIL,PASS,PASS,74
CF06400,PASS,FAIL,PASS,PASS,PASS,98
CF06401,PASS,FAIL,FAIL,FAIL,FAIL,97
CF06402,FAIL,PASS,PASS,FAIL,PASS,60
CF06403,PASS,PASS,FAIL,FAIL,FAIL,66
CF06404,FAIL,PASS,PASS,FAIL,FAIL,95
CF06405,FAIL,FAIL,FAIL,PASS,FAIL,83
CF06406,PASS,FAIL,FAIL,PASS,FAIL,81
CF06407,PASS,FAIL,PASS,FAIL,PASS,60
CF06408,PASS,PASS,FAIL,PASS,PASS,95
CF06409,PASS,FAIL,PASS,PASS,PASS,75
CF06410,PASS,FAIL,FAIL,PASS,FAIL,98
CF06411,FAIL,PASS,PASS,PASS,PASS,60
CF06412,PASS,PASS,FAIL,PASS,PASS,81
CF06413,PASS,FAIL,FAIL,FAIL,FAIL,73
CF06414,FAIL,FAIL,PASS,PASS,FAIL,89
CF06415,PASS,FAIL,PASS,PASS,FAIL,86
CF06416,PASS,PASS,FAIL,PASS,FAIL,64
CF06417,FAIL,PASS,FAIL,PASS,FAIL,82
CF06418,FAIL,FAIL,PASS,FAIL,PASS,93
CF06419,PASS,FAIL,FAIL,FAIL,FAIL,81
CF06420,PASS,FAIL,FAIL,PASS,FAIL,97
CF06421,FAIL,FAIL,PASS,PASS,PASS,84
CF06422,FAIL,PASS,PASS,PASS,FAIL,88
CF06423,PASS,PASS,PASS,FAIL,PASS,97
CF06424,FAIL,FAIL,FAIL,FAIL,PASS,94
CF06425,FAIL,PASS,FAIL,FAIL,PASS,68
CF06426,FAIL,PASS,FAIL,PASS,FAIL,63
CF06427,PASS,PASS,FAIL,FAIL,FAIL,84
CF06428,PASS,FAIL,PASS,FAIL,PASS,83
CF06429,FAIL,FAIL,FAIL,PASS,FAIL,73
CF06430,FAIL,FAIL,FAIL,PASS,PASS,65
CF06431,PASS,PASS,PASS,PASS,PASS,95
CF06432,FAIL,FAIL,PASS,FAIL,PASS,60
CF06433,PASS,PASS,FAIL,PASS,FAIL,84
CF06434,PASS,FAIL,FAIL,PASS,FAIL,98
CF06435,PASS,FAIL,FAIL,PASS,FAIL,69
CF06436,FAIL,FAIL,PASS,FAIL,PASS,85
CF06437,FAIL,PASS,PASS,FAIL,FAIL,85
CF06438,PASS,FAIL,FAIL,FAIL,PASS,72
CF06439,FAIL,FAIL,FAIL,FAIL,PASS,68
CF06440,FAIL,PASS,FAIL,FAIL,PASS,67
CF06441,FAIL,PASS,PASS,PASS,PASS,72
CF06442,FAIL,FAIL,FAIL,PASS,FAIL,97
CF06443,PASS,FAIL,FAIL,PASS,PASS,93
CF06444,FAIL,FAIL,FAIL,PASS,PASS,83
CF06445,PASS,FAIL,FAIL,PASS,PASS,90
CF06446,PASS,PASS,PASS,PASS,FAIL,77
CF06447,PASS,PASS,PASS,PASS,FAIL,69
CF06448,PASS,PASS,FAIL,PASS,FAIL,85
CF06449,FAIL,FAIL,PASS,PASS,FAIL,91
CF06450,PASS,PASS,PASS,FAIL,PASS,78
CF06451,PASS,FAIL,PASS,PASS,FAIL,75
CF06452,PASS,PASS,FAIL,FAIL,FAIL,89
CF06453,FAIL,FAIL,FAIL,PASS,FAIL,90
CF06454,PASS,FAIL,FAIL,FAIL,PASS,71
CF06455,FAIL,FAIL,FAIL,PASS,PASS,94
CF06456,FAIL,FAIL,FAIL,FAIL,FAIL,89
CF06457,FAIL,FAIL,PASS,FAIL,FAIL,87
CF06458,PASS,PASS,PASS,FAIL,FAIL,88
CF06459,FAIL,FAIL,FAIL,FAIL,PASS,98
CF06460,PASS,PASS,PASS,PASS,PASS,94
CF06461,PASS,FAIL,FAIL,FAIL,FAIL,74
CF06462,PASS,FAIL,PASS,PASS,FAIL,94
CF06463,FAIL,FAIL,FAIL,PASS,FAIL,83
CF06464,FAIL,PASS,PASS,PASS,FAIL,87
CF06465,FAIL,FAIL,PASS,FAIL,PASS,69
CF06466,FAIL,FAIL,PASS,FAIL,FAIL,71
CF06467,PASS,PASS,PASS,PASS,FAIL,91
CF06468,FAIL,FAIL,PASS,PASS,PASS,78
CF06469,PASS,FAIL,PASS,PASS,PASS,79
CF06470,FAIL,FAIL,PASS,PASS,PASS,94
CF06471,FAIL,FAIL,PASS,PASS,FAIL,67
CF06472,PASS,FAIL,FAIL,FAIL,PASS,75
CF06473,PASS,FAIL,PASS,PASS,FAIL,62
CF06474,FAIL,FAIL,FAIL,PASS,FAIL,79
CF06475,PASS,PASS,PASS,PASS,PASS,75
CF06476,PASS,PASS,FAIL,PASS,FAIL,81
CF06477,PASS,PASS,PASS,FAIL,FAIL,94
CF06478,FAIL,FAIL,PASS,FAIL,PASS,86
CF06479,PASS,FAIL,FAIL,FAIL,PASS,94
CF06480,PASS,FAIL,FAIL,PASS,PASS,75
CF06481,PASS,FAIL,FAIL,PASS,FAIL,98
CF06482,PASS,PASS,PASS,PASS,PASS,64
CF06483,FAIL,PASS,PASS,FAIL,PASS,99
CF06484,FAIL,PASS,FAIL,PASS,PASS,70
CF06485,PASS,FAIL,PASS,FAIL,FAIL,71
CF06486,PASS,PASS,PASS,PASS,FAIL,65
CF06487,PASS,PASS,FAIL,FAIL,FAIL,78
CF06488,PASS,FAIL,PASS,PASS,FAIL,96
CF06489,PASS,FAIL,FAIL,PASS,FAIL,99
CF06490,PASS,FAIL,PASS,PASS,FAIL,75
CF06491,PASS,PASS,PASS,FAIL,FAIL,87
CF06492,PASS,FAIL,FAIL,FAIL,FAIL,71
CF06493,FAIL,FAIL,FAIL,PASS,PASS,68
CF06494,PASS,FAIL,PASS,PASS,FAIL,80
CF06495,PASS,FAIL,PASS,PASS,PASS,85
CF06496,PASS,PASS,FAIL,FAIL,FAIL,77
CF06497,PASS,PASS,PASS,FAIL,FAIL,97
CF06498,FAIL,FAIL,PASS,FAIL,PASS,71
CF06499,FAIL,FAIL,FAIL,PASS,FAIL,86
CF06500,FAIL,FAIL,PASS,PASS,PASS,77
CF06501,PASS,FAIL,PASS,PASS,PASS,71
CF06502,PASS,FAIL,PASS,PASS,PASS,75
CF06503,FAIL,FAIL,FAIL,PASS,PASS,74
CF06504,FAIL,FAIL,FAIL,PASS,PASS,76
CF06505,PASS,FAIL,PASS,PASS,FAIL,94
CF06506,FAIL,PASS,FAIL,FAIL,PASS,77
CF06507,FAIL,FAIL,PASS,FAIL,PASS,86
CF06508,PASS,FAIL,PASS,FAIL,PASS,95
CF06509,PASS,PASS,FAIL,PASS,PASS,69
CF06510,FAIL,FAIL,FAIL,FAIL,FAIL,60
CF06511,FAIL,FAIL,FAIL,FAIL,PASS,72
CF06512,FAIL,PASS,PASS,PASS,FAIL,64
CF06513,FAIL,PASS,FAIL,PASS,PASS,87
CF06514,FAIL,FAIL,FAIL,FAIL,PASS,99
CF06515,PASS,FAIL,FAIL,PASS,FAIL,64
CF06516,FAIL,PASS,FAIL,FAIL,PASS,75
CF06517,FAIL,PASS,FAIL,FAIL,FAIL,78
CF06518,PASS,PASS,FAIL,PASS,PASS,83
CF06519,PASS,PASS,FAIL,PASS,FAIL,79
CF06520,PASS,FAIL,PASS,FAIL,FAIL,83
CF06521,FAIL,FAIL,FAIL,PASS,FAIL,65
CF06522,FAIL,PASS,FAIL,FAIL,FAIL,62
CF06523,FAIL,FAIL,PASS,FAIL,PASS,74
CF06524,PASS,PASS,FAIL,FAIL,PASS,89
CF06525,FAIL,FAIL,FAIL,FAIL,FAIL,78
CF06526,PASS,PASS,PASS,PASS,PASS,95
CF06527,FAIL,PASS,PASS,PASS,PASS,75
CF06528,FAIL,FAIL,PASS,FAIL,PASS,73
CF06529,PASS,PASS,PASS,FAIL,PASS,83
CF06530,FAIL,FAIL,PASS,PASS,PASS,85
CF06531,PASS,PASS,PASS,PASS,PASS,75
CF06532,FAIL,PASS,PASS,FAIL,PASS,96
CF06533,PASS,PASS,PASS,FAIL,PASS,77
CF06534,PASS,PASS,FAIL,PASS,FAIL,63
CF06535,PASS,FAIL,FAIL,FAIL,PASS,92
CF06536,FAIL,FAIL,FAIL,FAIL,PASS,65
CF06537,FAIL,FAIL,FAIL,FAIL,PASS,68
CF06538,PASS,PASS,FAIL,PASS,FAIL,70
CF06539,PASS,FAIL,PASS,PASS,FAIL,68
CF06540,PASS,PASS,FAIL,PASS,FAIL,73
CF06541,FAIL,FAIL,PASS,FAIL,PASS,83
CF06542,PASS,FAIL,PASS,PASS,PASS,66
CF06543,FAIL,PASS,PASS,PASS,FAIL,78
CF06544,PASS,PASS,FAIL,FAIL,PASS,60
CF06545,FAIL,FAIL,FAIL,FAIL,PASS,97
CF06546,FAIL,FAIL,PASS,FAIL,FAIL,69
CF06547,FAIL,FAIL,PASS,FAIL,PASS,66
CF06548,FAIL,PASS,FAIL,PASS,FAIL,77
CF06549,FAIL,FAIL,PASS,FAIL,FAIL,71
CF06550,PASS,FAIL,PASS,FAIL,PASS,69
CF06551,PASS,FAIL,PASS,FAIL,FAIL,73
CF06552,FAIL,PASS,PASS,PASS,FAIL,64
CF06553,FAIL,PASS,PASS,FAIL,FAIL,82
CF06554,PASS,PASS,PASS,FAIL,FAIL,75
CF06555,PASS,PASS,FAIL,PASS,PASS,78
CF06556,PASS,PASS,PASS,PASS,FAIL,99
CF06557,FAIL,FAIL,PASS,FAIL,PASS,98
CF06558,PASS,FAIL,PASS,PASS,PASS,74
CF06559,PASS,FAIL,FAIL,FAIL,FAIL,63
CF06560,PASS,FAIL,FAIL,PASS,FAIL,97
CF06561,PASS,PASS,FAIL,FAIL,PASS,72
CF06562,FAIL,PASS,PASS,PASS,FAIL,75
CF06563,PASS,PASS,PASS,FAIL,PASS,90
CF06564,PASS,FAIL,PASS,FAIL,PASS,69
CF06565,FAIL,PASS,FAIL,FAIL,PASS,78
CF06566,FAIL,FAIL,FAIL,FAIL,PASS,83
CF06567,FAIL,PASS,FAIL,PASS,FAIL,86
CF06568,FAIL,PASS,FAIL,PASS,FAIL,89
CF06569,PASS,PASS,FAIL,PASS,FAIL,72
CF06570,FAIL,FAIL,PASS,PASS,PASS,60
CF06571,FAIL,FAIL,FAIL,FAIL,FAIL,78
CF06572,PASS,PASS,FAIL,PASS,FAIL,71
CF06573,FAIL,PASS,FAIL,FAIL,FAIL,97
CF06574,FAIL,PASS,PASS,FAIL,FAIL,63
CF06575,PASS,FAIL,FAIL,FAIL,FAIL,66
CF06576,PASS,PASS,PASS,FAIL,FAIL,73
CF06577,FAIL,PASS,PASS,PASS,PASS,70
CF06578,PASS,PASS,PASS,FAIL,PASS,82
CF06579,FAIL,PASS,PASS,FAIL,PASS,88
CF06580,FAIL,FAIL,FAIL,PASS,FAIL,72
CF06581,PASS,PASS,PASS,FAIL,FAIL,67
CF06582,FAIL,PASS,FAIL,FAIL,PASS,60
CF06583,PASS,PASS,FAIL,PASS,PASS,64
CF06584,PASS,FAIL,FAIL,FAIL,FAIL,94
CF06585,PASS,FAIL,PASS,FAIL,PASS,97
CF06586,PASS,PASS,FAIL,PASS,FAIL,64
CF06587,PASS,FAIL,PASS,PASS,FAIL,67
CF06588,FAIL,PASS,PASS,FAIL,FAIL,69
CF06589,FAIL,FAIL,FAIL,PASS,FAIL,73
CF06590,PASS,FAIL,PASS,PASS,FAIL,76
CF06591,PASS,FAIL,PASS,FAIL,FAIL,66
CF06592,PASS,PASS,PASS,FAIL,PASS,64
CF06593,FAIL,PASS,PASS,FAIL,PASS,78
CF06594,PASS,FAIL,FAIL,FAIL,PASS,95
CF06595,FAIL,FAIL,PASS,PASS,PASS,82
CF06596,PASS,FAIL,FAIL,PASS,PASS,97
CF06597,PASS,FAIL,PASS,FAIL,FAIL,68
CF06598,PASS,FAIL,FAIL,PASS,PASS,78
CF06599,FAIL,FAIL,PASS,PASS,FAIL,94
CF06600,PASS,FAIL,PASS,FAIL,FAIL,84
CF06601,FAIL,PASS,PASS,PASS,PASS,90
CF06602,FAIL,PASS,PASS,FAIL,PASS,63
CF06603,PASS,FAIL,PASS,PASS,FAIL,65
CF06604,FAIL,PASS,PASS,FAIL,FAIL,70
CF06605,FAIL,FAIL,PASS,FAIL,PASS,71
CF06606,FAIL,PASS,PASS,PASS,FAIL,73
CF06607,FAIL,PASS,FAIL,FAIL,PASS,82
CF06608,FAIL,FAIL,FAIL,PASS,PASS,72
CF06609,PASS,FAIL,PASS,FAIL,FAIL,62
CF06610,PASS,FAIL,FAIL,PASS,PASS,74
CF06611,FAIL,PASS,FAIL,FAIL,PASS,96
CF06612,PASS,FAIL,FAIL,PASS,FAIL,60
CF06613,PASS,FAIL,FAIL,FAIL,FAIL,81
CF06614,FAIL,PASS,PASS,PASS,FAIL,87
CF06615,FAIL,FAIL,PASS,FAIL,FAIL,71
CF06616,FAIL,PASS,PASS,FAIL,FAIL,75
CF06617,FAIL,PASS,PASS,FAIL,PASS,92
CF06618,FAIL,PASS,PASS,FAIL,PASS,71
CF06619,PASS,PASS,PASS,PASS,FAIL,73
CF06620,FAIL,PASS,PASS,PASS,FAIL,79
CF06621,PASS,FAIL,PASS,PASS,PASS,98
CF06622,FAIL,PASS,FAIL,FAIL,PASS,93
CF06623,PASS,PASS,FAIL,PASS,PASS,81
CF06624,PASS,PASS,FAIL,PASS,FAIL,84
CF06625,PASS,PASS,PASS,PASS,FAIL,97
CF06626,FAIL,PASS,PASS,FAIL,FAIL,72
CF06627,FAIL,FAIL,FAIL,FAIL,PASS,82
CF06628,PASS,PASS,FAIL,PASS,PASS,69
CF06629,PASS,FAIL,PASS,PASS,FAIL,82
CF06630,PASS,PASS,FAIL,FAIL,PASS,81
CF06631,PASS,FAIL,FAIL,PASS,FAIL,89
CF06632,FAIL,PASS,FAIL,PASS,FAIL,87
CF06633,PASS,FAIL,FAIL,PASS,FAIL,86
CF06634,FAIL,PASS,FAIL,PASS,PASS,97
CF06635,PASS,PASS,FAIL,PASS,FAIL,93
CF06636,FAIL,FAIL,FAIL,FAIL,PASS,76
CF06637,PASS,PASS,FAIL,FAIL,FAIL,93
CF06638,PASS,PASS,FAIL,PASS,FAIL,99
CF06639,FAIL,FAIL,PASS,PASS,PASS,96
CF06640,PASS,FAIL,PASS,PASS,PASS,98
CF06641,FAIL,FAIL,FAIL,FAIL,PASS,62
CF06642,FAIL,PASS,PASS,FAIL,FAIL,96
CF06643,PASS,PASS,FAIL,PASS,PASS,62
CF06644,PASS,PASS,PASS,FAIL,FAIL,84
CF06645,FAIL,PASS,FAIL,PASS,FAIL,77
CF06646,FAIL,PASS,FAIL,PASS,PASS,65
CF06647,FAIL,FAIL,PASS,PASS,PASS,67
CF06648,PASS,FAIL,PASS,PASS,FAIL,80
CF06649,PASS,FAIL,PASS,PASS,FAIL,72
CF06650,FAIL,FAIL,PASS,FAIL,PASS,62
CF06651,PASS,FAIL,FAIL,FAIL,FAIL,72
CF06652,FAIL,FAIL,FAIL,FAIL,FAIL,72
CF06653,FAIL,PASS,FAIL,FAIL,FAIL,82
CF06654,FAIL,FAIL,PASS,PASS,FAIL,79
CF06655,FAIL,PASS,PASS,FAIL,PASS,63
CF06656,PASS,PASS,PASS,FAIL,FAIL,84
CF06657,FAIL,FAIL,FAIL,PASS,PASS,69
CF06658,FAIL,FAIL,PASS,FAIL,FAIL,78
CF06659,FAIL,PASS,FAIL,FAIL,PASS,78
CF06660,FAIL,PASS,FAIL,PASS,FAIL,80
CF06661,PASS,PASS,FAIL,FAIL,PASS,79
CF06662,FAIL,PASS,PASS,PASS,PASS,80
CF06663,FAIL,PASS,FAIL,PASS,PASS,82
CF06664,PASS,FAIL,FAIL,PASS,FAIL,69
CF06665,FAIL,FAIL,FAIL,FAIL,FAIL,75
CF06666,PASS,PASS,PASS,FAIL,PASS,87
CF06667,PASS,FAIL,PASS,FAIL,PASS,82
CF06668,PASS,PASS,PASS,FAIL,FAIL,91
CF06669,FAIL,FAIL,FAIL,FAIL,PASS,84
CF06670,PASS,PASS,FAIL,PASS,PASS,69
CF06671,FAIL,PASS,PASS,FAIL,FAIL,98
CF06672,FAIL,FAIL,PASS,PASS,FAIL,75
CF06673,PASS,FAIL,FAIL,FAIL,FAIL,60
CF06674,PASS,FAIL,FAIL,PASS,PASS,87
CF06675,PASS,PASS,PASS,FAIL,FAIL,94
CF06676,FAIL,FAIL,FAIL,PASS,PASS,88
CF06677,PASS,FAIL,PASS,FAIL,PASS,97
CF06678,FAIL,FAIL,PASS,FAIL,PASS,79
CF06679,FAIL,FAIL,FAIL,PASS,FAIL,74
CF06680,PASS,PASS,PASS,PASS,PASS,69
CF06681,PASS,FAIL,PASS,FAIL,FAIL,67
CF06682,PASS,FAIL,PASS,FAIL,FAIL,94
CF06683,PASS,PASS,PASS,FAIL,PASS,61
CF06684,FAIL,PASS,FAIL,FAIL,PASS,95
CF06685,FAIL,FAIL,FAIL,FAIL,FAIL,83
CF06686,FAIL,FAIL,PASS,PASS,PASS,84
CF06687,PASS,PASS,PASS,PASS,FAIL,83
CF06688,FAIL,FAIL,PASS,PASS,FAIL,81
CF06689,FAIL,PASS,PASS,PASS,FAIL,65
CF06690,PASS,FAIL,FAIL,PASS,FAIL,84
CF06691,PASS,PASS,FAIL,PASS,PASS,91
CF06692,PASS,PASS,PASS,PASS,PASS,78
CF06693,FAIL,FAIL,PASS,FAIL,PASS,81
CF06694,PASS,FAIL,PASS,FAIL,FAIL,82
CF06695,FAIL,FAIL,PASS,FAIL,PASS,95
CF06696,FAIL,FAIL,FAIL,FAIL,FAIL,64
CF06697,PASS,PASS,PASS,FAIL,PASS,87
CF06698,PASS,PASS,FAIL,FAIL,FAIL,89
CF06699,FAIL,PASS,PASS,FAIL,PASS,62
CF06700,PASS,FAIL,FAIL,FAIL,PASS,75
CF06701,FAIL,FAIL,PASS,PASS,FAIL,91
CF06702,PASS,PASS,FAIL,FAIL,FAIL,83
CF06703,PASS,FAIL,PASS,FAIL,PASS,61
CF06704,FAIL,PASS,PASS,FAIL,PASS,96
CF06705,PASS,PASS,PASS,PASS,FAIL,75
CF06706,FAIL,PASS,FAIL,FAIL,FAIL,93
CF06707,PASS,FAIL,PASS,FAIL,PASS,71
CF06708,PASS,FAIL,PASS,FAIL,FAIL,69
CF06709,PASS,PASS,FAIL,PASS,PASS,69
CF06710,FAIL,PASS,PASS,FAIL,FAIL,68
CF06711,FAIL,FAIL,PASS,PASS,FAIL,91
CF06712,PASS,PASS,PASS,PASS,PASS,66
CF06713,FAIL,FAIL,FAIL,FAIL,FAIL,99
CF06714,PASS,PASS,PASS,PASS,FAIL,77
CF06715,FAIL,FAIL,PASS,FAIL,PASS,96
CF06716,FAIL,PASS,FAIL,FAIL,FAIL,73
CF06717,FAIL,PASS,PASS,PASS,PASS,65
CF06718,FAIL,FAIL,PASS,FAIL,PASS,60
CF06719,FAIL,FAIL,FAIL,PASS,PASS,61
CF06720,FAIL,PASS,PASS,FAIL,FAIL,83
CF06721,FAIL,PASS,FAIL,PASS,PASS,82
CF06722,PASS,PASS,PASS,FAIL,PASS,92
CF06723,PASS,PASS,FAIL,PASS,PASS,66
CF06724,PASS,FAIL,FAIL,PASS,PASS,95
CF06725,FAIL,PASS,PASS,FAIL,FAIL,62
CF06726,FAIL,FAIL,PASS,PASS,FAIL,78
CF06727,FAIL,FAIL,PASS,PASS,PASS,79
CF06728,FAIL,PASS,PASS,FAIL,PASS,78
CF06729,PASS,FAIL,FAIL,PASS,FAIL,92
CF06730,FAIL,FAIL,FAIL,PASS,PASS,61
CF06731,FAIL,PASS,PASS,PASS,PASS,90
CF06732,FAIL,FAIL,FAIL,PASS,PASS,89
CF06733,PASS,FAIL,PASS,PASS,PASS,77
CF06734,PASS,PASS,PASS,FAIL,PASS,74
CF06735,PASS,PASS,PASS,PASS,PASS,67
CF06736,PASS,FAIL,FAIL,PASS,FAIL,83
CF06737,PASS,FAIL,FAIL,PASS,FAIL,69
CF06738,FAIL,PASS,FAIL,PASS,FAIL,92
CF06739,FAIL,PASS,PASS,PASS,PASS,70
CF06740,PASS,PASS,PASS,FAIL,FAIL,82
CF06741,FAIL,FAIL,PASS,PASS,FAIL,97
CF06742,FAIL,PASS,FAIL,FAIL,FAIL,60
CF06743,FAIL,PASS,FAIL,FAIL,FAIL,99
CF06744,FAIL,FAIL,PASS,PASS,PASS,98
CF06745,PASS,PASS,PASS,PASS,PASS,71
CF06746,PASS,PASS,FAIL,FAIL,PASS,69
CF06747,PASS,PASS,FAIL,PASS,FAIL,65
CF06748,FAIL,FAIL,PASS,PASS,PASS,67
CF06749,PASS,PASS,PASS,PASS,FAIL,96
CF06750,PASS,FAIL,PASS,FAIL,FAIL,74
CF06751,FAIL,FAIL,FAIL,PASS,FAIL,91
CF06752,FAIL,PASS,PASS,PASS,PASS,94
CF06753,PASS,FAIL,FAIL,PASS,PASS,71
CF06754,FAIL,FAIL,FAIL,PASS,FAIL,94
CF06755,PASS,PASS,PASS,FAIL,FAIL,96
CF06756,FAIL,FAIL,FAIL,FAIL,FAIL,76
CF06757,PASS,FAIL,FAIL,PASS,PASS,68
CF06758,FAIL,PASS,FAIL,FAIL,FAIL,89
CF06759,PASS,PASS,PASS,PASS,FAIL,78
CF06760,PASS,FAIL,PASS,FAIL,PASS,75
CF06761,PASS,FAIL,PASS,PASS,FAIL,94
CF06762,PASS,FAIL,FAIL,FAIL,PASS,68
CF06763,PASS,FAIL,PASS,PASS,FAIL,88
CF06764,FAIL,PASS,PASS,PASS,FAIL,83
CF06765,PASS,PASS,FAIL,FAIL,PASS,78
CF06766,PASS,FAIL,PASS,PASS,FAIL,64
CF06767,FAIL,FAIL,PASS,FAIL,FAIL,66
CF06768,PASS,FAIL,PASS,FAIL,PASS,68
CF06769,PASS,FAIL,FAIL,PASS,FAIL,68
CF06770,PASS,FAIL,PASS,PASS,FAIL,62
CF06771,FAIL,PASS,PASS,FAIL,PASS,74
CF06772,FAIL,FAIL,FAIL,FAIL,PASS,60
CF06773,PASS,FAIL,PASS,FAIL,PASS,90
CF06774,PASS,FAIL,PASS,PASS,PASS,98
CF06775,PASS,PASS,PASS,FAIL,PASS,64
CF06776,PASS,PASS,PASS,PASS,FAIL,79
CF06777,FAIL,PASS,FAIL,FAIL,PASS,80
CF06778,PASS,FAIL,FAIL,FAIL,PASS,94
CF06779,PASS,PASS,FAIL,FAIL,PASS,91
CF06780,FAIL,FAIL,FAIL,PASS,FAIL,60
CF06781,PASS,PASS,FAIL,PASS,FAIL,66
CF06782,PASS,PASS,FAIL,FAIL,FAIL,62
CF06783,FAIL,FAIL,PASS,FAIL,PASS,78
CF06784,PASS,FAIL,PASS,FAIL,PASS,71
CF06785,PASS,PASS,FAIL,FAIL,PASS,69
CF06786,PASS,FAIL,PASS,PASS,FAIL,97
CF06787,PASS,FAIL,FAIL,PASS,FAIL,89
CF06788,FAIL,FAIL,PASS,PASS,FAIL,68
CF06789,PASS,PASS,PASS,PASS,PASS,76
CF06790,FAIL,PASS,FAIL,PASS,FAIL,74
CF06791,FAIL,PASS,FAIL,PASS,PASS,66
CF06792,PASS,FAIL,PASS,PASS,FAIL,84
CF06793,PASS,PASS,PASS,PASS,FAIL,79
CF06794,PASS,PASS,PASS,PASS,PASS,72
CF06795,PASS,PASS,PASS,PASS,FAIL,62
CF06796,FAIL,FAIL,PASS,PASS,PASS,67
CF06797,FAIL,PASS,PASS,PASS,PASS,96
CF06798,PASS,FAIL,FAIL,FAIL,FAIL,78
CF06799,PASS,FAIL,FAIL,PASS,FAIL,66
CF06800,FAIL,PASS,FAIL,PASS,FAIL,66
CF06801,PASS,PASS,PASS,FAIL,PASS,62
CF06802,FAIL,FAIL,FAIL,FAIL,PASS,74
CF06803,FAIL,PASS,PASS,FAIL,FAIL,83
CF06804,FAIL,FAIL,PASS,PASS,FAIL,73
CF06805,FAIL,PASS,PASS,PASS,FAIL,83
CF06806,PASS,PASS,FAIL,FAIL,FAIL,61
CF06807,PASS,PASS,FAIL,FAIL,PASS,62
CF06808,PASS,PASS,FAIL,FAIL,PASS,85
CF06809,FAIL,FAIL,FAIL,PASS,FAIL,69
CF06810,FAIL,FAIL,FAIL,PASS,PASS,93
CF06811,PASS,FAIL,PASS,PASS,PASS,79
CF06812,FAIL,PASS,FAIL,FAIL,PASS,95
CF06813,PASS,FAIL,FAIL,PASS,PASS,83
CF06814,FAIL,FAIL,FAIL,PASS,FAIL,79
CF06815,PASS,FAIL,PASS,PASS,PASS,84
CF06816,PASS,FAIL,PASS,FAIL,PASS,71
CF06817,FAIL,PASS,PASS,FAIL,PASS,85
CF06818,PASS,FAIL,FAIL,PASS,FAIL,76
CF06819,PASS,PASS,FAIL,FAIL,PASS,70
CF06820,PASS,FAIL,PASS,FAIL,PASS,65
CF06821,FAIL,PASS,FAIL,PASS,FAIL,78
CF06822,FAIL,PASS,FAIL,PASS,FAIL,90
CF06823,FAIL,FAIL,PASS,FAIL,PASS,98
CF06824,PASS,PASS,FAIL,PASS,PASS,65
CF06825,PASS,FAIL,PASS,FAIL,FAIL,97
CF06826,PASS,PASS,PASS,PASS,FAIL,95
CF06827,PASS,PASS,FAIL,PASS,PASS,87
CF06828,FAIL,PASS,FAIL,FAIL,FAIL,85
CF06829,PASS,PASS,PASS,PASS,PASS,97
CF06830,FAIL,FAIL,FAIL,FAIL,FAIL,92
CF06831,FAIL,PASS,FAIL,FAIL,FAIL,88
CF06832,PASS,PASS,PASS,FAIL,FAIL,92
CF06833,FAIL,PASS,FAIL,PASS,PASS,67
CF06834,PASS,FAIL,PASS,PASS,PASS,73
CF06835,FAIL,FAIL,PASS,FAIL,FAIL,62
CF06836,PASS,FAIL,FAIL,PASS,PASS,72
CF06837,PASS,PASS,FAIL,FAIL,FAIL,83
CF06838,PASS,PASS,FAIL,FAIL,PASS,97
CF06839,FAIL,FAIL,PASS,PASS,PASS,98
CF06840,FAIL,PASS,FAIL,PASS,PASS,67
CF06841,FAIL,PASS,FAIL,FAIL,FAIL,82
CF06842,FAIL,FAIL,FAIL,PASS,PASS,60
CF06843,PASS,FAIL,PASS,PASS,PASS,83
CF06844,FAIL,PASS,FAIL,FAIL,PASS,68
CF06845,FAIL,PASS,FAIL,FAIL,PASS,60
CF06846,FAIL,FAIL,FAIL,PASS,PASS,81
CF06847,PASS,PASS,PASS,FAIL,PASS,95
CF06848,FAIL,FAIL,PASS,FAIL,FAIL,70
CF06849,PASS,FAIL,PASS,FAIL,PASS,92
CF06850,FAIL,FAIL,PASS,FAIL,PASS,83
CF06851,PASS,PASS,PASS,PASS,PASS,62
CF06852,PASS,FAIL,FAIL,PASS,PASS,78
CF06853,FAIL,PASS,FAIL,PASS,FAIL,83
CF06854,PASS,FAIL,PASS,FAIL,FAIL,91
CF06855,PASS,PASS,FAIL,FAIL,FAIL,88
CF06856,FAIL,FAIL,FAIL,FAIL,PASS,62
CF06857,FAIL,FAIL,FAIL,PASS,PASS,94
CF06858,FAIL,FAIL,PASS,FAIL,FAIL,77
CF06859,FAIL,FAIL,PASS,FAIL,PASS,91
CF06860,FAIL,PASS,FAIL,PASS,PASS,90
CF06861,FAIL,PASS,PASS,PASS,PASS,78
CF06862,PASS,FAIL,FAIL,FAIL,PASS,78
CF06863,PASS,PASS,FAIL,PASS,FAIL,94
CF06864,PASS,PASS,PASS,PASS,PASS,62
CF06865,PASS,FAIL,FAIL,PASS,PASS,88
CF06866,PASS,PASS,FAIL,FAIL,FAIL,76
CF06867,PASS,PASS,PASS,FAIL,PASS,62
CF06868,PASS,PASS,PASS,FAIL,FAIL,81
CF06869,PASS,PASS,FAIL,FAIL,PASS,65
CF06870,FAIL,PASS,PASS,PASS,PASS,94
CF06871,PASS,FAIL,FAIL,PASS,FAIL,75
CF06872,FAIL,FAIL,PASS,PASS,PASS,98
CF06873,FAIL,PASS,FAIL,FAIL,PASS,78
CF06874,FAIL,PASS,FAIL,PASS,FAIL,68
CF06875,PASS,FAIL,PASS,PASS,PASS,82
CF06876,PASS,FAIL,PASS,PASS,PASS,79
CF06877,PASS,FAIL,FAIL,FAIL,FAIL,63
CF06878,FAIL,PASS,PASS,PASS,PASS,96
CF06879,PASS,PASS,PASS,FAIL,FAIL,62
CF06880,PASS,PASS,FAIL,PASS,FAIL,92
CF06881,FAIL,FAIL,FAIL,FAIL,FAIL,89
CF06882,PASS,FAIL,PASS,FAIL,PASS,96
CF06883,PASS,PASS,PASS,FAIL,PASS,87
CF06884,PASS,FAIL,FAIL,PASS,FAIL,61
CF06885,FAIL,PASS,FAIL,PASS,FAIL,99
CF06886,FAIL,FAIL,PASS,FAIL,PASS,88
CF06887,FAIL,PASS,FAIL,FAIL,PASS,89
CF06888,PASS,PASS,FAIL,PASS,PASS,69
CF06889,PASS,PASS,PASS,PASS,PASS,69
CF06890,FAIL,FAIL,FAIL,FAIL,PASS,75
CF06891,PASS,FAIL,PASS,PASS,PASS,99
CF06892,FAIL,FAIL,PASS,FAIL,FAIL,72
CF06893,FAIL,FAIL,PASS,PASS,PASS,98
CF06894,FAIL,PASS,PASS,FAIL,PASS,86
CF06895,PASS,PASS,FAIL,FAIL,FAIL,64
CF06896,PASS,PASS,FAIL,FAIL,FAIL,85
CF06897,FAIL,PASS,FAIL,FAIL,FAIL,66
CF06898,PASS,PASS,PASS,PASS,PASS,61
CF06899,PASS,FAIL,FAIL,FAIL,FAIL,81
CF06900,PASS,PASS,PASS,FAIL,FAIL,96
CF06901,FAIL,FAIL,PASS,FAIL,FAIL,88
CF06902,PASS,PASS,FAIL,FAIL,FAIL,69
CF06903,FAIL,FAIL,FAIL,FAIL,FAIL,94
CF06904,FAIL,PASS,FAIL,FAIL,FAIL,93
CF06905,FAIL,PASS,PASS,PASS,FAIL,90
CF06906,PASS,PASS,PASS,FAIL,PASS,68
CF06907,FAIL,FAIL,PASS,FAIL,PASS,79
CF06908,PASS,FAIL,PASS,PASS,FAIL,89
CF06909,FAIL,PASS,PASS,PASS,FAIL,72
CF06910,FAIL,PASS,FAIL,PASS,PASS,95
CF06911,PASS,PASS,PASS,FAIL,PASS,85
CF06912,FAIL,PASS,PASS,PASS,FAIL,93
CF06913,FAIL,PASS,PASS,FAIL,FAIL,90
CF06914,FAIL,PASS,FAIL,PASS,FAIL,69
CF06915,FAIL,PASS,FAIL,FAIL,PASS,60
CF06916,FAIL,FAIL,PASS,PASS,FAIL,73
CF06917,PASS,PASS,PASS,FAIL,PASS,89
CF06918,FAIL,PASS,PASS,FAIL,FAIL,99
CF06919,FAIL,PASS,PASS,PASS,PASS,66
CF06920,PASS,FAIL,PASS,FAIL,FAIL,84
CF06921,FAIL,FAIL,FAIL,PASS,FAIL,72
CF06922,FAIL,FAIL,FAIL,PASS,FAIL,76
CF06923,PASS,PASS,FAIL,PASS,FAIL,70
CF06924,PASS,PASS,PASS,FAIL,FAIL,79
CF06925,FAIL,FAIL,PASS,PASS,FAIL,70
CF06926,PASS,PASS,PASS,PASS,PASS,73
CF06927,FAIL,PASS,PASS,FAIL,FAIL,76
CF06928,PASS,PASS,PASS,FAIL,PASS,70
CF06929,PASS,PASS,FAIL,PASS,PASS,60
CF06930,FAIL,PASS,PASS,PASS,PASS,65
CF06931,PASS,FAIL,FAIL,PASS,FAIL,74
CF06932,PASS,FAIL,PASS,PASS,PASS,75
CF06933,PASS,FAIL,FAIL,FAIL,PASS,86
CF06934,FAIL,PASS,PASS,PASS,FAIL,80
CF06935,PASS,PASS,PASS,PASS,PASS,95
CF06936,PASS,FAIL,FAIL,PASS,PASS,61
CF06937,PASS,PASS,FAIL,PASS,FAIL,94
CF06938,FAIL,FAIL,PASS,PASS,FAIL,91
CF06939,PASS,FAIL,FAIL,PASS,PASS,91
CF06940,FAIL,FAIL,PASS,PASS,FAIL,63
CF06941,PASS,PASS,PASS,FAIL,FAIL,72
CF06942,FAIL,FAIL,FAIL,FAIL,FAIL,97
CF06943,FAIL,FAIL,FAIL,PASS,FAIL,80
CF06944,FAIL,PASS,PASS,PASS,FAIL,63
CF06945,FAIL,FAIL,PASS,PASS,PASS,92
CF06946,FAIL,PASS,PASS,PASS,FAIL,76
CF06947,FAIL,PASS,FAIL,PASS,FAIL,67
CF06948,FAIL,PASS,PASS,PASS,PASS,80
CF06949,FAIL,PASS,PASS,PASS,FAIL,63
CF06950,PASS,PASS,FAIL,FAIL,PASS,68
CF06951,PASS,FAIL,FAIL,PASS,FAIL,77
CF06952,PASS,PASS,FAIL,FAIL,PASS,68
CF06953,PASS,FAIL,FAIL,FAIL,PASS,63
CF06954,PASS,PASS,PASS,FAIL,PASS,92
CF06955,PASS,FAIL,PASS,FAIL,FAIL,83
CF06956,PASS,FAIL,FAIL,FAIL,PASS,77
CF06957,FAIL,FAIL,FAIL,PASS,FAIL,86
CF06958,FAIL,PASS,FAIL,FAIL,PASS,89
CF06959,FAIL,PASS,PASS,PASS,FAIL,74
CF06960,PASS,PASS,PASS,FAIL,PASS,77
CF06961,FAIL,PASS,FAIL,FAIL,FAIL,85
CF06962,PASS,FAIL,FAIL,PASS,FAIL,68
CF06963,FAIL,PASS,PASS,PASS,PASS,69
CF06964,PASS,FAIL,PASS,FAIL,PASS,81
CF06965,PASS,FAIL,FAIL,PASS,PASS,93
CF06966,FAIL,PASS,FAIL,PASS,PASS,99
CF06967,FAIL,FAIL,PASS,FAIL,FAIL,85
CF06968,PASS,PASS,FAIL,PASS,FAIL,82
CF06969,FAIL,FAIL,FAIL,PASS,PASS,90
CF06970,PASS,PASS,FAIL,FAIL,PASS,67
CF06971,FAIL,PASS,FAIL,PASS,PASS,84
CF06972,PASS,PASS,FAIL,FAIL,PASS,84
CF06973,PASS,PASS,PASS,FAIL,PASS,78
CF06974,PASS,PASS,FAIL,PASS,FAIL,76
CF06975,PASS,PASS,FAIL,PASS,FAIL,75
CF06976,FAIL,FAIL,FAIL,FAIL,FAIL,92
CF06977,PASS,FAIL,PASS,PASS,PASS,61
CF06978,FAIL,PASS,FAIL,PASS,FAIL,99
CF06979,FAIL,FAIL,FAIL,PASS,PASS,65
CF06980,FAIL,PASS,FAIL,PASS,FAIL,90
CF06981,FAIL,FAIL,PASS,FAIL,FAIL,78
CF06982,FAIL,FAIL,FAIL,PASS,PASS,64
CF06983,FAIL,PASS,PASS,PASS,PASS,76
CF06984,FAIL,PASS,PASS,FAIL,PASS,67
CF06985,PASS,FAIL,PASS,PASS,PASS,92
CF06986,PASS,PASS,FAIL,PASS,PASS,91
CF06987,PASS,PASS,PASS,FAIL,FAIL,76
CF06988,FAIL,PASS,FAIL,FAIL,PASS,87
CF06989,PASS,PASS,PASS,PASS,PASS,95
CF06990,PASS,PASS,PASS,PASS,FAIL,91
CF06991,FAIL,PASS,PASS,PASS,PASS,62
CF06992,PASS,PASS,FAIL,PASS,FAIL,76
CF06993,FAIL,FAIL,FAIL,PASS,FAIL,88
CF06994,FAIL,PASS,PASS,PASS,FAIL,98
CF06995,PASS,PASS,FAIL,FAIL,PASS,79
CF06996,PASS,PASS,FAIL,FAIL,PASS,83
CF06997,PASS,PASS,PASS,PASS,PASS,86
CF06998,PASS,PASS,PASS,FAIL,FAIL,88
CF06999,FAIL,PASS,FAIL,FAIL,FAIL,83
CF07000,FAIL,PASS,FAIL,PASS,PASS,91
CF07001,PASS,PASS,FAIL,PASS,FAIL,86
CF07002,FAIL,PASS,PASS,PASS,PASS,98
CF07003,PASS,PASS,FAIL,PASS,FAIL,62
CF07004,FAIL,PASS,FAIL,PASS,PASS,61
CF07005,PASS,PASS,FAIL,FAIL,FAIL,97
CF07006,FAIL,FAIL,PASS,FAIL,FAIL,74
CF07007,FAIL,FAIL,FAIL,PASS,PASS,68
CF07008,FAIL,FAIL,FAIL,FAIL,FAIL,79
CF07009,FAIL,FAIL,PASS,FAIL,PASS,64
CF07010,PASS,PASS,PASS,FAIL,PASS,80
CF07011,FAIL,PASS,PASS,PASS,FAIL,92
CF07012,PASS,FAIL,FAIL,PASS,PASS,87
CF07013,PASS,PASS,FAIL,FAIL,FAIL,62
CF07014,PASS,PASS,FAIL,PASS,PASS,88
CF07015,FAIL,PASS,PASS,PASS,PASS,71
CF07016,FAIL,PASS,FAIL,FAIL,FAIL,87
CF07017,FAIL,PASS,PASS,PASS,FAIL,97
CF07018,FAIL,FAIL,PASS,FAIL,PASS,64
CF07019,PASS,PASS,PASS,FAIL,FAIL,66
CF07020,FAIL,FAIL,FAIL,PASS,FAIL,68
CF07021,PASS,FAIL,FAIL,PASS,PASS,72
CF07022,PASS,FAIL,FAIL,PASS,PASS,60
CF07023,FAIL,FAIL,FAIL,FAIL,PASS,90
CF07024,FAIL,FAIL,PASS,FAIL,PASS,73
CF07025,FAIL,FAIL,FAIL,FAIL,FAIL,99
CF07026,FAIL,PASS,FAIL,FAIL,FAIL,67
CF07027,PASS,PASS,PASS,PASS,FAIL,89
CF07028,FAIL,PASS,PASS,PASS,PASS,83
CF07029,FAIL,PASS,PASS,PASS,PASS,69
CF07030,FAIL,FAIL,PASS,PASS,PASS,78
CF07031,PASS,FAIL,FAIL,PASS,PASS,77
CF07032,FAIL,FAIL,FAIL,PASS,FAIL,91
CF07033,PASS,PASS,PASS,FAIL,FAIL,63
CF07034,PASS,PASS,FAIL,PASS,FAIL,63
CF07035,PASS,FAIL,FAIL,PASS,FAIL,94
CF07036,FAIL,PASS,FAIL,FAIL,FAIL,92
CF07037,PASS,FAIL,FAIL,FAIL,PASS,63
CF07038,FAIL,PASS,PASS,FAIL,PASS,78
CF07039,PASS,FAIL,FAIL,FAIL,PASS,78
CF07040,PASS,FAIL,PASS,FAIL,PASS,96
CF07041,PASS,FAIL,FAIL,PASS,PASS,77
CF07042,FAIL,FAIL,PASS,FAIL,PASS,98
CF07043,FAIL,FAIL,FAIL,PASS,FAIL,99
CF07044,PASS,FAIL,FAIL,FAIL,PASS,70
CF07045,FAIL,FAIL,FAIL,PASS,PASS,87
CF07046,PASS,FAIL,PASS,FAIL,PASS,63
CF07047,FAIL,FAIL,PASS,PASS,FAIL,87
CF07048,FAIL,FAIL,PASS,FAIL,PASS,82
CF07049,PASS,FAIL,PASS,PASS,PASS,71
CF07050,PASS,FAIL,PASS,PASS,PASS,67
CF07051,PASS,PASS,PASS,PASS,FAIL,79
CF07052,PASS,FAIL,FAIL,FAIL,PASS,94
CF07053,PASS,PASS,PASS,PASS,PASS,64
CF07054,FAIL,PASS,FAIL,FAIL,PASS,70
CF07055,PASS,PASS,FAIL,FAIL,PASS,90
CF07056,PASS,FAIL,PASS,FAIL,FAIL,91
CF07057,PASS,PASS,FAIL,PASS,PASS,76
CF07058,FAIL,PASS,PASS,FAIL,PASS,90
CF07059,FAIL,FAIL,FAIL,PASS,FAIL,93
CF07060,PASS,FAIL,FAIL,FAIL,PASS,83
CF07061,FAIL,FAIL,PASS,PASS,PASS,98
CF07062,PASS,PASS,PASS,PASS,FAIL,74
CF07063,FAIL,FAIL,FAIL,FAIL,FAIL,61
CF07064,PASS,FAIL,FAIL,PASS,PASS,96
CF07065,FAIL,FAIL,FAIL,FAIL,FAIL,71
CF07066,FAIL,FAIL,FAIL,PASS,PASS,99
CF07067,PASS,PASS,FAIL,FAIL,FAIL,81
CF07068,FAIL,FAIL,PASS,FAIL,PASS,97
CF07069,PASS,PASS,PASS,PASS,FAIL,71
CF07070,FAIL,PASS,PASS,FAIL,PASS,65
CF07071,FAIL,FAIL,FAIL,FAIL,PASS,80
CF07072,FAIL,PASS,PASS,FAIL,PASS,60
CF07073,PASS,PASS,PASS,PASS,FAIL,75
CF07074,FAIL,PASS,FAIL,PASS,FAIL,68
CF07075,FAIL,FAIL,FAIL,FAIL,PASS,71
CF07076,FAIL,FAIL,FAIL,PASS,PASS,87
CF07077,PASS,PASS,FAIL,FAIL,FAIL,65
CF07078,PASS,PASS,FAIL,PASS,PASS,75
CF07079,PASS,FAIL,FAIL,FAIL,PASS,78
CF07080,FAIL,FAIL,PASS,FAIL,FAIL,77
CF07081,FAIL,PASS,FAIL,FAIL,FAIL,92
CF07082,FAIL,FAIL,PASS,FAIL,PASS,91
CF07083,FAIL,FAIL,PASS,FAIL,PASS,72
CF07084,PASS,FAIL,FAIL,PASS,FAIL,84
CF07085,PASS,FAIL,PASS,PASS,FAIL,74
CF07086,FAIL,FAIL,PASS,PASS,FAIL,86
CF07087,PASS,PASS,FAIL,FAIL,FAIL,69
CF07088,PASS,FAIL,FAIL,FAIL,FAIL,91
CF07089,FAIL,FAIL,FAIL,FAIL,PASS,84
CF07090,FAIL,PASS,PASS,FAIL,FAIL,90
CF07091,FAIL,PASS,FAIL,FAIL,PASS,96
CF07092,PASS,FAIL,FAIL,FAIL,PASS,78
CF07093,PASS,PASS,FAIL,FAIL,FAIL,77
CF07094,PASS,FAIL,FAIL,PASS,PASS,79
CF07095,PASS,FAIL,FAIL,FAIL,FAIL,74
CF07096,FAIL,FAIL,FAIL,PASS,FAIL,94
CF07097,PASS,PASS,FAIL,FAIL,FAIL,81
CF07098,FAIL,PASS,PASS,FAIL,PASS,85
CF07099,FAIL,PASS,PASS,PASS,FAIL,94
CF07100,FAIL,FAIL,FAIL,PASS,PASS,94
CF07101,FAIL,PASS,PASS,PASS,PASS,99
CF07102,PASS,FAIL,FAIL,FAIL,FAIL,84
CF07103,FAIL,FAIL,FAIL,PASS,FAIL,97
CF07104,FAIL,PASS,FAIL,PASS,FAIL,62
CF07105,PASS,PASS,PASS,PASS,PASS,81
CF07106,FAIL,PASS,FAIL,FAIL,FAIL,82
CF07107,FAIL,FAIL,FAIL,FAIL,PASS,62
CF07108,PASS,FAIL,PASS,PASS,FAIL,92
CF07109,PASS,FAIL,PASS,FAIL,PASS,84
CF07110,PASS,FAIL,PASS,FAIL,FAIL,88
CF07111,FAIL,FAIL,FAIL,PASS,PASS,95
CF07112,PASS,PASS,PASS,PASS,FAIL,80
CF07113,FAIL,FAIL,FAIL,FAIL,FAIL,62
CF07114,PASS,PASS,FAIL,PASS,PASS,61
CF07115,PASS,FAIL,PASS,FAIL,FAIL,61
CF07116,PASS,FAIL,FAIL,PASS,FAIL,70
CF07117,FAIL,PASS,FAIL,FAIL,PASS,74
CF07118,PASS,FAIL,FAIL,FAIL,FAIL,67
CF07119,FAIL,PASS,PASS,PASS,PASS,94
CF07120,FAIL,FAIL,PASS,PASS,PASS,72
CF07121,FAIL,FAIL,PASS,PASS,PASS,60
CF07122,PASS,PASS,PASS,FAIL,PASS,71
CF07123,FAIL,PASS,FAIL,PASS,PASS,72
CF07124,PASS,FAIL,PASS,PASS,FAIL,71
CF07125,PASS,FAIL,FAIL,PASS,PASS,83
CF07126,PASS,FAIL,FAIL,PASS,PASS,86
CF07127,PASS,PASS,PASS,FAIL,FAIL,99
CF07128,FAIL,PASS,FAIL,PASS,PASS,92
CF07129,FAIL,FAIL,FAIL,PASS,PASS,65
CF07130,PASS,FAIL,FAIL,PASS,PASS,65
CF07131,FAIL,FAIL,PASS,PASS,FAIL,78
CF07132,FAIL,PASS,FAIL,PASS,PASS,66
CF07133,FAIL,FAIL,PASS,PASS,PASS,65
CF07134,PASS,FAIL,FAIL,PASS,PASS,62
CF07135,PASS,FAIL,FAIL,PASS,PASS,69
CF07136,PASS,PASS,PASS,FAIL,PASS,92
CF07137,FAIL,FAIL,PASS,PASS,PASS,79
CF07138,FAIL,PASS,FAIL,PASS,PASS,83
CF07139,FAIL,PASS,PASS,FAIL,FAIL,72
CF07140,PASS,FAIL,FAIL,PASS,PASS,83
CF07141,FAIL,FAIL,PASS,PASS,FAIL,73
CF07142,FAIL,PASS,FAIL,PASS,PASS,83
CF07143,FAIL,PASS,PASS,FAIL,FAIL,68
CF07144,PASS,FAIL,FAIL,FAIL,FAIL,89
CF07145,PASS,FAIL,FAIL,FAIL,FAIL,90
CF07146,PASS,PASS,FAIL,FAIL,PASS,81
CF07147,FAIL,PASS,PASS,FAIL,FAIL,96
CF07148,FAIL,PASS,FAIL,PASS,PASS,84
CF07149,PASS,FAIL,PASS,PASS,PASS,74
CF07150,FAIL,FAIL,PASS,PASS,PASS,72
CF07151,FAIL,PASS,FAIL,FAIL,PASS,61
CF07152,PASS,PASS,PASS,FAIL,PASS,68
CF07153,PASS,FAIL,FAIL,FAIL,FAIL,66
CF07154,FAIL,PASS,FAIL,FAIL,PASS,98
CF07155,FAIL,FAIL,PASS,FAIL,FAIL,84
CF07156,PASS,PASS,FAIL,FAIL,FAIL,70
CF07157,FAIL,FAIL,FAIL,PASS,PASS,95
CF07158,FAIL,FAIL,FAIL,PASS,PASS,96
CF07159,FAIL,PASS,PASS,FAIL,FAIL,96
CF07160,PASS,FAIL,PASS,PASS,FAIL,95
CF07161,FAIL,FAIL,FAIL,PASS,FAIL,70
CF07162,PASS,FAIL,PASS,PASS,FAIL,63
CF07163,FAIL,PASS,PASS,PASS,PASS,80
CF07164,PASS,FAIL,FAIL,FAIL,PASS,61
CF07165,PASS,PASS,PASS,PASS,PASS,91
CF07166,PASS,FAIL,FAIL,FAIL,FAIL,88
CF07167,PASS,PASS,FAIL,FAIL,PASS,62
CF07168,PASS,FAIL,PASS,PASS,PASS,77
CF07169,PASS,PASS,FAIL,PASS,FAIL,87
CF07170,PASS,FAIL,FAIL,PASS,FAIL,80
CF07171,PASS,FAIL,PASS,PASS,PASS,62
CF07172,FAIL,PASS,PASS,FAIL,PASS,77
CF07173,FAIL,FAIL,FAIL,FAIL,PASS,85
CF07174,FAIL,FAIL,FAIL,FAIL,FAIL,78
CF07175,FAIL,FAIL,FAIL,FAIL,PASS,86
CF07176,FAIL,PASS,PASS,FAIL,PASS,75
CF07177,FAIL,FAIL,FAIL,PASS,FAIL,95
CF07178,PASS,FAIL,PASS,PASS,PASS,72
CF07179,PASS,FAIL,FAIL,FAIL,FAIL,78
CF07180,FAIL,FAIL,FAIL,PASS,PASS,88
CF07181,PASS,FAIL,FAIL,FAIL,FAIL,87
CF07182,PASS,FAIL,PASS,FAIL,FAIL,86
CF07183,PASS,FAIL,FAIL,FAIL,PASS,76
CF07184,PASS,FAIL,FAIL,FAIL,PASS,63
CF07185,PASS,FAIL,FAIL,FAIL,FAIL,95
CF07186,PASS,FAIL,FAIL,FAIL,PASS,71
CF07187,PASS,FAIL,PASS,PASS,FAIL,64
CF07188,PASS,FAIL,PASS,FAIL,PASS,93
CF07189,FAIL,FAIL,FAIL,PASS,PASS,84
CF07190,PASS,FAIL,PASS,FAIL,FAIL,98
CF07191,FAIL,PASS,FAIL,PASS,PASS,80
CF07192,FAIL,PASS,FAIL,PASS,FAIL,97
CF07193,PASS,PASS,PASS,FAIL,FAIL,87
CF07194,FAIL,FAIL,FAIL,PASS,FAIL,71
CF07195,PASS,PASS,FAIL,FAIL,FAIL,77
CF07196,FAIL,PASS,PASS,PASS,PASS,63
CF07197,FAIL,PASS,PASS,FAIL,FAIL,93
CF07198,PASS,FAIL,PASS,FAIL,FAIL,68
CF07199,FAIL,PASS,FAIL,PASS,PASS,64
CF07200,FAIL,PASS,PASS,FAIL,FAIL,94
CF07201,FAIL,FAIL,PASS,FAIL,PASS,99
CF07202,FAIL,FAIL,FAIL,PASS,FAIL,76
CF07203,PASS,FAIL,FAIL,PASS,PASS,72
CF07204,FAIL,FAIL,FAIL,PASS,FAIL,83
CF07205,PASS,PASS,FAIL,PASS,FAIL,65
CF07206,FAIL,FAIL,FAIL,FAIL,FAIL,72
CF07207,PASS,FAIL,FAIL,FAIL,FAIL,68
CF07208,FAIL,PASS,PASS,PASS,FAIL,62
CF07209,FAIL,FAIL,PASS,PASS,PASS,94
CF07210,PASS,FAIL,FAIL,PASS,PASS,75
CF07211,FAIL,FAIL,PASS,FAIL,PASS,62
CF07212,PASS,PASS,PASS,FAIL,PASS,72
CF07213,PASS,FAIL,FAIL,PASS,FAIL,60
CF07214,FAIL,PASS,PASS,PASS,FAIL,73
CF07215,PASS,FAIL,FAIL,PASS,FAIL,94
CF07216,PASS,FAIL,FAIL,PASS,PASS,63
CF07217,PASS,PASS,PASS,FAIL,PASS,94
CF07218,FAIL,FAIL,PASS,PASS,PASS,65
CF07219,PASS,PASS,PASS,FAIL,FAIL,74
CF07220,FAIL,FAIL,PASS,FAIL,PASS,74
CF07221,FAIL,PASS,PASS,FAIL,PASS,95
CF07222,PASS,FAIL,PASS,PASS,PASS,67
CF07223,FAIL,FAIL,FAIL,FAIL,PASS,62
CF07224,FAIL,FAIL,PASS,PASS,FAIL,86
CF07225,PASS,FAIL,FAIL,PASS,PASS,96
CF07226,PASS,FAIL,FAIL,FAIL,PASS,78
CF07227,PASS,PASS,FAIL,FAIL,PASS,84
CF07228,PASS,FAIL,FAIL,PASS,PASS,85
CF07229,FAIL,PASS,PASS,PASS,PASS,76
CF07230,FAIL,FAIL,FAIL,FAIL,FAIL,89
CF07231,PASS,PASS,FAIL,PASS,PASS,83
CF07232,PASS,FAIL,PASS,PASS,FAIL,73
CF07233,PASS,PASS,FAIL,PASS,PASS,81
CF07234,FAIL,FAIL,FAIL,PASS,PASS,75
CF07235,PASS,PASS,PASS,FAIL,PASS,66
CF07236,FAIL,FAIL,FAIL,PASS,PASS,69
CF07237,PASS,FAIL,PASS,PASS,FAIL,86
CF07238,PASS,FAIL,FAIL,FAIL,FAIL,95
CF07239,FAIL,FAIL,PASS,FAIL,PASS,69
CF07240,PASS,FAIL,FAIL,PASS,PASS,78
CF07241,FAIL,PASS,FAIL,FAIL,PASS,95
CF07242,FAIL,FAIL,FAIL,FAIL,FAIL,89
CF07243,FAIL,FAIL,PASS,FAIL,PASS,94
CF07244,FAIL,FAIL,PASS,FAIL,FAIL,78
CF07245,FAIL,PASS,PASS,FAIL,PASS,77
CF07246,FAIL,FAIL,PASS,PASS,PASS,97
CF07247,FAIL,PASS,FAIL,FAIL,PASS,75
CF07248,PASS,PASS,FAIL,PASS,PASS,60
CF07249,FAIL,FAIL,FAIL,FAIL,FAIL,68
CF07250,PASS,FAIL,PASS,FAIL,FAIL,74
CF07251,FAIL,FAIL,PASS,FAIL,FAIL,73
CF07252,PASS,FAIL,FAIL,FAIL,PASS,61
CF07253,PASS,FAIL,FAIL,FAIL,PASS,98
CF07254,FAIL,FAIL,FAIL,PASS,FAIL,97
CF07255,PASS,FAIL,PASS,FAIL,FAIL,82
CF07256,FAIL,PASS,PASS,FAIL,PASS,93
CF07257,PASS,FAIL,FAIL,FAIL,PASS,68
CF07258,PASS,FAIL,FAIL,FAIL,FAIL,63
CF07259,FAIL,PASS,FAIL,FAIL,PASS,98
CF07260,PASS,PASS,PASS,PASS,FAIL,93
CF07261,PASS,PASS,FAIL,PASS,PASS,77
CF07262,PASS,FAIL,FAIL,PASS,PASS,83
CF07263,PASS,FAIL,FAIL,PASS,FAIL,68
CF07264,FAIL,FAIL,FAIL,FAIL,PASS,89
CF07265,PASS,FAIL,FAIL,FAIL,FAIL,87
CF07266,PASS,PASS,PASS,PASS,FAIL,81
CF07267,FAIL,FAIL,FAIL,PASS,PASS,65
CF07268,PASS,PASS,PASS,PASS,FAIL,74
CF07269,PASS,PASS,PASS,PASS,PASS,75
CF07270,PASS,FAIL,PASS,FAIL,FAIL,66
CF07271,PASS,FAIL,FAIL,PASS,PASS,65
CF07272,PASS,PASS,FAIL,PASS,FAIL,89
CF07273,PASS,FAIL,FAIL,FAIL,PASS,89
CF07274,PASS,FAIL,FAIL,PASS,FAIL,99
CF07275,PASS,PASS,PASS,PASS,PASS,60
CF07276,PASS,FAIL,PASS,FAIL,PASS,61
CF07277,FAIL,PASS,FAIL,PASS,FAIL,87
CF07278,FAIL,FAIL,FAIL,PASS,FAIL,74
CF07279,PASS,PASS,PASS,FAIL,PASS,95
CF07280,FAIL,FAIL,FAIL,PASS,FAIL,91
CF07281,PASS,FAIL,PASS,PASS,PASS,77
CF07282,FAIL,FAIL,PASS,PASS,PASS,94
CF07283,FAIL,PASS,FAIL,FAIL,PASS,93
CF07284,PASS,FAIL,PASS,PASS,FAIL,98
CF07285,FAIL,PASS,FAIL,PASS,PASS,75
CF07286,PASS,FAIL,PASS,PASS,FAIL,80
CF07287,FAIL,PASS,PASS,PASS,PASS,90
CF07288,PASS,FAIL,PASS,PASS,PASS,92
CF07289,PASS,FAIL,PASS,FAIL,PASS,81
CF07290,FAIL,PASS,PASS,PASS,FAIL,94
CF07291,PASS,FAIL,PASS,PASS,FAIL,92
CF07292,FAIL,FAIL,FAIL,FAIL,PASS,75
CF07293,FAIL,PASS,FAIL,FAIL,FAIL,78
CF07294,FAIL,FAIL,FAIL,FAIL,PASS,65
CF07295,FAIL,PASS,FAIL,PASS,PASS,98
CF07296,PASS,FAIL,PASS,FAIL,FAIL,65
CF07297,PASS,PASS,PASS,PASS,FAIL,79
CF07298,FAIL,FAIL,FAIL,FAIL,PASS,80
CF07299,PASS,PASS,PASS,PASS,PASS,75
CF07300,FAIL,PASS,FAIL,PASS,PASS,79
CF07301,FAIL,FAIL,PASS,PASS,PASS,97
CF07302,FAIL,PASS,FAIL,FAIL,FAIL,85
CF07303,FAIL,PASS,PASS,PASS,FAIL,67
CF07304,FAIL,FAIL,PASS,FAIL,FAIL,60
CF07305,PASS,PASS,PASS,PASS,PASS,63
CF07306,PASS,FAIL,FAIL,PASS,PASS,73
CF07307,PASS,PASS,PASS,FAIL,FAIL,72
CF07308,PASS,FAIL,FAIL,FAIL,FAIL,91
CF07309,FAIL,PASS,PASS,FAIL,PASS,63
CF07310,FAIL,PASS,FAIL,FAIL,FAIL,63
CF07311,PASS,PASS,PASS,PASS,FAIL,62
CF07312,PASS,FAIL,PASS,FAIL,PASS,91
CF07313,FAIL,FAIL,PASS,FAIL,PASS,98
CF07314,PASS,FAIL,FAIL,FAIL,FAIL,70
CF07315,FAIL,FAIL,PASS,PASS,PASS,69
CF07316,PASS,FAIL,FAIL,PASS,PASS,96
CF07317,FAIL,PASS,FAIL,PASS,FAIL,86
CF07318,PASS,FAIL,PASS,FAIL,FAIL,79
CF07319,FAIL,FAIL,FAIL,FAIL,FAIL,87
CF07320,PASS,FAIL,FAIL,PASS,FAIL,60
CF07321,FAIL,FAIL,FAIL,PASS,FAIL,66
CF07322,PASS,FAIL,FAIL,PASS,FAIL,68
CF07323,FAIL,FAIL,PASS,PASS,FAIL,70
CF07324,FAIL,FAIL,FAIL,PASS,PASS,78
CF07325,FAIL,FAIL,FAIL,PASS,FAIL,72
CF07326,PASS,FAIL,PASS,FAIL,PASS,65
CF07327,PASS,FAIL,FAIL,PASS,FAIL,68
CF07328,FAIL,PASS,PASS,PASS,FAIL,95
CF07329,PASS,PASS,FAIL,PASS,PASS,95
CF07330,FAIL,FAIL,PASS,FAIL,FAIL,79
CF07331,FAIL,FAIL,PASS,FAIL,FAIL,94
CF07332,PASS,FAIL,FAIL,PASS,PASS,95
CF07333,FAIL,PASS,PASS,FAIL,PASS,76
CF07334,PASS,PASS,FAIL,FAIL,FAIL,97
CF07335,FAIL,FAIL,FAIL,PASS,PASS,89
CF07336,PASS,PASS,FAIL,FAIL,PASS,94
CF07337,FAIL,FAIL,PASS,PASS,PASS,73
CF07338,FAIL,FAIL,PASS,FAIL,FAIL,62
CF07339,PASS,FAIL,FAIL,PASS,FAIL,88
CF07340,PASS,FAIL,FAIL,FAIL,PASS,97
CF07341,FAIL,PASS,FAIL,FAIL,PASS,87
CF07342,FAIL,FAIL,PASS,PASS,FAIL,80
CF07343,PASS,FAIL,FAIL,PASS,FAIL,77
CF07344,PASS,PASS,FAIL,FAIL,FAIL,95
CF07345,PASS,FAIL,PASS,PASS,FAIL,73
CF07346,FAIL,PASS,PASS,PASS,FAIL,86
CF07347,FAIL,PASS,PASS,FAIL,FAIL,67
CF07348,FAIL,PASS,FAIL,FAIL,PASS,99
CF07349,PASS,FAIL,PASS,FAIL,PASS,94
CF07350,FAIL,FAIL,FAIL,FAIL,FAIL,73
CF07351,PASS,PASS,PASS,FAIL,PASS,70
CF07352,PASS,PASS,PASS,PASS,PASS,71
CF07353,PASS,FAIL,PASS,FAIL,PASS,94
CF07354,FAIL,FAIL,FAIL,PASS,FAIL,73
CF07355,PASS,PASS,PASS,FAIL,PASS,96
CF07356,FAIL,FAIL,FAIL,FAIL,PASS,68
CF07357,PASS,PASS,PASS,FAIL,PASS,86
CF07358,FAIL,FAIL,FAIL,PASS,FAIL,75
CF07359,PASS,FAIL,FAIL,FAIL,FAIL,95
CF07360,FAIL,FAIL,FAIL,FAIL,PASS,98
CF07361,PASS,PASS,FAIL,PASS,FAIL,72
CF07362,PASS,FAIL,FAIL,PASS,FAIL,92
CF07363,FAIL,PASS,FAIL,FAIL,PASS,82
CF07364,PASS,FAIL,PASS,PASS,PASS,72
CF07365,PASS,FAIL,PASS,PASS,FAIL,65
CF07366,PASS,FAIL,PASS,FAIL,PASS,93
CF07367,PASS,PASS,FAIL,FAIL,FAIL,71
CF07368,FAIL,FAIL,PASS,FAIL,PASS,87
CF07369,PASS,FAIL,PASS,FAIL,PASS,96
CF07370,FAIL,PASS,FAIL,PASS,PASS,94
CF07371,PASS,FAIL,FAIL,PASS,FAIL,69
CF07372,FAIL,FAIL,FAIL,FAIL,PASS,74
CF07373,PASS,PASS,FAIL,FAIL,PASS,78
CF07374,FAIL,FAIL,FAIL,FAIL,FAIL,69
CF07375,PASS,FAIL,FAIL,PASS,PASS,90
CF07376,FAIL,PASS,FAIL,FAIL,FAIL,64
CF07377,FAIL,FAIL,FAIL,FAIL,PASS,85
CF07378,PASS,PASS,PASS,PASS,PASS,72
CF07379,FAIL,PASS,PASS,FAIL,FAIL,94
CF07380,FAIL,FAIL,PASS,PASS,PASS,87
CF07381,FAIL,FAIL,PASS,PASS,FAIL,93
CF07382,PASS,PASS,FAIL,PASS,PASS,67
CF07383,FAIL,FAIL,PASS,FAIL,PASS,75
CF07384,FAIL,FAIL,PASS,FAIL,FAIL,82
CF07385,PASS,FAIL,PASS,PASS,PASS,93
CF07386,FAIL,PASS,FAIL,FAIL,PASS,91
CF07387,PASS,FAIL,PASS,FAIL,PASS,79
CF07388,FAIL,FAIL,PASS,PASS,FAIL,97
CF07389,FAIL,PASS,FAIL,PASS,FAIL,66
CF07390,FAIL,FAIL,PASS,FAIL,FAIL,85
CF07391,FAIL,PASS,FAIL,PASS,FAIL,67
CF07392,FAIL,PASS,FAIL,FAIL,PASS,87
CF07393,FAIL,FAIL,PASS,PASS,PASS,82
CF07394,FAIL,PASS,PASS,PASS,PASS,84
CF07395,FAIL,FAIL,PASS,FAIL,FAIL,66
CF07396,FAIL,PASS,FAIL,PASS,PASS,91
CF07397,FAIL,PASS,PASS,FAIL,PASS,70
CF07398,PASS,FAIL,FAIL,PASS,FAIL,89
CF07399,FAIL,FAIL,PASS,FAIL,FAIL,86
CF07400,FAIL,FAIL,PASS,FAIL,FAIL,72
CF07401,PASS,PASS,FAIL,PASS,FAIL,83
CF07402,FAIL,FAIL,FAIL,PASS,PASS,68
CF07403,FAIL,PASS,FAIL,FAIL,PASS,83
CF07404,PASS,PASS,PASS,FAIL,FAIL,76
CF07405,PASS,PASS,FAIL,FAIL,FAIL,62
CF07406,PASS,FAIL,FAIL,PASS,FAIL,75
CF07407,PASS,FAIL,FAIL,FAIL,PASS,97
CF07408,PASS,PASS,FAIL,PASS,PASS,74
CF07409,FAIL,PASS,FAIL,FAIL,FAIL,74
CF07410,FAIL,FAIL,FAIL,PASS,FAIL,62
CF07411,PASS,PASS,PASS,FAIL,FAIL,65
CF07412,PASS,PASS,FAIL,FAIL,FAIL,64
CF07413,PASS,PASS,FAIL,PASS,FAIL,89
CF07414,PASS,FAIL,PASS,FAIL,FAIL,78
CF07415,FAIL,FAIL,FAIL,FAIL,FAIL,61
CF07416,PASS,PASS,PASS,PASS,PASS,89
CF07417,PASS,PASS,FAIL,PASS,FAIL,82
CF07418,FAIL,FAIL,FAIL,PASS,FAIL,60
CF07419,PASS,FAIL,FAIL,PASS,PASS,85
CF07420,PASS,PASS,PASS,PASS,FAIL,85
CF07421,FAIL,PASS,FAIL,PASS,FAIL,83
CF07422,PASS,FAIL,FAIL,PASS,FAIL,67
CF07423,FAIL,FAIL,PASS,PASS,PASS,72
CF07424,FAIL,PASS,PASS,FAIL,PASS,63
CF07425,FAIL,FAIL,FAIL,FAIL,PASS,70
CF07426,PASS,PASS,FAIL,FAIL,PASS,73
CF07427,FAIL,FAIL,PASS,PASS,PASS,96
CF07428,FAIL,FAIL,FAIL,FAIL,PASS,64
CF07429,PASS,PASS,FAIL,FAIL,PASS,88
CF07430,PASS,PASS,FAIL,FAIL,PASS,94
CF07431,PASS,PASS,FAIL,PASS,FAIL,86
CF07432,FAIL,PASS,FAIL,PASS,FAIL,76
CF07433,FAIL,FAIL,PASS,FAIL,PASS,86
CF07434,FAIL,FAIL,FAIL,PASS,PASS,79
CF07435,FAIL,PASS,PASS,PASS,FAIL,86
CF07436,FAIL,PASS,PASS,PASS,FAIL,68
CF07437,FAIL,FAIL,PASS,PASS,PASS,97
CF07438,FAIL,FAIL,PASS,FAIL,FAIL,79
CF07439,FAIL,PASS,FAIL,FAIL,PASS,72
CF07440,FAIL,PASS,FAIL,FAIL,FAIL,82
CF07441,PASS,FAIL,PASS,FAIL,PASS,74
CF07442,PASS,FAIL,FAIL,FAIL,FAIL,86
CF07443,PASS,PASS,FAIL,FAIL,FAIL,62
CF07444,FAIL,FAIL,PASS,FAIL,FAIL,85
CF07445,FAIL,PASS,FAIL,FAIL,FAIL,66
CF07446,FAIL,PASS,PASS,FAIL,PASS,60
CF07447,PASS,PASS,FAIL,PASS,PASS,91
CF07448,FAIL,FAIL,PASS,FAIL,FAIL,87
CF07449,PASS,FAIL,FAIL,FAIL,PASS,70
CF07450,FAIL,FAIL,PASS,FAIL,FAIL,95
CF07451,FAIL,FAIL,FAIL,PASS,FAIL,65
CF07452,PASS,PASS,PASS,FAIL,PASS,76
CF07453,FAIL,FAIL,FAIL,FAIL,FAIL,82
CF07454,FAIL,PASS,FAIL,PASS,PASS,87
CF07455,FAIL,PASS,FAIL,PASS,PASS,95
CF07456,PASS,PASS,FAIL,FAIL,PASS,80
CF07457,PASS,PASS,FAIL,PASS,FAIL,89
CF07458,FAIL,PASS,FAIL,PASS,PASS,94
CF07459,PASS,FAIL,PASS,PASS,FAIL,76
CF07460,PASS,PASS,FAIL,PASS,FAIL,98
CF07461,PASS,PASS,FAIL,PASS,PASS,63
CF07462,FAIL,PASS,PASS,PASS,FAIL,81
CF07463,PASS,PASS,FAIL,FAIL,FAIL,64
CF07464,FAIL,FAIL,PASS,PASS,FAIL,86
CF07465,PASS,PASS,PASS,PASS,FAIL,69
CF07466,FAIL,PASS,FAIL,PASS,PASS,77
CF07467,FAIL,PASS,FAIL,FAIL,PASS,83
CF07468,FAIL,PASS,FAIL,FAIL,PASS,65
CF07469,PASS,FAIL,PASS,FAIL,PASS,62
CF07470,PASS,PASS,FAIL,PASS,FAIL,69
CF07471,PASS,PASS,FAIL,FAIL,FAIL,72
CF07472,FAIL,FAIL,FAIL,PASS,PASS,99
CF07473,FAIL,PASS,FAIL,FAIL,FAIL,67
CF07474,FAIL,PASS,PASS,FAIL,PASS,81
CF07475,PASS,PASS,FAIL,FAIL,PASS,74
CF07476,FAIL,PASS,FAIL,FAIL,FAIL,62
CF07477,PASS,PASS,PASS,PASS,PASS,72
CF07478,PASS,FAIL,PASS,PASS,FAIL,96
CF07479,FAIL,PASS,PASS,FAIL,FAIL,81
CF07480,FAIL,PASS,PASS,FAIL,PASS,66
CF07481,FAIL,FAIL,PASS,FAIL,PASS,62
CF07482,FAIL,PASS,FAIL,FAIL,PASS,92
CF07483,FAIL,PASS,PASS,PASS,FAIL,98
CF07484,FAIL,PASS,PASS,PASS,PASS,83
CF07485,FAIL,FAIL,FAIL,PASS,PASS,65
CF07486,FAIL,FAIL,FAIL,FAIL,FAIL,67
CF07487,PASS,FAIL,PASS,FAIL,PASS,92
CF07488,PASS,FAIL,PASS,PASS,FAIL,83
CF07489,FAIL,FAIL,PASS,PASS,PASS,64
CF07490,PASS,FAIL,PASS,PASS,FAIL,73
CF07491,PASS,FAIL,PASS,FAIL,PASS,95
CF07492,FAIL,PASS,FAIL,PASS,FAIL,72
CF07493,PASS,FAIL,PASS,PASS,PASS,74
CF07494,PASS,FAIL,FAIL,PASS,PASS,73
CF07495,FAIL,PASS,PASS,FAIL,PASS,85
CF07496,FAIL,PASS,FAIL,PASS,PASS,61
CF07497,FAIL,FAIL,PASS,PASS,FAIL,68
CF07498,PASS,PASS,FAIL,FAIL,PASS,66
CF07499,FAIL,FAIL,FAIL,FAIL,PASS,89
CF07500,FAIL,PASS,PASS,FAIL,FAIL,78
CF07501,PASS,FAIL,FAIL,FAIL,PASS,81
CF07502,FAIL,FAIL,PASS,PASS,PASS,72
CF07503,PASS,PASS,PASS,PASS,FAIL,83
CF07504,PASS,FAIL,FAIL,PASS,FAIL,62
CF07505,FAIL,PASS,PASS,PASS,FAIL,87
CF07506,PASS,FAIL,FAIL,PASS,PASS,87
CF07507,FAIL,FAIL,PASS,PASS,PASS,83
CF07508,PASS,FAIL,FAIL,FAIL,PASS,81
CF07509,FAIL,FAIL,PASS,FAIL,PASS,83
CF07510,PASS,FAIL,FAIL,FAIL,PASS,86
CF07511,FAIL,PASS,PASS,PASS,FAIL,94
CF07512,PASS,PASS,PASS,PASS,FAIL,96
CF07513,PASS,PASS,FAIL,FAIL,FAIL,81
CF07514,PASS,PASS,PASS,FAIL,FAIL,83
CF07515,FAIL,PASS,FAIL,PASS,PASS,62
CF07516,PASS,PASS,PASS,PASS,PASS,89
CF07517,FAIL,PASS,FAIL,PASS,FAIL,85
CF07518,FAIL,FAIL,FAIL,FAIL,FAIL,99
CF07519,PASS,PASS,PASS,PASS,PASS,78
CF07520,PASS,FAIL,PASS,PASS,FAIL,60
CF07521,PASS,FAIL,PASS,FAIL,FAIL,86
CF07522,PASS,PASS,PASS,FAIL,PASS,70
CF07523,FAIL,FAIL,FAIL,PASS,PASS,82
CF07524,FAIL,FAIL,PASS,FAIL,PASS,62
CF07525,FAIL,FAIL,FAIL,PASS,PASS,60
CF07526,FAIL,FAIL,FAIL,PASS,FAIL,87
CF07527,FAIL,PASS,FAIL,PASS,PASS,97
CF07528,PASS,PASS,PASS,FAIL,FAIL,73
CF07529,FAIL,FAIL,PASS,FAIL,FAIL,88
CF07530,FAIL,PASS,PASS,FAIL,PASS,84
CF07531,FAIL,PASS,PASS,PASS,FAIL,64
CF07532,FAIL,PASS,PASS,PASS,PASS,64
CF07533,PASS,PASS,PASS,FAIL,FAIL,67
CF07534,PASS,PASS,PASS,PASS,PASS,63
CF07535,PASS,PASS,FAIL,FAIL,FAIL,69
CF07536,FAIL,PASS,PASS,FAIL,PASS,68
CF07537,PASS,PASS,PASS,FAIL,FAIL,85
CF07538,PASS,PASS,FAIL,PASS,FAIL,83
CF07539,FAIL,PASS,PASS,FAIL,PASS,71
CF07540,PASS,PASS,FAIL,FAIL,FAIL,85
CF07541,FAIL,FAIL,FAIL,FAIL,PASS,82
CF07542,FAIL,PASS,FAIL,FAIL,PASS,72
CF07543,FAIL,FAIL,FAIL,PASS,PASS,71
CF07544,PASS,PASS,PASS,PASS,FAIL,92
CF07545,PASS,PASS,PASS,PASS,PASS,91
CF07546,FAIL,PASS,PASS,FAIL,FAIL,98
CF07547,PASS,PASS,FAIL,PASS,FAIL,70
CF07548,PASS,PASS,FAIL,FAIL,PASS,95
CF07549,PASS,PASS,FAIL,PASS,FAIL,63
CF07550,PASS,PASS,PASS,FAIL,FAIL,77
CF07551,PASS,PASS,PASS,FAIL,PASS,85
CF07552,FAIL,PASS,FAIL,FAIL,FAIL,95
CF07553,PASS,FAIL,PASS,PASS,PASS,66
CF07554,PASS,PASS,FAIL,PASS,PASS,97
CF07555,PASS,FAIL,PASS,FAIL,FAIL,84
CF07556,PASS,PASS,PASS,FAIL,FAIL,69
CF07557,FAIL,PASS,FAIL,PASS,FAIL,82
CF07558,PASS,FAIL,FAIL,FAIL,PASS,64
CF07559,PASS,FAIL,FAIL,FAIL,FAIL,82
CF07560,PASS,FAIL,PASS,PASS,PASS,93
CF07561,PASS,PASS,FAIL,PASS,PASS,73
CF07562,FAIL,FAIL,FAIL,FAIL,FAIL,99
CF07563,PASS,PASS,PASS,FAIL,PASS,82
CF07564,FAIL,PASS,FAIL,PASS,PASS,71
CF07565,PASS,FAIL,PASS,PASS,FAIL,96
CF07566,FAIL,FAIL,PASS,PASS,PASS,61
CF07567,PASS,FAIL,PASS,PASS,PASS,61
CF07568,PASS,FAIL,FAIL,FAIL,PASS,60
CF07569,FAIL,FAIL,FAIL,PASS,FAIL,79
CF07570,FAIL,FAIL,FAIL,PASS,PASS,93
CF07571,PASS,PASS,PASS,FAIL,PASS,68
CF07572,PASS,FAIL,FAIL,PASS,FAIL,82
CF07573,PASS,PASS,FAIL,FAIL,FAIL,67
CF07574,PASS,FAIL,FAIL,FAIL,FAIL,88
CF07575,FAIL,PASS,PASS,PASS,PASS,87
CF07576,PASS,PASS,FAIL,PASS,FAIL,75
CF07577,PASS,FAIL,PASS,PASS,FAIL,88
CF07578,PASS,PASS,FAIL,PASS,FAIL,79
CF07579,PASS,PASS,PASS,PASS,FAIL,77
CF07580,PASS,PASS,FAIL,FAIL,PASS,66
CF07581,FAIL,PASS,FAIL,PASS,FAIL,73
CF07582,FAIL,PASS,FAIL,FAIL,FAIL,69
CF07583,FAIL,PASS,FAIL,FAIL,FAIL,66
CF07584,PASS,FAIL,FAIL,FAIL,FAIL,65
CF07585,FAIL,PASS,FAIL,PASS,FAIL,76
CF07586,PASS,PASS,PASS,FAIL,FAIL,64
CF07587,FAIL,FAIL,PASS,FAIL,PASS,79
CF07588,FAIL,FAIL,FAIL,PASS,PASS,66
CF07589,PASS,PASS,PASS,FAIL,FAIL,71
CF07590,PASS,PASS,FAIL,PASS,PASS,98
CF07591,PASS,PASS,PASS,FAIL,PASS,85
CF07592,FAIL,FAIL,PASS,FAIL,FAIL,93
CF07593,PASS,PASS,PASS,PASS,FAIL,74
CF07594,PASS,FAIL,FAIL,PASS,PASS,87
CF07595,FAIL,PASS,PASS,FAIL,PASS,65
CF07596,PASS,FAIL,FAIL,FAIL,PASS,67
CF07597,FAIL,PASS,PASS,FAIL,FAIL,62
CF07598,PASS,FAIL,FAIL,FAIL,FAIL,87
CF07599,FAIL,PASS,PASS,FAIL,FAIL,82
CF07600,PASS,PASS,FAIL,FAIL,PASS,68
CF07601,PASS,PASS,PASS,FAIL,FAIL,95
CF07602,FAIL,PASS,PASS,PASS,FAIL,67
CF07603,FAIL,PASS,PASS,PASS,FAIL,79
CF07604,PASS,PASS,PASS,FAIL,PASS,91
CF07605,PASS,PASS,PASS,FAIL,PASS,62
CF07606,FAIL,PASS,FAIL,FAIL,PASS,92
CF07607,FAIL,PASS,PASS,PASS,PASS,78
CF07608,PASS,FAIL,FAIL,PASS,FAIL,73
CF07609,FAIL,FAIL,PASS,FAIL,PASS,67
CF07610,FAIL,PASS,PASS,PASS,FAIL,73
CF07611,PASS,FAIL,PASS,FAIL,FAIL,98
CF07612,PASS,PASS,FAIL,FAIL,PASS,66
CF07613,FAIL,FAIL,FAIL,PASS,PASS,68
CF07614,FAIL,FAIL,FAIL,PASS,PASS,97
CF07615,FAIL,PASS,FAIL,PASS,FAIL,78
CF07616,PASS,PASS,PASS,FAIL,FAIL,86
CF07617,PASS,FAIL,FAIL,FAIL,FAIL,72
CF07618,FAIL,FAIL,PASS,PASS,FAIL,83
CF07619,PASS,PASS,FAIL,FAIL,FAIL,85
CF07620,FAIL,PASS,FAIL,PASS,FAIL,72
CF07621,PASS,FAIL,FAIL,FAIL,FAIL,85
CF07622,FAIL,PASS,PASS,PASS,PASS,75
CF07623,FAIL,PASS,FAIL,PASS,PASS,78
CF07624,FAIL,PASS,FAIL,PASS,PASS,99
CF07625,FAIL,FAIL,FAIL,PASS,PASS,68
CF07626,FAIL,PASS,PASS,PASS,PASS,85
CF07627,PASS,PASS,FAIL,FAIL,FAIL,81
CF07628,FAIL,FAIL,FAIL,PASS,FAIL,67
CF07629,PASS,PASS,FAIL,PASS,PASS,66
CF07630,PASS,PASS,PASS,FAIL,PASS,90
CF07631,PASS,FAIL,FAIL,PASS,PASS,69
CF07632,PASS,PASS,FAIL,FAIL,FAIL,92
CF07633,PASS,FAIL,PASS,PASS,FAIL,95
CF07634,PASS,FAIL,PASS,FAIL,PASS,86
CF07635,PASS,FAIL,FAIL,FAIL,PASS,78
CF07636,PASS,PASS,PASS,FAIL,FAIL,91
CF07637,PASS,FAIL,FAIL,FAIL,FAIL,76
CF07638,PASS,FAIL,FAIL,FAIL,FAIL,95
CF07639,PASS,FAIL,PASS,FAIL,PASS,65
CF07640,FAIL,PASS,FAIL,PASS,FAIL,75
CF07641,FAIL,FAIL,PASS,FAIL,FAIL,96
CF07642,FAIL,PASS,FAIL,FAIL,PASS,95
CF07643,FAIL,PASS,FAIL,FAIL,FAIL,93
CF07644,PASS,FAIL,PASS,PASS,PASS,83
CF07645,PASS,FAIL,FAIL,PASS,PASS,74
CF07646,PASS,PASS,PASS,FAIL,PASS,68
CF07647,FAIL,PASS,FAIL,PASS,PASS,73
CF07648,FAIL,FAIL,FAIL,FAIL,FAIL,97
CF07649,FAIL,PASS,FAIL,PASS,PASS,80
CF07650,FAIL,PASS,PASS,FAIL,FAIL,76
CF07651,PASS,FAIL,PASS,FAIL,PASS,81
CF07652,PASS,FAIL,PASS,FAIL,PASS,72
CF07653,FAIL,PASS,PASS,PASS,PASS,65
CF07654,FAIL,PASS,PASS,FAIL,FAIL,86
CF07655,PASS,PASS,FAIL,PASS,PASS,85
CF07656,PASS,PASS,FAIL,FAIL,PASS,82
CF07657,FAIL,PASS,PASS,PASS,FAIL,60
CF07658,PASS,FAIL,FAIL,FAIL,PASS,98
CF07659,PASS,PASS,FAIL,PASS,FAIL,62
CF07660,FAIL,PASS,PASS,FAIL,PASS,71
CF07661,PASS,FAIL,FAIL,PASS,PASS,60
CF07662,PASS,FAIL,FAIL,PASS,PASS,89
CF07663,PASS,FAIL,PASS,FAIL,PASS,97
CF07664,FAIL,FAIL,FAIL,FAIL,PASS,91
CF07665,PASS,FAIL,PASS,PASS,PASS,90
CF07666,PASS,PASS,PASS,PASS,PASS,97
CF07667,FAIL,FAIL,PASS,PASS,PASS,92
CF07668,FAIL,PASS,FAIL,PASS,PASS,63
CF07669,PASS,FAIL,FAIL,FAIL,FAIL,61
CF07670,FAIL,FAIL,FAIL,PASS,FAIL,75
CF07671,PASS,PASS,FAIL,PASS,PASS,77
CF07672,PASS,FAIL,PASS,FAIL,FAIL,98
CF07673,FAIL,FAIL,FAIL,FAIL,PASS,93
CF07674,PASS,PASS,PASS,FAIL,FAIL,72
CF07675,PASS,FAIL,PASS,PASS,FAIL,98
CF07676,PASS,FAIL,PASS,FAIL,FAIL,78
CF07677,PASS,PASS,FAIL,FAIL,PASS,94
CF07678,FAIL,PASS,FAIL,FAIL,FAIL,74
CF07679,PASS,FAIL,PASS,PASS,FAIL,64
CF07680,PASS,FAIL,PASS,FAIL,FAIL,80
CF07681,PASS,PASS,PASS,FAIL,PASS,93
CF07682,FAIL,FAIL,PASS,PASS,PASS,67
CF07683,PASS,PASS,PASS,PASS,PASS,79
CF07684,FAIL,PASS,FAIL,PASS,PASS,63
CF07685,FAIL,PASS,FAIL,PASS,FAIL,73
CF07686,PASS,FAIL,PASS,PASS,FAIL,98
CF07687,PASS,PASS,FAIL,PASS,FAIL,70
CF07688,FAIL,FAIL,FAIL,PASS,FAIL,63
CF07689,FAIL,FAIL,FAIL,FAIL,FAIL,70
CF07690,FAIL,FAIL,FAIL,PASS,FAIL,95
CF07691,FAIL,PASS,PASS,FAIL,FAIL,69
CF07692,PASS,FAIL,PASS,FAIL,PASS,73
CF07693,PASS,PASS,FAIL,FAIL,PASS,93
CF07694,PASS,FAIL,FAIL,PASS,PASS,89
CF07695,FAIL,FAIL,FAIL,FAIL,FAIL,87
CF07696,FAIL,PASS,FAIL,PASS,FAIL,67
CF07697,PASS,FAIL,PASS,FAIL,PASS,98
CF07698,FAIL,PASS,FAIL,FAIL,PASS,71
CF07699,FAIL,FAIL,FAIL,PASS,FAIL,87
CF07700,FAIL,PASS,PASS,PASS,PASS,92
CF07701,PASS,FAIL,FAIL,FAIL,PASS,69
CF07702,FAIL,PASS,FAIL,FAIL,PASS,84
CF07703,PASS,PASS,FAIL,FAIL,FAIL,70
CF07704,FAIL,PASS,PASS,FAIL,FAIL,89
CF07705,PASS,PASS,PASS,PASS,FAIL,82
CF07706,PASS,FAIL,PASS,PASS,PASS,94
CF07707,FAIL,FAIL,FAIL,PASS,FAIL,79
CF07708,FAIL,FAIL,PASS,PASS,PASS,81
CF07709,PASS,FAIL,FAIL,FAIL,FAIL,67
CF07710,FAIL,FAIL,PASS,PASS,PASS,78
CF07711,FAIL,PASS,FAIL,PASS,FAIL,77
CF07712,PASS,FAIL,PASS,PASS,PASS,91
CF07713,FAIL,PASS,PASS,PASS,PASS,66
CF07714,PASS,FAIL,FAIL,FAIL,PASS,66
CF07715,FAIL,PASS,FAIL,FAIL,PASS,94
CF07716,PASS,PASS,FAIL,FAIL,FAIL,60
CF07717,FAIL,FAIL,FAIL,FAIL,FAIL,85
CF07718,PASS,FAIL,PASS,PASS,FAIL,60
CF07719,FAIL,FAIL,FAIL,PASS,PASS,65
CF07720,PASS,FAIL,PASS,FAIL,FAIL,75
CF07721,FAIL,PASS,PASS,FAIL,FAIL,85
CF07722,FAIL,FAIL,PASS,PASS,FAIL,63
CF07723,PASS,PASS,FAIL,PASS,PASS,98
CF07724,FAIL,PASS,PASS,PASS,PASS,84
CF07725,FAIL,PASS,PASS,PASS,PASS,76
CF07726,FAIL,FAIL,PASS,FAIL,PASS,74
CF07727,PASS,FAIL,PASS,PASS,PASS,83
CF07728,PASS,FAIL,PASS,FAIL,FAIL,96
CF07729,FAIL,PASS,FAIL,PASS,FAIL,78
CF07730,FAIL,FAIL,PASS,FAIL,FAIL,77
CF07731,FAIL,FAIL,PASS,PASS,PASS,61
CF07732,PASS,PASS,PASS,FAIL,PASS,70
CF07733,FAIL,FAIL,PASS,FAIL,FAIL,65
CF07734,PASS,FAIL,FAIL,FAIL,FAIL,94
CF07735,PASS,FAIL,FAIL,FAIL,FAIL,62
CF07736,PASS,FAIL,FAIL,PASS,PASS,82
CF07737,FAIL,PASS,FAIL,PASS,PASS,90
CF07738,FAIL,PASS,PASS,FAIL,PASS,94
CF07739,FAIL,PASS,FAIL,PASS,FAIL,77
CF07740,FAIL,FAIL,FAIL,PASS,PASS,61
CF07741,FAIL,PASS,PASS,FAIL,FAIL,92
CF07742,FAIL,FAIL,PASS,PASS,FAIL,89
CF07743,PASS,PASS,FAIL,FAIL,PASS,99
CF07744,PASS,FAIL,PASS,PASS,FAIL,82
CF07745,FAIL,PASS,FAIL,PASS,FAIL,78
CF07746,PASS,FAIL,FAIL,FAIL,FAIL,93
CF07747,FAIL,PASS,FAIL,FAIL,PASS,96
CF07748,FAIL,PASS,FAIL,PASS,PASS,95
CF07749,PASS,PASS,FAIL,FAIL,PASS,89
CF07750,FAIL,PASS,PASS,FAIL,FAIL,86
CF07751,FAIL,FAIL,FAIL,FAIL,FAIL,98
CF07752,PASS,PASS,PASS,FAIL,PASS,69
CF07753,FAIL,PASS,PASS,FAIL,FAIL,61
CF07754,PASS,PASS,FAIL,PASS,FAIL,60
CF07755,FAIL,PASS,FAIL,FAIL,PASS,98
CF07756,PASS,PASS,PASS,FAIL,FAIL,63
CF07757,FAIL,FAIL,PASS,PASS,FAIL,65
CF07758,PASS,PASS,PASS,PASS,PASS,75
CF07759,PASS,FAIL,PASS,FAIL,FAIL,91
CF07760,FAIL,FAIL,FAIL,PASS,PASS,68
CF07761,PASS,PASS,FAIL,FAIL,FAIL,95
CF07762,FAIL,FAIL,FAIL,FAIL,PASS,71
CF07763,FAIL,FAIL,PASS,FAIL,PASS,92
CF07764,PASS,PASS,FAIL,PASS,FAIL,65
CF07765,FAIL,PASS,FAIL,FAIL,PASS,92
CF07766,PASS,PASS,FAIL,FAIL,PASS,65
CF07767,FAIL,PASS,PASS,FAIL,FAIL,96
CF07768,FAIL,PASS,FAIL,PASS,PASS,80
CF07769,FAIL,PASS,PASS,PASS,FAIL,87
CF07770,FAIL,PASS,PASS,FAIL,FAIL,62
CF07771,PASS,FAIL,FAIL,PASS,FAIL,92
CF07772,PASS,FAIL,FAIL,PASS,PASS,78
CF07773,PASS,FAIL,PASS,PASS,PASS,93
CF07774,FAIL,PASS,FAIL,FAIL,FAIL,63
CF07775,PASS,PASS,FAIL,PASS,FAIL,94
CF07776,FAIL,FAIL,FAIL,FAIL,PASS,71
CF07777,FAIL,FAIL,PASS,FAIL,PASS,78
CF07778,PASS,FAIL,PASS,FAIL,PASS,75
CF07779,FAIL,FAIL,PASS,PASS,PASS,66
CF07780,PASS,PASS,FAIL,PASS,FAIL,70
CF07781,PASS,FAIL,PASS,PASS,FAIL,90
CF07782,PASS,FAIL,FAIL,FAIL,PASS,74
CF07783,FAIL,FAIL,FAIL,FAIL,PASS,96
CF07784,FAIL,PASS,FAIL,PASS,PASS,69
CF07785,FAIL,FAIL,PASS,FAIL,PASS,69
CF07786,FAIL,PASS,FAIL,FAIL,PASS,67
CF07787,PASS,FAIL,PASS,PASS,FAIL,79
CF07788,FAIL,PASS,PASS,PASS,FAIL,66
CF07789,FAIL,FAIL,FAIL,PASS,FAIL,78
CF07790,FAIL,FAIL,PASS,FAIL,PASS,98
CF07791,FAIL,FAIL,PASS,PASS,PASS,96
CF07792,PASS,FAIL,PASS,PASS,FAIL,69
CF07793,PASS,PASS,FAIL,FAIL,PASS,70
CF07794,PASS,PASS,PASS,PASS,FAIL,78
CF07795,FAIL,FAIL,PASS,PASS,PASS,62
CF07796,PASS,FAIL,FAIL,PASS,PASS,92
CF07797,PASS,PASS,PASS,PASS,PASS,93
CF07798,PASS,PASS,PASS,PASS,FAIL,80
CF07799,PASS,PASS,FAIL,PASS,PASS,72
CF07800,PASS,PASS,FAIL,PASS,PASS,85
CF07801,PASS,FAIL,FAIL,PASS,PASS,61
CF07802,PASS,FAIL,PASS,FAIL,PASS,87
CF07803,FAIL,FAIL,FAIL,PASS,FAIL,66
CF07804,PASS,FAIL,FAIL,FAIL,PASS,68
CF07805,FAIL,FAIL,FAIL,FAIL,PASS,94
CF07806,PASS,PASS,PASS,FAIL,PASS,92
CF07807,PASS,FAIL,FAIL,PASS,PASS,68
CF07808,PASS,FAIL,PASS,PASS,PASS,62
CF07809,PASS,PASS,PASS,FAIL,PASS,78
CF07810,FAIL,PASS,FAIL,FAIL,PASS,81
CF07811,PASS,PASS,PASS,FAIL,FAIL,82
CF07812,FAIL,PASS,FAIL,FAIL,PASS,88
CF07813,FAIL,FAIL,FAIL,FAIL,PASS,66
CF07814,PASS,FAIL,PASS,PASS,PASS,61
CF07815,PASS,FAIL,PASS,PASS,PASS,99
CF07816,PASS,FAIL,PASS,PASS,FAIL,90
CF07817,PASS,FAIL,FAIL,PASS,FAIL,95
CF07818,FAIL,PASS,FAIL,PASS,PASS,80
CF07819,PASS,FAIL,FAIL,PASS,FAIL,84
CF07820,FAIL,PASS,FAIL,FAIL,FAIL,72
CF07821,FAIL,PASS,PASS,PASS,FAIL,73
CF07822,FAIL,FAIL,FAIL,PASS,FAIL,92
CF07823,PASS,FAIL,FAIL,FAIL,PASS,88
CF07824,PASS,PASS,PASS,FAIL,PASS,87
CF07825,FAIL,FAIL,FAIL,FAIL,FAIL,88
CF07826,PASS,FAIL,FAIL,PASS,PASS,93
CF07827,FAIL,PASS,PASS,PASS,FAIL,75
CF07828,FAIL,PASS,PASS,FAIL,PASS,82
CF07829,PASS,FAIL,PASS,PASS,PASS,96
CF07830,FAIL,FAIL,PASS,PASS,FAIL,85
CF07831,PASS,PASS,FAIL,FAIL,PASS,84
CF07832,FAIL,FAIL,PASS,PASS,PASS,71
CF07833,PASS,FAIL,PASS,FAIL,FAIL,82
CF07834,FAIL,FAIL,FAIL,FAIL,FAIL,68
CF07835,PASS,FAIL,FAIL,PASS,FAIL,78
CF07836,FAIL,PASS,PASS,FAIL,PASS,64
CF07837,PASS,FAIL,FAIL,PASS,FAIL,66
CF07838,PASS,FAIL,FAIL,PASS,PASS,74
CF07839,FAIL,FAIL,PASS,PASS,PASS,80
CF07840,PASS,FAIL,PASS,FAIL,PASS,65
CF07841,PASS,FAIL,FAIL,FAIL,FAIL,71
CF07842,FAIL,PASS,FAIL,PASS,PASS,75
CF07843,PASS,FAIL,PASS,FAIL,FAIL,69
CF07844,FAIL,PASS,FAIL,PASS,FAIL,82
CF07845,PASS,PASS,FAIL,FAIL,FAIL,91
CF07846,PASS,PASS,FAIL,FAIL,PASS,78
CF07847,PASS,PASS,FAIL,FAIL,FAIL,94
CF07848,FAIL,PASS,PASS,PASS,FAIL,64
CF07849,PASS,FAIL,PASS,FAIL,PASS,81
CF07850,PASS,PASS,FAIL,PASS,FAIL,74
CF07851,PASS,PASS,PASS,FAIL,PASS,91
CF07852,PASS,FAIL,PASS,PASS,PASS,68
CF07853,PASS,FAIL,FAIL,FAIL,FAIL,92
CF07854,FAIL,PASS,FAIL,PASS,PASS,62
CF07855,PASS,FAIL,PASS,FAIL,PASS,62
CF07856,FAIL,PASS,PASS,PASS,FAIL,88
CF07857,PASS,FAIL,FAIL,PASS,PASS,98
CF07858,PASS,PASS,FAIL,FAIL,FAIL,67
CF07859,PASS,PASS,FAIL,PASS,FAIL,99
CF07860,PASS,FAIL,FAIL,PASS,PASS,88
CF07861,PASS,PASS,FAIL,PASS,PASS,98
CF07862,FAIL,FAIL,FAIL,PASS,FAIL,68
CF07863,FAIL,PASS,PASS,PASS,FAIL,73
CF07864,PASS,PASS,FAIL,PASS,FAIL,84
CF07865,PASS,FAIL,PASS,FAIL,PASS,73
CF07866,PASS,PASS,PASS,FAIL,PASS,60
CF07867,FAIL,PASS,FAIL,FAIL,PASS,81
CF07868,FAIL,PASS,FAIL,PASS,FAIL,87
CF07869,PASS,PASS,PASS,FAIL,PASS,60
CF07870,FAIL,PASS,FAIL,PASS,FAIL,64
CF07871,PASS,FAIL,FAIL,PASS,FAIL,95
CF07872,FAIL,PASS,FAIL,PASS,PASS,72
CF07873,PASS,FAIL,FAIL,PASS,FAIL,85
CF07874,FAIL,PASS,FAIL,FAIL,PASS,76
CF07875,FAIL,FAIL,FAIL,PASS,PASS,77
CF07876,FAIL,FAIL,PASS,PASS,FAIL,87
CF07877,PASS,PASS,FAIL,PASS,PASS,88
CF07878,FAIL,PASS,PASS,PASS,FAIL,78
CF07879,PASS,FAIL,FAIL,PASS,FAIL,96
CF07880,PASS,FAIL,FAIL,FAIL,PASS,85
CF07881,PASS,FAIL,PASS,PASS,PASS,83
CF07882,PASS,PASS,PASS,FAIL,PASS,91
CF07883,FAIL,FAIL,FAIL,FAIL,FAIL,62
CF07884,PASS,FAIL,PASS,FAIL,FAIL,98
CF07885,FAIL,PASS,FAIL,PASS,PASS,87
CF07886,PASS,FAIL,FAIL,FAIL,PASS,87
CF07887,FAIL,PASS,FAIL,FAIL,FAIL,92
CF07888,PASS,FAIL,FAIL,PASS,PASS,92
CF07889,PASS,PASS,PASS,PASS,PASS,90
CF07890,FAIL,PASS,PASS,FAIL,PASS,64
CF07891,FAIL,FAIL,PASS,PASS,FAIL,69
CF07892,FAIL,FAIL,PASS,FAIL,PASS,79
CF07893,FAIL,FAIL,PASS,PASS,FAIL,76
CF07894,FAIL,PASS,PASS,PASS,PASS,91
CF07895,PASS,PASS,FAIL,PASS,FAIL,90
CF07896,PASS,FAIL,FAIL,FAIL,PASS,90
CF07897,FAIL,PASS,FAIL,FAIL,FAIL,64
CF07898,FAIL,PASS,FAIL,PASS,FAIL,96
CF07899,PASS,PASS,PASS,PASS,PASS,92
CF07900,FAIL,FAIL,FAIL,FAIL,PASS,69
CF07901,FAIL,PASS,FAIL,PASS,FAIL,76
CF07902,PASS,FAIL,FAIL,FAIL,PASS,90
CF07903,FAIL,FAIL,PASS,PASS,PASS,73
CF07904,PASS,FAIL,PASS,FAIL,FAIL,77
CF07905,PASS,PASS,PASS,PASS,PASS,96
CF07906,FAIL,PASS,PASS,PASS,FAIL,69
CF07907,PASS,FAIL,FAIL,PASS,PASS,70
CF07908,PASS,PASS,PASS,FAIL,PASS,77
CF07909,FAIL,PASS,PASS,FAIL,FAIL,63
CF07910,FAIL,PASS,FAIL,FAIL,FAIL,96
CF07911,FAIL,FAIL,PASS,PASS,PASS,94
CF07912,PASS,PASS,PASS,PASS,PASS,86
CF07913,FAIL,PASS,PASS,FAIL,PASS,93
CF07914,FAIL,PASS,FAIL,FAIL,PASS,90
CF07915,PASS,PASS,PASS,PASS,FAIL,70
CF07916,PASS,PASS,FAIL,PASS,FAIL,87
CF07917,PASS,PASS,FAIL,FAIL,PASS,89
CF07918,FAIL,FAIL,FAIL,FAIL,PASS,71
CF07919,FAIL,PASS,PASS,PASS,PASS,99
CF07920,PASS,PASS,PASS,PASS,FAIL,80
CF07921,PASS,PASS,FAIL,FAIL,PASS,99
CF07922,FAIL,PASS,FAIL,FAIL,PASS,90
CF07923,FAIL,FAIL,PASS,FAIL,FAIL,66
CF07924,FAIL,FAIL,PASS,PASS,PASS,79
CF07925,PASS,FAIL,PASS,FAIL,PASS,83
CF07926,PASS,FAIL,PASS,FAIL,PASS,97
CF07927,FAIL,FAIL,PASS,FAIL,PASS,97
CF07928,PASS,FAIL,FAIL,PASS,PASS,61
CF07929,FAIL,PASS,FAIL,PASS,PASS,92
CF07930,FAIL,PASS,FAIL,PASS,PASS,63
CF07931,PASS,FAIL,PASS,FAIL,FAIL,72
CF07932,PASS,FAIL,FAIL,FAIL,PASS,94
CF07933,PASS,PASS,FAIL,FAIL,FAIL,85
CF07934,FAIL,FAIL,FAIL,PASS,FAIL,65
CF07935,PASS,FAIL,PASS,FAIL,PASS,98
CF07936,FAIL,PASS,FAIL,PASS,PASS,97
CF07937,FAIL,FAIL,FAIL,FAIL,FAIL,83
CF07938,FAIL,PASS,PASS,PASS,FAIL,79
CF07939,PASS,PASS,FAIL,PASS,FAIL,68
CF07940,FAIL,PASS,PASS,PASS,FAIL,79
CF07941,FAIL,PASS,PASS,PASS,PASS,62
CF07942,FAIL,FAIL,PASS,FAIL,FAIL,81
CF07943,PASS,FAIL,PASS,PASS,FAIL,60
CF07944,PASS,FAIL,FAIL,FAIL,FAIL,74
CF07945,PASS,PASS,PASS,PASS,FAIL,73
CF07946,FAIL,PASS,PASS,PASS,FAIL,82
CF07947,FAIL,FAIL,FAIL,FAIL,FAIL,91
CF07948,FAIL,FAIL,PASS,PASS,FAIL,69
CF07949,PASS,FAIL,PASS,PASS,FAIL,63
CF07950,FAIL,PASS,PASS,FAIL,PASS,85
CF07951,PASS,FAIL,PASS,PASS,FAIL,66
CF07952,PASS,FAIL,PASS,FAIL,PASS,64
CF07953,PASS,FAIL,FAIL,PASS,PASS,65
CF07954,FAIL,FAIL,PASS,FAIL,PASS,99
CF07955,FAIL,PASS,FAIL,PASS,FAIL,78
CF07956,FAIL,PASS,FAIL,PASS,FAIL,92
CF07957,FAIL,PASS,PASS,PASS,FAIL,73
CF07958,PASS,PASS,FAIL,PASS,FAIL,84
CF07959,FAIL,PASS,PASS,FAIL,PASS,65
CF07960,PASS,FAIL,PASS,PASS,PASS,86
CF07961,PASS,FAIL,FAIL,PASS,FAIL,80
CF07962,PASS,FAIL,PASS,PASS,PASS,94
CF07963,FAIL,PASS,FAIL,FAIL,PASS,80
CF07964,FAIL,FAIL,FAIL,PASS,FAIL,72
CF07965,FAIL,FAIL,PASS,FAIL,PASS,99
CF07966,FAIL,PASS,FAIL,FAIL,PASS,91
CF07967,PASS,FAIL,PASS,PASS,PASS,86
CF07968,PASS,PASS,FAIL,PASS,PASS,75
CF07969,FAIL,FAIL,PASS,PASS,PASS,88
CF07970,FAIL,FAIL,PASS,PASS,PASS,71
CF07971,FAIL,FAIL,FAIL,PASS,PASS,70
CF07972,FAIL,FAIL,PASS,FAIL,PASS,80
CF07973,FAIL,FAIL,PASS,FAIL,FAIL,90
CF07974,FAIL,PASS,FAIL,FAIL,FAIL,89
CF07975,FAIL,PASS,PASS,FAIL,PASS,88
CF07976,FAIL,PASS,FAIL,PASS,PASS,91
CF07977,FAIL,FAIL,PASS,FAIL,PASS,75
CF07978,FAIL,FAIL,FAIL,FAIL,PASS,61
CF07979,PASS,PASS,PASS,PASS,PASS,88
CF07980,FAIL,PASS,PASS,FAIL,PASS,67
CF07981,PASS,PASS,PASS,FAIL,PASS,63
CF07982,PASS,FAIL,FAIL,FAIL,FAIL,89
CF07983,PASS,FAIL,FAIL,PASS,PASS,95
CF07984,FAIL,PASS,FAIL,PASS,PASS,93
CF07985,FAIL,FAIL,FAIL,PASS,PASS,77
CF07986,FAIL,PASS,FAIL,PASS,FAIL,67
CF07987,PASS,PASS,FAIL,FAIL,FAIL,72
CF07988,FAIL,PASS,PASS,FAIL,PASS,82
CF07989,PASS,PASS,PASS,FAIL,FAIL,85
CF07990,FAIL,PASS,FAIL,FAIL,PASS,71
CF07991,PASS,FAIL,FAIL,PASS,FAIL,68
CF07992,PASS,FAIL,FAIL,FAIL,FAIL,97
CF07993,FAIL,FAIL,PASS,FAIL,FAIL,69
CF07994,PASS,FAIL,PASS,PASS,FAIL,81
CF07995,PASS,FAIL,PASS,FAIL,PASS,76
CF07996,PASS,FAIL,PASS,PASS,FAIL,61
CF07997,PASS,PASS,FAIL,PASS,FAIL,63
CF07998,FAIL,PASS,FAIL,FAIL,PASS,87
CF07999,FAIL,FAIL,PASS,FAIL,FAIL,88
CF08000,FAIL,FAIL,FAIL,FAIL,PASS,64
CF08001,PASS,FAIL,FAIL,PASS,PASS,83
CF08002,FAIL,FAIL,FAIL,PASS,FAIL,98
CF08003,PASS,FAIL,PASS,PASS,FAIL,77
CF08004,PASS,FAIL,PASS,FAIL,FAIL,61
CF08005,PASS,FAIL,PASS,FAIL,PASS,87
CF08006,FAIL,PASS,PASS,PASS,FAIL,64
CF08007,PASS,PASS,FAIL,FAIL,PASS,78
CF08008,FAIL,PASS,PASS,PASS,FAIL,84
CF08009,PASS,FAIL,PASS,PASS,PASS,60
CF08010,FAIL,FAIL,FAIL,PASS,FAIL,71
CF08011,FAIL,FAIL,FAIL,FAIL,PASS,99
CF08012,PASS,PASS,FAIL,FAIL,PASS,66
CF08013,FAIL,FAIL,FAIL,FAIL,FAIL,97
CF08014,PASS,FAIL,FAIL,PASS,PASS,91
CF08015,FAIL,PASS,FAIL,PASS,PASS,94
CF08016,FAIL,FAIL,FAIL,PASS,FAIL,71
CF08017,FAIL,FAIL,FAIL,PASS,PASS,76
CF08018,FAIL,PASS,PASS,FAIL,FAIL,95
CF08019,FAIL,FAIL,FAIL,PASS,FAIL,95
CF08020,FAIL,PASS,FAIL,PASS,PASS,73
CF08021,FAIL,PASS,FAIL,PASS,PASS,75
CF08022,PASS,FAIL,PASS,PASS,PASS,99
CF08023,PASS,FAIL,PASS,PASS,PASS,98
CF08024,FAIL,FAIL,FAIL,FAIL,FAIL,75
CF08025,PASS,PASS,PASS,PASS,FAIL,65
CF08026,PASS,PASS,PASS,FAIL,PASS,79
CF08027,PASS,FAIL,FAIL,FAIL,PASS,72
CF08028,PASS,PASS,FAIL,FAIL,PASS,75
CF08029,FAIL,FAIL,PASS,FAIL,PASS,93
CF08030,PASS,PASS,PASS,FAIL,PASS,65
CF08031,PASS,FAIL,FAIL,PASS,FAIL,90
CF08032,FAIL,FAIL,FAIL,FAIL,FAIL,93
CF08033,FAIL,PASS,FAIL,PASS,PASS,88
CF08034,FAIL,PASS,PASS,FAIL,PASS,69
CF08035,PASS,PASS,PASS,FAIL,PASS,70
CF08036,FAIL,PASS,PASS,FAIL,FAIL,83
CF08037,PASS,PASS,FAIL,PASS,PASS,62
CF08038,FAIL,FAIL,FAIL,FAIL,PASS,79
CF08039,PASS,FAIL,FAIL,PASS,PASS,75
CF08040,FAIL,FAIL,FAIL,FAIL,PASS,73
CF08041,PASS,PASS,PASS,PASS,PASS,61
CF08042,PASS,PASS,FAIL,FAIL,FAIL,62
CF08043,FAIL,FAIL,FAIL,PASS,PASS,88
CF08044,FAIL,FAIL,PASS,FAIL,FAIL,89
CF08045,FAIL,FAIL,FAIL,PASS,FAIL,90
CF08046,PASS,FAIL,PASS,PASS,FAIL,69
CF08047,PASS,PASS,FAIL,PASS,PASS,73
CF08048,PASS,PASS,FAIL,FAIL,PASS,85
CF08049,FAIL,PASS,PASS,FAIL,PASS,72
CF08050,PASS,FAIL,FAIL,PASS,PASS,84
CF08051,PASS,PASS,PASS,FAIL,FAIL,80
CF08052,FAIL,PASS,PASS,FAIL,FAIL,98
CF08053,PASS,FAIL,FAIL,PASS,PASS,90
CF08054,FAIL,FAIL,FAIL,PASS,FAIL,70
CF08055,FAIL,FAIL,PASS,PASS,FAIL,82
CF08056,PASS,FAIL,PASS,PASS,PASS,63
CF08057,FAIL,FAIL,PASS,FAIL,PASS,80
CF08058,FAIL,PASS,PASS,FAIL,FAIL,97
CF08059,FAIL,FAIL,FAIL,PASS,FAIL,60
CF08060,PASS,FAIL,FAIL,PASS,FAIL,80
CF08061,PASS,FAIL,PASS,FAIL,PASS,60
CF08062,FAIL,PASS,FAIL,PASS,PASS,92
CF08063,PASS,PASS,PASS,PASS,FAIL,89
CF08064,PASS,FAIL,PASS,FAIL,FAIL,99
CF08065,FAIL,FAIL,FAIL,PASS,PASS,98
CF08066,FAIL,FAIL,PASS,PASS,FAIL,79
CF08067,PASS,FAIL,PASS,PASS,FAIL,90
CF08068,PASS,PASS,PASS,PASS,PASS,95
CF08069,PASS,PASS,FAIL,PASS,FAIL,66
CF08070,FAIL,FAIL,FAIL,FAIL,FAIL,71
CF08071,PASS,PASS,FAIL,PASS,PASS,82
CF08072,FAIL,PASS,FAIL,FAIL,FAIL,91
CF08073,PASS,FAIL,FAIL,FAIL,FAIL,93
CF08074,FAIL,FAIL,PASS,PASS,FAIL,66
CF08075,PASS,FAIL,PASS,FAIL,PASS,66
CF08076,PASS,PASS,FAIL,FAIL,PASS,81
CF08077,PASS,PASS,PASS,FAIL,PASS,98
CF08078,FAIL,PASS,FAIL,FAIL,PASS,73
CF08079,PASS,FAIL,FAIL,FAIL,FAIL,69
CF08080,FAIL,FAIL,PASS,FAIL,PASS,84
CF08081,PASS,FAIL,PASS,PASS,PASS,77
CF08082,FAIL,FAIL,FAIL,PASS,FAIL,72
CF08083,PASS,PASS,PASS,FAIL,FAIL,85
CF08084,FAIL,FAIL,PASS,FAIL,PASS,82
CF08085,FAIL,PASS,PASS,FAIL,PASS,83
CF08086,PASS,PASS,FAIL,PASS,FAIL,83
CF08087,PASS,PASS,PASS,FAIL,FAIL,76
CF08088,PASS,PASS,FAIL,FAIL,PASS,74
CF08089,PASS,PASS,PASS,PASS,FAIL,96
CF08090,PASS,PASS,FAIL,FAIL,PASS,71
CF08091,FAIL,FAIL,FAIL,FAIL,FAIL,61
CF08092,FAIL,FAIL,PASS,FAIL,PASS,90
CF08093,FAIL,PASS,FAIL,PASS,PASS,83
CF08094,PASS,PASS,PASS,PASS,PASS,87
CF08095,PASS,PASS,PASS,FAIL,PASS,93
CF08096,FAIL,PASS,PASS,PASS,PASS,88
CF08097,FAIL,FAIL,FAIL,FAIL,FAIL,92
CF08098,PASS,PASS,FAIL,FAIL,PASS,60
CF08099,FAIL,FAIL,FAIL,FAIL,PASS,96
CF08100,FAIL,PASS,FAIL,FAIL,FAIL,77
CF08101,PASS,FAIL,PASS,FAIL,FAIL,81
CF08102,FAIL,FAIL,PASS,FAIL,PASS,64
CF08103,FAIL,PASS,PASS,FAIL,PASS,86
CF08104,PASS,PASS,FAIL,PASS,FAIL,99
CF08105,PASS,PASS,PASS,FAIL,FAIL,62
CF08106,PASS,FAIL,FAIL,PASS,FAIL,86
CF08107,FAIL,PASS,PASS,PASS,FAIL,91
CF08108,FAIL,PASS,PASS,FAIL,PASS,81
CF08109,FAIL,FAIL,PASS,FAIL,FAIL,67
CF08110,PASS,FAIL,FAIL,FAIL,FAIL,63
CF08111,PASS,PASS,FAIL,FAIL,FAIL,95
CF08112,PASS,PASS,FAIL,PASS,PASS,94
CF08113,FAIL,FAIL,FAIL,PASS,PASS,97
CF08114,FAIL,FAIL,FAIL,FAIL,FAIL,84
CF08115,PASS,PASS,PASS,PASS,FAIL,61
CF08116,FAIL,FAIL,FAIL,FAIL,FAIL,65
CF08117,FAIL,PASS,FAIL,PASS,FAIL,80
CF08118,FAIL,FAIL,PASS,PASS,PASS,77
CF08119,FAIL,PASS,PASS,FAIL,FAIL,69
CF08120,FAIL,PASS,FAIL,PASS,PASS,98
CF08121,FAIL,FAIL,FAIL,PASS,PASS,77
CF08122,FAIL,PASS,FAIL,FAIL,PASS,97
CF08123,FAIL,FAIL,PASS,PASS,FAIL,76
CF08124,PASS,PASS,FAIL,PASS,FAIL,86
CF08125,PASS,FAIL,FAIL,PASS,PASS,99
CF08126,PASS,FAIL,FAIL,FAIL,FAIL,91
CF08127,FAIL,PASS,PASS,PASS,PASS,81
CF08128,PASS,PASS,PASS,FAIL,PASS,63
CF08129,FAIL,PASS,FAIL,PASS,PASS,60
CF08130,PASS,FAIL,FAIL,FAIL,FAIL,61
CF08131,FAIL,PASS,PASS,PASS,FAIL,90
CF08132,FAIL,FAIL,PASS,FAIL,FAIL,62
CF08133,PASS,PASS,FAIL,FAIL,FAIL,93
CF08134,FAIL,FAIL,FAIL,FAIL,PASS,96
CF08135,PASS,PASS,FAIL,PASS,FAIL,85
CF08136,PASS,FAIL,PASS,FAIL,FAIL,89
CF08137,PASS,PASS,PASS,FAIL,FAIL,62
CF08138,FAIL,FAIL,FAIL,FAIL,FAIL,72
CF08139,PASS,PASS,FAIL,FAIL,FAIL,90
CF08140,PASS,PASS,FAIL,PASS,FAIL,94
CF08141,PASS,FAIL,FAIL,FAIL,FAIL,78
CF08142,PASS,PASS,PASS,FAIL,FAIL,73
CF08143,FAIL,FAIL,PASS,PASS,FAIL,73
CF08144,PASS,FAIL,FAIL,PASS,FAIL,62
CF08145,FAIL,PASS,PASS,PASS,FAIL,87
CF08146,FAIL,PASS,PASS,FAIL,PASS,78
CF08147,FAIL,PASS,PASS,PASS,FAIL,98
CF08148,PASS,FAIL,FAIL,FAIL,PASS,60
CF08149,FAIL,PASS,PASS,FAIL,PASS,96
CF08150,PASS,FAIL,PASS,PASS,FAIL,60
CF08151,PASS,FAIL,FAIL,PASS,FAIL,70
CF08152,FAIL,PASS,FAIL,PASS,FAIL,96
CF08153,PASS,FAIL,PASS,FAIL,FAIL,96
CF08154,FAIL,FAIL,FAIL,PASS,FAIL,78
CF08155,FAIL,FAIL,FAIL,FAIL,PASS,66
CF08156,PASS,PASS,FAIL,FAIL,FAIL,92
CF08157,FAIL,FAIL,FAIL,FAIL,PASS,75
CF08158,PASS,PASS,FAIL,FAIL,FAIL,65
CF08159,PASS,FAIL,PASS,PASS,PASS,63
CF08160,FAIL,FAIL,FAIL,PASS,PASS,65
CF08161,FAIL,PASS,FAIL,FAIL,PASS,68
CF08162,FAIL,FAIL,PASS,PASS,PASS,83
CF08163,PASS,FAIL,FAIL,PASS,FAIL,99
CF08164,FAIL,FAIL,PASS,PASS,PASS,75
CF08165,FAIL,PASS,PASS,PASS,PASS,91
CF08166,FAIL,FAIL,PASS,PASS,PASS,68
CF08167,FAIL,PASS,FAIL,FAIL,FAIL,97
CF08168,FAIL,FAIL,FAIL,FAIL,FAIL,81
CF08169,PASS,FAIL,PASS,PASS,FAIL,77
CF08170,PASS,FAIL,FAIL,PASS,FAIL,81
CF08171,FAIL,FAIL,PASS,FAIL,FAIL,80
CF08172,PASS,PASS,PASS,PASS,FAIL,72
CF08173,PASS,PASS,FAIL,FAIL,PASS,64
CF08174,PASS,PASS,PASS,PASS,PASS,71
CF08175,FAIL,FAIL,FAIL,PASS,FAIL,92
CF08176,PASS,PASS,PASS,PASS,FAIL,66
CF08177,PASS,PASS,PASS,PASS,FAIL,81
CF08178,FAIL,FAIL,PASS,FAIL,PASS,96
CF08179,FAIL,PASS,PASS,FAIL,FAIL,94
CF08180,FAIL,FAIL,FAIL,FAIL,FAIL,97
CF08181,PASS,FAIL,PASS,FAIL,FAIL,79
CF08182,PASS,PASS,PASS,PASS,FAIL,65
CF08183,PASS,FAIL,FAIL,FAIL,PASS,77
CF08184,PASS,FAIL,FAIL,PASS,FAIL,72
CF08185,FAIL,PASS,PASS,FAIL,PASS,81
CF08186,FAIL,PASS,PASS,FAIL,FAIL,69
CF08187,PASS,PASS,PASS,FAIL,FAIL,80
CF08188,PASS,FAIL,PASS,PASS,FAIL,94
CF08189,PASS,PASS,FAIL,FAIL,PASS,89
CF08190,PASS,PASS,FAIL,PASS,PASS,67
CF08191,FAIL,FAIL,PASS,FAIL,FAIL,61
CF08192,PASS,FAIL,PASS,FAIL,PASS,96
CF08193,PASS,FAIL,PASS,PASS,PASS,74
CF08194,FAIL,FAIL,PASS,FAIL,PASS,95
CF08195,FAIL,PASS,PASS,PASS,PASS,77
CF08196,FAIL,FAIL,FAIL,PASS,PASS,95
CF08197,PASS,FAIL,PASS,PASS,PASS,68
CF08198,FAIL,FAIL,PASS,PASS,FAIL,94
CF08199,PASS,FAIL,PASS,FAIL,PASS,88
CF08200,FAIL,FAIL,PASS,PASS,PASS,68
CF08201,PASS,FAIL,PASS,FAIL,FAIL,65
CF08202,FAIL,PASS,FAIL,PASS,FAIL,66
CF08203,FAIL,PASS,FAIL,PASS,PASS,94
CF08204,PASS,FAIL,PASS,PASS,PASS,84
CF08205,FAIL,PASS,PASS,FAIL,FAIL,94
CF08206,FAIL,PASS,FAIL,PASS,FAIL,96
CF08207,FAIL,FAIL,FAIL,PASS,FAIL,63
CF08208,PASS,FAIL,FAIL,FAIL,PASS,60
CF08209,PASS,FAIL,FAIL,PASS,FAIL,87
CF08210,PASS,PASS,PASS,PASS,FAIL,61
CF08211,FAIL,FAIL,PASS,FAIL,PASS,92
CF08212,PASS,FAIL,FAIL,FAIL,FAIL,61
CF08213,FAIL,PASS,FAIL,FAIL,FAIL,92
CF08214,PASS,PASS,FAIL,FAIL,FAIL,69
CF08215,FAIL,FAIL,PASS,PASS,FAIL,73
CF08216,PASS,FAIL,FAIL,FAIL,PASS,67
CF08217,FAIL,FAIL,PASS,PASS,PASS,69
CF08218,FAIL,PASS,PASS,PASS,FAIL,84
CF08219,PASS,FAIL,PASS,FAIL,PASS,88
CF08220,PASS,PASS,FAIL,PASS,FAIL,81
CF08221,PASS,PASS,FAIL,FAIL,FAIL,90
CF08222,PASS,PASS,FAIL,PASS,PASS,90
CF08223,PASS,FAIL,PASS,PASS,FAIL,70
CF08224,FAIL,FAIL,PASS,FAIL,PASS,69
CF08225,FAIL,PASS,PASS,PASS,FAIL,86
CF08226,FAIL,PASS,FAIL,FAIL,PASS,77
CF08227,PASS,FAIL,FAIL,PASS,PASS,82
CF08228,PASS,FAIL,FAIL,PASS,PASS,75
CF08229,PASS,FAIL,PASS,PASS,PASS,61
CF08230,PASS,FAIL,FAIL,PASS,PASS,94
CF08231,FAIL,FAIL,PASS,FAIL,PASS,86
CF08232,FAIL,FAIL,FAIL,PASS,PASS,61
CF08233,FAIL,PASS,FAIL,FAIL,PASS,87
CF08234,FAIL,PASS,PASS,PASS,FAIL,86
CF08235,FAIL,FAIL,FAIL,FAIL,FAIL,66
CF08236,PASS,FAIL,FAIL,PASS,FAIL,70
CF08237,PASS,PASS,PASS,FAIL,PASS,80
CF08238,PASS,FAIL,FAIL,FAIL,PASS,99
CF08239,PASS,FAIL,FAIL,FAIL,FAIL,75
CF08240,PASS,PASS,FAIL,PASS,FAIL,69
CF08241,FAIL,PASS,PASS,PASS,FAIL,94
CF08242,PASS,FAIL,PASS,PASS,FAIL,86
CF08243,FAIL,FAIL,PASS,FAIL,FAIL,76
CF08244,FAIL,PASS,FAIL,PASS,FAIL,81
CF08245,FAIL,PASS,FAIL,PASS,PASS,68
CF08246,PASS,FAIL,PASS,PASS,FAIL,84
CF08247,PASS,PASS,PASS,PASS,PASS,92
CF08248,FAIL,PASS,FAIL,FAIL,PASS,83
CF08249,FAIL,FAIL,FAIL,PASS,FAIL,68
CF08250,PASS,PASS,FAIL,FAIL,PASS,89
CF08251,FAIL,FAIL,FAIL,FAIL,FAIL,70
CF08252,FAIL,FAIL,PASS,PASS,PASS,75
CF08253,PASS,FAIL,PASS,FAIL,PASS,73
CF08254,FAIL,PASS,FAIL,FAIL,PASS,65
CF08255,FAIL,FAIL,PASS,PASS,PASS,67
CF08256,PASS,PASS,FAIL,FAIL,FAIL,90
CF08257,PASS,PASS,PASS,FAIL,FAIL,92
CF08258,FAIL,FAIL,FAIL,PASS,PASS,95
CF08259,PASS,PASS,PASS,FAIL,FAIL,73
CF08260,FAIL,FAIL,PASS,FAIL,FAIL,66
CF08261,PASS,PASS,FAIL,PASS,FAIL,89
CF08262,FAIL,PASS,PASS,PASS,FAIL,73
CF08263,FAIL,PASS,PASS,FAIL,PASS,89
CF08264,FAIL,FAIL,FAIL,PASS,PASS,73
CF08265,FAIL,PASS,PASS,FAIL,FAIL,61
CF08266,PASS,PASS,FAIL,FAIL,FAIL,97
CF08267,FAIL,FAIL,FAIL,PASS,FAIL,88
CF08268,FAIL,PASS,FAIL,FAIL,PASS,91
CF08269,FAIL,FAIL,PASS,FAIL,FAIL,70
CF08270,FAIL,FAIL,FAIL,PASS,FAIL,65
CF08271,PASS,FAIL,FAIL,FAIL,PASS,94
CF08272,PASS,FAIL,FAIL,PASS,FAIL,68
CF08273,PASS,FAIL,FAIL,FAIL,PASS,69
CF08274,FAIL,PASS,FAIL,PASS,FAIL,61
CF08275,FAIL,PASS,PASS,FAIL,PASS,97
CF08276,PASS,PASS,PASS,FAIL,PASS,89
CF08277,PASS,PASS,FAIL,FAIL,PASS,78
CF08278,PASS,PASS,FAIL,FAIL,PASS,64
CF08279,FAIL,FAIL,FAIL,PASS,FAIL,71
CF08280,PASS,PASS,PASS,PASS,PASS,60
CF08281,PASS,FAIL,PASS,FAIL,FAIL,65
CF08282,PASS,FAIL,PASS,FAIL,FAIL,63
CF08283,PASS,FAIL,FAIL,PASS,FAIL,87
CF08284,FAIL,PASS,PASS,FAIL,FAIL,64
CF08285,PASS,PASS,FAIL,PASS,PASS,77
CF08286,PASS,PASS,PASS,FAIL,PASS,64
CF08287,FAIL,PASS,PASS,PASS,PASS,96
CF08288,PASS,FAIL,FAIL,PASS,PASS,72
CF08289,PASS,PASS,FAIL,PASS,PASS,81
CF08290,PASS,PASS,FAIL,FAIL,FAIL,89
CF08291,PASS,PASS,FAIL,PASS,PASS,60
CF08292,PASS,FAIL,FAIL,PASS,FAIL,78
CF08293,PASS,PASS,FAIL,PASS,PASS,86
CF08294,PASS,PASS,FAIL,PASS,PASS,66
CF08295,PASS,PASS,FAIL,PASS,PASS,88
CF08296,PASS,FAIL,PASS,FAIL,FAIL,88
CF08297,PASS,FAIL,FAIL,FAIL,FAIL,97
CF08298,PASS,FAIL,PASS,PASS,FAIL,69
CF08299,PASS,FAIL,PASS,PASS,PASS,86
CF08300,FAIL,PASS,FAIL,FAIL,FAIL,97
CF08301,PASS,FAIL,PASS,FAIL,PASS,99
CF08302,FAIL,PASS,PASS,FAIL,PASS,64
CF08303,FAIL,PASS,FAIL,PASS,PASS,76
CF08304,FAIL,FAIL,FAIL,FAIL,FAIL,79
CF08305,FAIL,FAIL,PASS,FAIL,PASS,83
CF08306,FAIL,FAIL,PASS,PASS,PASS,98
CF08307,PASS,PASS,PASS,FAIL,FAIL,95
CF08308,FAIL,PASS,FAIL,PASS,PASS,85
CF08309,FAIL,FAIL,PASS,PASS,PASS,64
CF08310,PASS,FAIL,FAIL,FAIL,PASS,89
CF08311,FAIL,FAIL,FAIL,PASS,PASS,87
CF08312,PASS,FAIL,FAIL,PASS,PASS,82
CF08313,FAIL,FAIL,PASS,FAIL,FAIL,98
CF08314,PASS,PASS,PASS,FAIL,FAIL,85
CF08315,FAIL,FAIL,FAIL,FAIL,PASS,67
CF08316,FAIL,FAIL,PASS,FAIL,PASS,91
CF08317,PASS,FAIL,FAIL,FAIL,FAIL,97
CF08318,FAIL,PASS,PASS,FAIL,FAIL,76
CF08319,FAIL,FAIL,PASS,PASS,FAIL,90
CF08320,FAIL,FAIL,FAIL,PASS,FAIL,94
CF08321,PASS,FAIL,PASS,PASS,FAIL,91
CF08322,PASS,PASS,FAIL,PASS,FAIL,93
CF08323,FAIL,FAIL,PASS,FAIL,PASS,76
CF08324,FAIL,FAIL,FAIL,PASS,PASS,92
CF08325,PASS,PASS,FAIL,FAIL,PASS,67
CF08326,PASS,FAIL,FAIL,PASS,FAIL,87
CF08327,PASS,PASS,FAIL,FAIL,PASS,63
CF08328,PASS,FAIL,FAIL,PASS,FAIL,73
CF08329,PASS,FAIL,FAIL,FAIL,FAIL,74
CF08330,PASS,PASS,PASS,FAIL,PASS,77
CF08331,PASS,PASS,PASS,FAIL,FAIL,67
CF08332,FAIL,PASS,PASS,PASS,FAIL,82
CF08333,PASS,PASS,PASS,FAIL,PASS,88
CF08334,PASS,PASS,PASS,FAIL,FAIL,62
CF08335,FAIL,FAIL,PASS,PASS,FAIL,62
CF08336,FAIL,PASS,FAIL,FAIL,FAIL,66
CF08337,PASS,FAIL,PASS,PASS,PASS,61
CF08338,PASS,PASS,FAIL,PASS,PASS,63
CF08339,PASS,FAIL,PASS,PASS,PASS,85
CF08340,FAIL,FAIL,FAIL,PASS,FAIL,77
CF08341,PASS,FAIL,FAIL,FAIL,PASS,82
CF08342,PASS,FAIL,PASS,PASS,PASS,81
CF08343,FAIL,FAIL,FAIL,FAIL,PASS,69
CF08344,FAIL,PASS,PASS,PASS,FAIL,61
CF08345,FAIL,FAIL,PASS,PASS,PASS,92
CF08346,FAIL,PASS,FAIL,FAIL,PASS,98
CF08347,FAIL,PASS,PASS,FAIL,PASS,75
CF08348,PASS,FAIL,PASS,PASS,FAIL,83
CF08349,FAIL,FAIL,FAIL,PASS,FAIL,93
CF08350,FAIL,FAIL,FAIL,PASS,FAIL,63
CF08351,PASS,PASS,PASS,PASS,FAIL,79
CF08352,FAIL,PASS,FAIL,FAIL,FAIL,81
CF08353,FAIL,FAIL,FAIL,FAIL,FAIL,90
CF08354,FAIL,FAIL,FAIL,PASS,FAIL,97
CF08355,PASS,FAIL,FAIL,FAIL,FAIL,67
CF08356,FAIL,PASS,PASS,PASS,FAIL,89
CF08357,PASS,PASS,FAIL,FAIL,PASS,73
CF08358,FAIL,FAIL,FAIL,PASS,FAIL,79
CF08359,FAIL,PASS,PASS,FAIL,FAIL,66
CF08360,FAIL,PASS,FAIL,FAIL,FAIL,75
CF08361,PASS,PASS,PASS,FAIL,FAIL,69
CF08362,FAIL,FAIL,FAIL,PASS,PASS,92
CF08363,PASS,PASS,FAIL,PASS,PASS,95
CF08364,PASS,PASS,PASS,FAIL,PASS,98
CF08365,PASS,PASS,FAIL,PASS,PASS,81
CF08366,PASS,PASS,FAIL,FAIL,FAIL,64
CF08367,PASS,PASS,FAIL,FAIL,FAIL,90
CF08368,FAIL,FAIL,PASS,PASS,PASS,64
CF08369,PASS,FAIL,PASS,FAIL,PASS,64
CF08370,FAIL,FAIL,PASS,FAIL,PASS,61
CF08371,FAIL,FAIL,PASS,PASS,PASS,61
CF08372,PASS,PASS,FAIL,PASS,FAIL,82
CF08373,PASS,FAIL,PASS,PASS,FAIL,80
CF08374,FAIL,PASS,PASS,FAIL,PASS,83
CF08375,FAIL,PASS,FAIL,FAIL,FAIL,95
CF08376,PASS,PASS,PASS,FAIL,FAIL,85
CF08377,FAIL,PASS,FAIL,PASS,FAIL,86
CF08378,FAIL,FAIL,PASS,FAIL,FAIL,73
CF08379,FAIL,FAIL,FAIL,PASS,FAIL,95
CF08380,FAIL,FAIL,FAIL,FAIL,PASS,93
CF08381,PASS,PASS,PASS,PASS,FAIL,61
CF08382,FAIL,FAIL,PASS,FAIL,PASS,82
CF08383,FAIL,FAIL,FAIL,PASS,FAIL,84
CF08384,FAIL,PASS,PASS,FAIL,PASS,64
CF08385,PASS,FAIL,PASS,FAIL,PASS,68
CF08386,FAIL,FAIL,FAIL,FAIL,PASS,78
CF08387,FAIL,PASS,FAIL,FAIL,PASS,71
CF08388,PASS,PASS,PASS,PASS,FAIL,94
CF08389,FAIL,FAIL,FAIL,FAIL,FAIL,62
CF08390,FAIL,FAIL,FAIL,PASS,PASS,81
CF08391,PASS,FAIL,FAIL,FAIL,FAIL,81
CF08392,FAIL,PASS,FAIL,PASS,PASS,62
CF08393,PASS,PASS,FAIL,FAIL,FAIL,92
CF08394,FAIL,FAIL,FAIL,PASS,PASS,62
CF08395,PASS,FAIL,FAIL,FAIL,FAIL,99
CF08396,PASS,PASS,PASS,FAIL,FAIL,79
CF08397,PASS,FAIL,FAIL,PASS,PASS,75
CF08398,PASS,FAIL,FAIL,PASS,FAIL,81
CF08399,PASS,PASS,PASS,FAIL,PASS,79
CF08400,FAIL,PASS,FAIL,FAIL,PASS,69
CF08401,FAIL,FAIL,PASS,PASS,FAIL,76
CF08402,PASS,FAIL,FAIL,PASS,PASS,64
CF08403,FAIL,FAIL,PASS,PASS,FAIL,70
CF08404,FAIL,FAIL,FAIL,PASS,PASS,90
CF08405,PASS,PASS,PASS,PASS,FAIL,65
CF08406,PASS,FAIL,FAIL,FAIL,FAIL,70
CF08407,PASS,PASS,FAIL,PASS,PASS,63
CF08408,FAIL,PASS,PASS,PASS,FAIL,99
CF08409,FAIL,FAIL,PASS,PASS,PASS,60
CF08410,PASS,PASS,PASS,FAIL,FAIL,96
CF08411,PASS,PASS,PASS,FAIL,FAIL,98
CF08412,PASS,PASS,PASS,FAIL,FAIL,75
CF08413,PASS,FAIL,PASS,PASS,PASS,78
CF08414,FAIL,PASS,PASS,FAIL,PASS,95
CF08415,PASS,PASS,PASS,PASS,FAIL,88
CF08416,PASS,FAIL,PASS,PASS,FAIL,72
CF08417,FAIL,PASS,FAIL,PASS,FAIL,65
CF08418,PASS,FAIL,FAIL,PASS,PASS,89
CF08419,FAIL,FAIL,FAIL,PASS,PASS,88
CF08420,FAIL,PASS,FAIL,PASS,FAIL,84
CF08421,PASS,FAIL,FAIL,FAIL,PASS,91
CF08422,PASS,PASS,FAIL,FAIL,PASS,81
CF08423,PASS,PASS,FAIL,FAIL,PASS,97
CF08424,PASS,PASS,PASS,PASS,PASS,66
CF08425,PASS,FAIL,FAIL,PASS,FAIL,91
CF08426,FAIL,PASS,PASS,PASS,FAIL,98
CF08427,FAIL,FAIL,FAIL,FAIL,PASS,70
CF08428,PASS,FAIL,FAIL,FAIL,FAIL,85
CF08429,PASS,PASS,FAIL,PASS,FAIL,77
CF08430,PASS,FAIL,PASS,FAIL,PASS,77
CF08431,FAIL,FAIL,PASS,PASS,PASS,74
CF08432,FAIL,FAIL,PASS,PASS,PASS,60
CF08433,FAIL,FAIL,FAIL,FAIL,FAIL,85
CF08434,PASS,FAIL,FAIL,PASS,FAIL,80
CF08435,PASS,FAIL,PASS,PASS,PASS,80
CF08436,FAIL,FAIL,PASS,PASS,FAIL,84
CF08437,PASS,PASS,FAIL,PASS,PASS,77
CF08438,PASS,FAIL,PASS,PASS,PASS,61
CF08439,FAIL,FAIL,FAIL,FAIL,PASS,73
CF08440,FAIL,FAIL,FAIL,PASS,FAIL,83
CF08441,FAIL,PASS,FAIL,FAIL,FAIL,81
CF08442,FAIL,PASS,FAIL,PASS,FAIL,82
CF08443,FAIL,FAIL,FAIL,FAIL,PASS,85
CF08444,FAIL,FAIL,PASS,FAIL,FAIL,95
CF08445,PASS,FAIL,PASS,PASS,FAIL,87
CF08446,FAIL,PASS,PASS,PASS,FAIL,89
CF08447,PASS,FAIL,PASS,FAIL,FAIL,97
CF08448,FAIL,PASS,FAIL,PASS,PASS,76
CF08449,FAIL,PASS,PASS,PASS,PASS,84
CF08450,PASS,FAIL,PASS,PASS,PASS,93
CF08451,PASS,FAIL,FAIL,PASS,FAIL,63
CF08452,FAIL,PASS,PASS,PASS,PASS,87
CF08453,FAIL,PASS,PASS,FAIL,FAIL,78
CF08454,FAIL,PASS,FAIL,PASS,PASS,91
CF08455,PASS,FAIL,FAIL,PASS,FAIL,69
CF08456,FAIL,PASS,PASS,PASS,FAIL,88
CF08457,FAIL,PASS,FAIL,PASS,PASS,73
CF08458,PASS,PASS,FAIL,PASS,FAIL,67
CF08459,PASS,PASS,FAIL,FAIL,PASS,66
CF08460,FAIL,PASS,PASS,FAIL,PASS,92
CF08461,FAIL,FAIL,FAIL,FAIL,PASS,63
CF08462,FAIL,FAIL,FAIL,FAIL,PASS,74
CF08463,FAIL,FAIL,FAIL,FAIL,FAIL,87
CF08464,FAIL,PASS,FAIL,PASS,PASS,84
CF08465,FAIL,PASS,PASS,PASS,PASS,88
CF08466,FAIL,PASS,FAIL,FAIL,FAIL,94
CF08467,FAIL,PASS,PASS,FAIL,PASS,69
CF08468,FAIL,FAIL,PASS,FAIL,PASS,62
CF08469,FAIL,FAIL,FAIL,FAIL,FAIL,95
CF08470,FAIL,FAIL,PASS,PASS,FAIL,64
CF08471,PASS,FAIL,FAIL,FAIL,PASS,89
CF08472,FAIL,PASS,PASS,PASS,PASS,75
CF08473,FAIL,PASS,FAIL,FAIL,PASS,98
CF08474,FAIL,FAIL,PASS,FAIL,FAIL,78
CF08475,PASS,FAIL,FAIL,PASS,FAIL,65
CF08476,PASS,PASS,FAIL,PASS,PASS,62
CF08477,FAIL,FAIL,PASS,FAIL,FAIL,76
CF08478,FAIL,PASS,FAIL,FAIL,PASS,99
CF08479,FAIL,FAIL,FAIL,PASS,PASS,90
CF08480,FAIL,PASS,PASS,PASS,FAIL,67
CF08481,PASS,PASS,FAIL,PASS,FAIL,70
CF08482,FAIL,FAIL,PASS,FAIL,PASS,89
CF08483,PASS,PASS,FAIL,PASS,PASS,89
CF08484,FAIL,FAIL,FAIL,PASS,FAIL,87
CF08485,FAIL,PASS,FAIL,PASS,PASS,65
CF08486,FAIL,FAIL,FAIL,FAIL,FAIL,72
CF08487,FAIL,FAIL,FAIL,PASS,FAIL,72
CF08488,PASS,FAIL,PASS,FAIL,PASS,92
CF08489,FAIL,FAIL,PASS,FAIL,FAIL,73
CF08490,FAIL,FAIL,FAIL,PASS,FAIL,73
CF08491,PASS,FAIL,PASS,FAIL,PASS,88
CF08492,PASS,FAIL,FAIL,PASS,FAIL,69
CF08493,FAIL,PASS,PASS,PASS,PASS,85
CF08494,PASS,FAIL,PASS,PASS,FAIL,70
CF08495,FAIL,PASS,FAIL,FAIL,FAIL,80
CF08496,FAIL,PASS,PASS,PASS,FAIL,86
CF08497,FAIL,PASS,PASS,FAIL,PASS,85
CF08498,FAIL,PASS,PASS,PASS,PASS,87
CF08499,PASS,PASS,PASS,PASS,FAIL,94
CF08500,PASS,PASS,PASS,FAIL,FAIL,98
CF08501,FAIL,PASS,PASS,PASS,PASS,82
CF08502,PASS,PASS,FAIL,PASS,FAIL,69
CF08503,FAIL,PASS,FAIL,FAIL,FAIL,73
CF08504,PASS,FAIL,FAIL,FAIL,PASS,80
CF08505,PASS,PASS,FAIL,PASS,FAIL,87
CF08506,FAIL,FAIL,PASS,FAIL,FAIL,81
CF08507,FAIL,PASS,PASS,PASS,FAIL,94
CF08508,FAIL,PASS,PASS,FAIL,PASS,84
CF08509,PASS,FAIL,FAIL,FAIL,PASS,93
CF08510,PASS,FAIL,PASS,PASS,FAIL,68
CF08511,PASS,PASS,FAIL,FAIL,PASS,67
CF08512,PASS,PASS,PASS,PASS,PASS,68
CF08513,FAIL,PASS,PASS,PASS,PASS,62
CF08514,FAIL,PASS,FAIL,PASS,FAIL,68
CF08515,PASS,FAIL,FAIL,FAIL,FAIL,82
CF08516,PASS,PASS,PASS,FAIL,PASS,60
CF08517,FAIL,FAIL,PASS,PASS,PASS,72
CF08518,FAIL,FAIL,PASS,FAIL,PASS,80
CF08519,PASS,PASS,PASS,FAIL,PASS,64
CF08520,FAIL,FAIL,PASS,PASS,FAIL,89
CF08521,FAIL,PASS,PASS,FAIL,PASS,66
CF08522,PASS,FAIL,PASS,PASS,FAIL,64
CF08523,FAIL,FAIL,PASS,FAIL,PASS,91
CF08524,FAIL,PASS,PASS,FAIL,FAIL,75
CF08525,FAIL,PASS,PASS,FAIL,FAIL,92
CF08526,PASS,PASS,FAIL,FAIL,FAIL,86
CF08527,PASS,PASS,FAIL,PASS,FAIL,95
CF08528,PASS,PASS,FAIL,PASS,FAIL,99
CF08529,FAIL,FAIL,PASS,FAIL,PASS,73
CF08530,FAIL,PASS,FAIL,PASS,PASS,70
CF08531,FAIL,PASS,FAIL,FAIL,FAIL,93
CF08532,FAIL,FAIL,PASS,PASS,PASS,89
CF08533,FAIL,PASS,FAIL,FAIL,PASS,96
CF08534,PASS,PASS,FAIL,PASS,FAIL,76
CF08535,FAIL,PASS,PASS,PASS,FAIL,92
CF08536,FAIL,FAIL,FAIL,FAIL,PASS,76
CF08537,PASS,PASS,PASS,FAIL,FAIL,83
CF08538,FAIL,FAIL,FAIL,PASS,FAIL,69
CF08539,FAIL,PASS,PASS,PASS,PASS,95
CF08540,FAIL,PASS,PASS,PASS,FAIL,83
CF08541,FAIL,FAIL,PASS,PASS,FAIL,73
CF08542,PASS,FAIL,FAIL,FAIL,FAIL,91
CF08543,PASS,FAIL,FAIL,FAIL,FAIL,95
CF08544,PASS,FAIL,FAIL,FAIL,FAIL,70
CF08545,FAIL,PASS,PASS,FAIL,FAIL,77
CF08546,PASS,FAIL,PASS,FAIL,FAIL,64
CF08547,FAIL,FAIL,PASS,FAIL,FAIL,87
CF08548,PASS,PASS,PASS,PASS,PASS,89
CF08549,FAIL,FAIL,FAIL,FAIL,PASS,80
CF08550,FAIL,FAIL,FAIL,FAIL,FAIL,73
CF08551,PASS,FAIL,PASS,FAIL,FAIL,96
CF08552,FAIL,FAIL,PASS,PASS,FAIL,83
CF08553,PASS,PASS,PASS,FAIL,FAIL,99
CF08554,FAIL,FAIL,FAIL,FAIL,FAIL,70
CF08555,FAIL,FAIL,FAIL,PASS,FAIL,68
CF08556,PASS,FAIL,FAIL,FAIL,PASS,73
CF08557,FAIL,FAIL,PASS,FAIL,PASS,86
CF08558,PASS,PASS,FAIL,PASS,FAIL,80
CF08559,FAIL,PASS,FAIL,PASS,PASS,83
CF08560,PASS,FAIL,PASS,FAIL,FAIL,77
CF08561,FAIL,FAIL,FAIL,PASS,PASS,68
CF08562,PASS,PASS,FAIL,PASS,FAIL,91
CF08563,FAIL,FAIL,PASS,FAIL,FAIL,98
CF08564,PASS,PASS,PASS,PASS,FAIL,99
CF08565,FAIL,FAIL,PASS,PASS,PASS,90
CF08566,PASS,FAIL,PASS,FAIL,FAIL,86
CF08567,PASS,FAIL,FAIL,FAIL,PASS,83
CF08568,FAIL,FAIL,PASS,PASS,FAIL,85
CF08569,PASS,PASS,FAIL,PASS,FAIL,81
CF08570,PASS,PASS,PASS,PASS,FAIL,64
CF08571,PASS,FAIL,PASS,FAIL,PASS,81
CF08572,FAIL,FAIL,PASS,PASS,FAIL,86
CF08573,FAIL,FAIL,FAIL,FAIL,PASS,62
CF08574,PASS,PASS,FAIL,FAIL,FAIL,88
CF08575,PASS,PASS,FAIL,PASS,FAIL,72
CF08576,FAIL,FAIL,PASS,FAIL,PASS,68
CF08577,FAIL,FAIL,FAIL,PASS,PASS,87
CF08578,FAIL,FAIL,FAIL,FAIL,FAIL,80
CF08579,FAIL,PASS,FAIL,PASS,FAIL,63
CF08580,FAIL,PASS,FAIL,PASS,FAIL,79
CF08581,PASS,PASS,PASS,FAIL,FAIL,72
CF08582,FAIL,PASS,PASS,PASS,PASS,92
CF08583,PASS,FAIL,PASS,FAIL,FAIL,94
CF08584,PASS,FAIL,PASS,PASS,FAIL,61
CF08585,FAIL,FAIL,PASS,PASS,FAIL,79
CF08586,PASS,FAIL,FAIL,FAIL,PASS,82
CF08587,FAIL,FAIL,FAIL,FAIL,PASS,67
CF08588,FAIL,FAIL,FAIL,PASS,FAIL,64
CF08589,PASS,PASS,FAIL,FAIL,PASS,63
CF08590,FAIL,PASS,PASS,FAIL,PASS,98
CF08591,PASS,FAIL,PASS,PASS,FAIL,92
CF08592,PASS,FAIL,PASS,PASS,FAIL,78
CF08593,PASS,FAIL,PASS,FAIL,FAIL,94
CF08594,PASS,FAIL,FAIL,PASS,PASS,93
CF08595,PASS,PASS,PASS,FAIL,FAIL,96
CF08596,FAIL,FAIL,PASS,PASS,FAIL,69
CF08597,FAIL,FAIL,FAIL,PASS,PASS,96
CF08598,PASS,FAIL,FAIL,FAIL,PASS,63
CF08599,FAIL,FAIL,PASS,PASS,FAIL,98
CF08600,FAIL,PASS,PASS,FAIL,PASS,92
CF08601,FAIL,PASS,PASS,PASS,FAIL,84
CF08602,FAIL,PASS,FAIL,FAIL,FAIL,64
CF08603,PASS,FAIL,FAIL,FAIL,FAIL,86
CF08604,PASS,PASS,PASS,FAIL,FAIL,66
CF08605,PASS,FAIL,PASS,FAIL,PASS,86
CF08606,PASS,PASS,PASS,PASS,FAIL,83
CF08607,PASS,FAIL,FAIL,FAIL,PASS,73
CF08608,FAIL,FAIL,PASS,PASS,FAIL,89
CF08609,PASS,FAIL,PASS,FAIL,FAIL,60
CF08610,FAIL,FAIL,PASS,PASS,PASS,97
CF08611,PASS,PASS,FAIL,PASS,PASS,81
CF08612,PASS,PASS,PASS,FAIL,FAIL,78
CF08613,PASS,PASS,FAIL,FAIL,PASS,65
CF08614,FAIL,FAIL,FAIL,FAIL,PASS,80
CF08615,FAIL,FAIL,PASS,FAIL,FAIL,72
CF08616,PASS,FAIL,FAIL,PASS,PASS,79
CF08617,PASS,FAIL,FAIL,FAIL,FAIL,65
CF08618,FAIL,PASS,PASS,PASS,FAIL,86
CF08619,PASS,PASS,FAIL,FAIL,FAIL,84
CF08620,PASS,FAIL,FAIL,FAIL,FAIL,78
CF08621,PASS,PASS,FAIL,FAIL,PASS,84
CF08622,FAIL,FAIL,FAIL,FAIL,PASS,93
CF08623,FAIL,PASS,FAIL,FAIL,FAIL,86
CF08624,FAIL,PASS,PASS,PASS,FAIL,85
CF08625,FAIL,FAIL,PASS,PASS,PASS,92
CF08626,PASS,PASS,PASS,PASS,FAIL,62
CF08627,FAIL,FAIL,PASS,PASS,FAIL,78
CF08628,PASS,PASS,PASS,PASS,PASS,98
CF08629,PASS,FAIL,FAIL,PASS,FAIL,76
CF08630,PASS,FAIL,PASS,FAIL,FAIL,91
CF08631,FAIL,FAIL,FAIL,PASS,PASS,97
CF08632,FAIL,FAIL,FAIL,FAIL,PASS,66
CF08633,PASS,FAIL,FAIL,FAIL,PASS,74
CF08634,FAIL,PASS,PASS,PASS,PASS,74
CF08635,PASS,FAIL,FAIL,PASS,FAIL,83
CF08636,PASS,FAIL,FAIL,PASS,PASS,74
CF08637,FAIL,FAIL,FAIL,PASS,FAIL,60
CF08638,FAIL,FAIL,FAIL,PASS,FAIL,90
CF08639,PASS,FAIL,FAIL,FAIL,PASS,67
CF08640,PASS,FAIL,FAIL,PASS,PASS,60
CF08641,FAIL,PASS,PASS,FAIL,FAIL,62
CF08642,FAIL,FAIL,PASS,FAIL,PASS,60
CF08643,PASS,PASS,FAIL,FAIL,PASS,92
CF08644,FAIL,FAIL,FAIL,PASS,FAIL,82
CF08645,PASS,FAIL,FAIL,FAIL,PASS,71
CF08646,FAIL,FAIL,FAIL,FAIL,PASS,89
CF08647,FAIL,PASS,PASS,PASS,FAIL,80
CF08648,FAIL,FAIL,PASS,FAIL,FAIL,84
CF08649,PASS,FAIL,PASS,PASS,FAIL,73
CF08650,PASS,FAIL,FAIL,FAIL,PASS,69
CF08651,PASS,PASS,FAIL,FAIL,FAIL,76
CF08652,PASS,PASS,PASS,PASS,PASS,70
CF08653,PASS,FAIL,FAIL,PASS,PASS,96
CF08654,FAIL,FAIL,PASS,FAIL,FAIL,65
CF08655,PASS,PASS,PASS,FAIL,FAIL,85
CF08656,FAIL,PASS,FAIL,PASS,PASS,91
CF08657,FAIL,PASS,FAIL,FAIL,FAIL,86
CF08658,PASS,FAIL,FAIL,PASS,FAIL,84
CF08659,FAIL,PASS,FAIL,PASS,FAIL,92
CF08660,FAIL,PASS,PASS,PASS,PASS,90
CF08661,FAIL,PASS,FAIL,FAIL,PASS,71
CF08662,PASS,FAIL,FAIL,PASS,FAIL,82
CF08663,FAIL,FAIL,PASS,PASS,PASS,67
CF08664,FAIL,FAIL,PASS,PASS,FAIL,73
CF08665,FAIL,FAIL,FAIL,PASS,PASS,61
CF08666,PASS,PASS,PASS,PASS,FAIL,76
CF08667,PASS,PASS,PASS,PASS,FAIL,99
CF08668,FAIL,PASS,FAIL,FAIL,PASS,67
CF08669,PASS,PASS,PASS,FAIL,FAIL,85
CF08670,FAIL,PASS,PASS,FAIL,PASS,83
CF08671,FAIL,PASS,FAIL,FAIL,PASS,98
CF08672,PASS,FAIL,PASS,FAIL,PASS,74
CF08673,PASS,FAIL,PASS,FAIL,PASS,98
CF08674,PASS,PASS,FAIL,PASS,FAIL,78
CF08675,PASS,FAIL,PASS,FAIL,PASS,60
CF08676,FAIL,PASS,PASS,FAIL,FAIL,70
CF08677,FAIL,FAIL,FAIL,FAIL,PASS,91
CF08678,FAIL,FAIL,PASS,FAIL,FAIL,82
CF08679,FAIL,FAIL,PASS,PASS,PASS,92
CF08680,FAIL,PASS,PASS,FAIL,PASS,93
CF08681,FAIL,PASS,PASS,FAIL,PASS,90
CF08682,PASS,PASS,FAIL,PASS,FAIL,87
CF08683,FAIL,PASS,PASS,PASS,FAIL,75
CF08684,PASS,PASS,PASS,PASS,PASS,87
CF08685,PASS,PASS,PASS,PASS,PASS,91
CF08686,PASS,FAIL,PASS,PASS,FAIL,98
CF08687,FAIL,FAIL,FAIL,PASS,PASS,84
CF08688,PASS,FAIL,PASS,FAIL,FAIL,89
CF08689,FAIL,PASS,FAIL,PASS,PASS,79
CF08690,PASS,PASS,PASS,PASS,PASS,79
CF08691,PASS,FAIL,PASS,PASS,PASS,76
CF08692,FAIL,PASS,FAIL,FAIL,PASS,86
CF08693,FAIL,FAIL,FAIL,PASS,PASS,80
CF08694,PASS,FAIL,PASS,PASS,FAIL,68
CF08695,FAIL,FAIL,FAIL,PASS,FAIL,71
CF08696,PASS,FAIL,FAIL,FAIL,FAIL,87
CF08697,PASS,PASS,PASS,PASS,PASS,97
CF08698,FAIL,FAIL,FAIL,FAIL,PASS,88
CF08699,FAIL,FAIL,FAIL,PASS,PASS,94
CF08700,PASS,PASS,PASS,PASS,FAIL,66
CF08701,PASS,PASS,FAIL,FAIL,FAIL,81
CF08702,PASS,FAIL,FAIL,PASS,FAIL,60
CF08703,FAIL,FAIL,FAIL,FAIL,FAIL,64
CF08704,PASS,FAIL,FAIL,PASS,FAIL,91
CF08705,FAIL,PASS,PASS,FAIL,PASS,79
CF08706,FAIL,PASS,FAIL,FAIL,PASS,64
CF08707,FAIL,PASS,FAIL,FAIL,PASS,88
CF08708,FAIL,FAIL,PASS,PASS,FAIL,65
CF08709,PASS,FAIL,PASS,FAIL,FAIL,94
CF08710,PASS,PASS,FAIL,FAIL,FAIL,77
CF08711,PASS,PASS,FAIL,FAIL,PASS,69
CF08712,FAIL,PASS,PASS,PASS,FAIL,85
CF08713,FAIL,FAIL,FAIL,FAIL,PASS,60
CF08714,FAIL,PASS,PASS,FAIL,PASS,98
CF08715,PASS,PASS,PASS,FAIL,FAIL,74
CF08716,FAIL,PASS,FAIL,PASS,FAIL,67
CF08717,FAIL,PASS,PASS,FAIL,PASS,63
CF08718,FAIL,PASS,FAIL,PASS,FAIL,77
CF08719,PASS,FAIL,PASS,FAIL,PASS,69
CF08720,PASS,FAIL,PASS,PASS,PASS,82
CF08721,FAIL,FAIL,PASS,FAIL,PASS,78
CF08722,PASS,PASS,FAIL,FAIL,PASS,91
CF08723,PASS,PASS,FAIL,FAIL,PASS,94
CF08724,PASS,PASS,PASS,FAIL,FAIL,73
CF08725,FAIL,FAIL,PASS,FAIL,FAIL,62
CF08726,FAIL,FAIL,FAIL,PASS,PASS,87
CF08727,PASS,PASS,PASS,PASS,PASS,98
CF08728,FAIL,PASS,FAIL,PASS,FAIL,96
CF08729,FAIL,FAIL,PASS,PASS,PASS,65
CF08730,PASS,FAIL,FAIL,FAIL,FAIL,67
CF08731,PASS,FAIL,PASS,FAIL,FAIL,76
CF08732,PASS,FAIL,PASS,FAIL,PASS,87
CF08733,PASS,PASS,FAIL,FAIL,PASS,64
CF08734,FAIL,PASS,FAIL,FAIL,FAIL,73
CF08735,PASS,FAIL,FAIL,FAIL,FAIL,87
CF08736,PASS,PASS,PASS,FAIL,FAIL,63
CF08737,FAIL,PASS,FAIL,PASS,PASS,98
CF08738,PASS,PASS,PASS,FAIL,PASS,75
CF08739,PASS,PASS,FAIL,FAIL,FAIL,77
CF08740,FAIL,FAIL,PASS,FAIL,FAIL,85
CF08741,PASS,PASS,FAIL,PASS,PASS,77
CF08742,PASS,PASS,FAIL,PASS,FAIL,87
CF08743,FAIL,FAIL,PASS,FAIL,PASS,81
CF08744,FAIL,FAIL,FAIL,PASS,PASS,94
CF08745,FAIL,FAIL,FAIL,PASS,PASS,82
CF08746,PASS,PASS,FAIL,PASS,FAIL,86
CF08747,FAIL,FAIL,PASS,FAIL,FAIL,94
CF08748,PASS,PASS,FAIL,FAIL,FAIL,81
CF08749,FAIL,PASS,PASS,PASS,FAIL,82
CF08750,FAIL,FAIL,PASS,PASS,FAIL,69
CF08751,FAIL,FAIL,FAIL,FAIL,PASS,72
CF08752,FAIL,PASS,FAIL,PASS,FAIL,91
CF08753,PASS,FAIL,FAIL,PASS,FAIL,74
CF08754,PASS,PASS,FAIL,PASS,FAIL,86
CF08755,PASS,PASS,PASS,PASS,PASS,80
CF08756,PASS,FAIL,FAIL,FAIL,PASS,63
CF08757,PASS,PASS,PASS,FAIL,FAIL,86
CF08758,FAIL,PASS,FAIL,PASS,FAIL,92
CF08759,FAIL,PASS,PASS,PASS,FAIL,92
CF08760,FAIL,PASS,FAIL,PASS,PASS,95
CF08761,PASS,PASS,PASS,FAIL,FAIL,86
CF08762,FAIL,PASS,FAIL,PASS,FAIL,76
CF08763,PASS,PASS,PASS,PASS,PASS,77
CF08764,FAIL,FAIL,PASS,PASS,FAIL,72
CF08765,PASS,FAIL,PASS,FAIL,PASS,82
CF08766,FAIL,FAIL,FAIL,PASS,FAIL,90
CF08767,FAIL,PASS,PASS,FAIL,PASS,62
CF08768,FAIL,FAIL,PASS,FAIL,FAIL,80
CF08769,PASS,PASS,FAIL,PASS,PASS,71
CF08770,FAIL,FAIL,PASS,PASS,PASS,76
CF08771,FAIL,FAIL,FAIL,PASS,PASS,83
CF08772,PASS,FAIL,PASS,PASS,PASS,70
CF08773,PASS,FAIL,PASS,FAIL,PASS,73
CF08774,PASS,FAIL,PASS,PASS,FAIL,70
CF08775,FAIL,PASS,FAIL,PASS,PASS,98
CF08776,PASS,PASS,PASS,FAIL,PASS,83
CF08777,PASS,PASS,PASS,PASS,FAIL,95
CF08778,PASS,FAIL,FAIL,PASS,PASS,82
CF08779,PASS,FAIL,FAIL,FAIL,FAIL,75
CF08780,FAIL,FAIL,PASS,PASS,FAIL,67
CF08781,FAIL,PASS,PASS,PASS,FAIL,69
CF08782,PASS,FAIL,FAIL,PASS,FAIL,82
CF08783,FAIL,PASS,PASS,PASS,PASS,60
CF08784,PASS,FAIL,FAIL,PASS,FAIL,84
CF08785,PASS,FAIL,FAIL,FAIL,FAIL,95
CF08786,FAIL,PASS,PASS,PASS,PASS,72
CF08787,PASS,FAIL,PASS,FAIL,FAIL,63
CF08788,FAIL,FAIL,FAIL,FAIL,PASS,84
CF08789,PASS,PASS,PASS,FAIL,FAIL,85
CF08790,FAIL,FAIL,PASS,FAIL,FAIL,80
CF08791,FAIL,FAIL,FAIL,PASS,FAIL,92
CF08792,PASS,PASS,FAIL,FAIL,FAIL,63
CF08793,PASS,PASS,FAIL,FAIL,PASS,73
CF08794,PASS,FAIL,PASS,FAIL,PASS,80
CF08795,PASS,PASS,FAIL,FAIL,FAIL,74
CF08796,FAIL,PASS,FAIL,FAIL,PASS,69
CF08797,PASS,FAIL,PASS,PASS,PASS,74
CF08798,PASS,FAIL,PASS,FAIL,FAIL,77
CF08799,FAIL,PASS,PASS,FAIL,FAIL,99
CF08800,FAIL,PASS,PASS,FAIL,PASS,91
CF08801,PASS,FAIL,FAIL,FAIL,FAIL,81
CF08802,PASS,PASS,FAIL,PASS,PASS,64
CF08803,FAIL,FAIL,FAIL,FAIL,FAIL,82
CF08804,PASS,PASS,PASS,PASS,PASS,72
CF08805,PASS,FAIL,FAIL,PASS,PASS,82
CF08806,PASS,PASS,PASS,FAIL,FAIL,68
CF08807,FAIL,FAIL,FAIL,PASS,FAIL,67
CF08808,FAIL,PASS,FAIL,PASS,PASS,82
CF08809,FAIL,PASS,FAIL,PASS,FAIL,65
CF08810,PASS,PASS,PASS,FAIL,FAIL,70
CF08811,PASS,FAIL,PASS,FAIL,PASS,83
CF08812,FAIL,PASS,FAIL,PASS,PASS,75
CF08813,FAIL,PASS,PASS,PASS,FAIL,95
CF08814,FAIL,PASS,PASS,PASS,FAIL,90
CF08815,PASS,PASS,FAIL,FAIL,FAIL,71
CF08816,FAIL,PASS,FAIL,PASS,PASS,96
CF08817,PASS,FAIL,PASS,PASS,FAIL,76
CF08818,FAIL,FAIL,PASS,FAIL,FAIL,88
CF08819,FAIL,FAIL,PASS,PASS,PASS,84
CF08820,FAIL,PASS,PASS,FAIL,FAIL,97
CF08821,PASS,PASS,PASS,PASS,FAIL,86
CF08822,FAIL,PASS,PASS,PASS,FAIL,76
CF08823,FAIL,PASS,PASS,PASS,FAIL,89
CF08824,FAIL,FAIL,PASS,FAIL,PASS,74
CF08825,FAIL,FAIL,PASS,PASS,PASS,61
CF08826,PASS,PASS,PASS,FAIL,PASS,98
CF08827,PASS,FAIL,FAIL,FAIL,PASS,74
CF08828,FAIL,PASS,PASS,FAIL,FAIL,81
CF08829,PASS,PASS,PASS,PASS,FAIL,95
CF08830,PASS,FAIL,PASS,FAIL,PASS,79
CF08831,PASS,FAIL,FAIL,PASS,PASS,87
CF08832,PASS,FAIL,PASS,FAIL,FAIL,86
CF08833,PASS,FAIL,PASS,PASS,FAIL,92
CF08834,PASS,FAIL,PASS,FAIL,PASS,64
CF08835,PASS,PASS,PASS,PASS,FAIL,75
CF08836,PASS,FAIL,FAIL,FAIL,FAIL,80
CF08837,PASS,FAIL,PASS,FAIL,FAIL,60
CF08838,FAIL,FAIL,PASS,FAIL,FAIL,81
CF08839,PASS,FAIL,FAIL,FAIL,FAIL,98
CF08840,FAIL,FAIL,PASS,FAIL,PASS,75
CF08841,FAIL,FAIL,PASS,PASS,FAIL,65
CF08842,PASS,FAIL,PASS,PASS,FAIL,86
CF08843,PASS,PASS,PASS,FAIL,PASS,73
CF08844,PASS,FAIL,PASS,PASS,PASS,99
CF08845,PASS,FAIL,FAIL,PASS,PASS,64
CF08846,FAIL,PASS,PASS,PASS,PASS,63
CF08847,FAIL,PASS,FAIL,FAIL,PASS,75
CF08848,PASS,FAIL,FAIL,PASS,FAIL,94
CF08849,FAIL,PASS,PASS,PASS,PASS,90
CF08850,FAIL,FAIL,FAIL,FAIL,PASS,60
CF08851,PASS,FAIL,FAIL,PASS,PASS,95
CF08852,FAIL,PASS,PASS,PASS,FAIL,83
CF08853,PASS,FAIL,FAIL,PASS,FAIL,82
CF08854,FAIL,PASS,FAIL,FAIL,PASS,99
CF08855,FAIL,PASS,PASS,PASS,PASS,89
CF08856,PASS,FAIL,PASS,PASS,FAIL,81
CF08857,PASS,FAIL,PASS,FAIL,FAIL,65
CF08858,PASS,FAIL,FAIL,PASS,PASS,95
CF08859,FAIL,FAIL,FAIL,PASS,FAIL,87
CF08860,PASS,FAIL,FAIL,FAIL,FAIL,83
CF08861,FAIL,FAIL,PASS,FAIL,FAIL,89
CF08862,FAIL,PASS,FAIL,PASS,PASS,64
CF08863,PASS,PASS,FAIL,PASS,PASS,86
CF08864,PASS,FAIL,PASS,PASS,PASS,93
CF08865,FAIL,PASS,PASS,PASS,FAIL,67
CF08866,FAIL,PASS,FAIL,PASS,PASS,70
CF08867,PASS,FAIL,PASS,FAIL,PASS,88
CF08868,PASS,FAIL,FAIL,FAIL,FAIL,79
CF08869,FAIL,FAIL,FAIL,FAIL,PASS,71
CF08870,PASS,PASS,PASS,PASS,FAIL,67
CF08871,PASS,PASS,FAIL,PASS,FAIL,97
CF08872,PASS,PASS,PASS,FAIL,PASS,75
CF08873,PASS,PASS,PASS,FAIL,FAIL,87
CF08874,PASS,FAIL,FAIL,PASS,PASS,82
CF08875,FAIL,FAIL,FAIL,PASS,PASS,89
CF08876,PASS,FAIL,FAIL,FAIL,FAIL,78
CF08877,FAIL,FAIL,FAIL,PASS,FAIL,94
CF08878,PASS,PASS,FAIL,FAIL,PASS,87
CF08879,PASS,PASS,FAIL,PASS,PASS,99
CF08880,PASS,PASS,PASS,FAIL,PASS,60
CF08881,PASS,FAIL,FAIL,PASS,PASS,78
CF08882,FAIL,FAIL,PASS,FAIL,PASS,77
CF08883,PASS,FAIL,PASS,PASS,PASS,91
CF08884,PASS,PASS,PASS,PASS,PASS,85
CF08885,PASS,FAIL,PASS,FAIL,PASS,87
CF08886,FAIL,PASS,FAIL,FAIL,PASS,95
CF08887,PASS,PASS,FAIL,FAIL,PASS,77
CF08888,PASS,FAIL,FAIL,FAIL,FAIL,65
CF08889,FAIL,PASS,PASS,PASS,PASS,76
CF08890,FAIL,FAIL,FAIL,FAIL,FAIL,81
CF08891,PASS,FAIL,FAIL,PASS,FAIL,84
CF08892,PASS,PASS,FAIL,FAIL,PASS,73
CF08893,PASS,PASS,FAIL,FAIL,FAIL,66
CF08894,PASS,FAIL,FAIL,FAIL,PASS,68
CF08895,PASS,FAIL,PASS,FAIL,FAIL,68
CF08896,FAIL,FAIL,PASS,FAIL,FAIL,81
CF08897,FAIL,FAIL,PASS,FAIL,FAIL,83
CF08898,PASS,PASS,PASS,PASS,PASS,81
CF08899,FAIL,PASS,FAIL,FAIL,PASS,72
CF08900,PASS,PASS,PASS,PASS,PASS,72
CF08901,FAIL,PASS,FAIL,PASS,FAIL,84
CF08902,FAIL,PASS,PASS,PASS,FAIL,61
CF08903,FAIL,PASS,FAIL,FAIL,PASS,99
CF08904,PASS,FAIL,FAIL,FAIL,FAIL,62
CF08905,PASS,PASS,FAIL,PASS,FAIL,85
CF08906,FAIL,PASS,FAIL,PASS,FAIL,60
CF08907,PASS,FAIL,PASS,PASS,PASS,63
CF08908,PASS,PASS,FAIL,PASS,PASS,79
CF08909,PASS,FAIL,PASS,PASS,PASS,96
CF08910,PASS,PASS,PASS,PASS,FAIL,96
CF08911,PASS,FAIL,FAIL,FAIL,FAIL,85
CF08912,PASS,PASS,FAIL,PASS,PASS,74
CF08913,PASS,PASS,PASS,FAIL,FAIL,84
CF08914,FAIL,PASS,PASS,FAIL,PASS,75
CF08915,PASS,PASS,PASS,PASS,FAIL,73
CF08916,PASS,FAIL,FAIL,PASS,FAIL,65
CF08917,FAIL,PASS,FAIL,FAIL,PASS,80
CF08918,PASS,FAIL,FAIL,FAIL,PASS,65
CF08919,PASS,PASS,PASS,FAIL,FAIL,96
CF08920,FAIL,PASS,PASS,FAIL,PASS,74
CF08921,FAIL,PASS,PASS,FAIL,PASS,84
CF08922,FAIL,FAIL,FAIL,PASS,FAIL,97
CF08923,FAIL,PASS,PASS,PASS,FAIL,66
CF08924,FAIL,FAIL,FAIL,PASS,PASS,66
CF08925,FAIL,FAIL,FAIL,PASS,FAIL,87
CF08926,FAIL,PASS,FAIL,PASS,FAIL,70
CF08927,PASS,PASS,PASS,FAIL,FAIL,71
CF08928,PASS,PASS,FAIL,PASS,FAIL,64
CF08929,FAIL,FAIL,FAIL,FAIL,PASS,99
CF08930,FAIL,FAIL,FAIL,FAIL,FAIL,83
CF08931,FAIL,FAIL,PASS,PASS,FAIL,80
CF08932,PASS,FAIL,FAIL,FAIL,PASS,99
CF08933,PASS,PASS,PASS,FAIL,PASS,67
CF08934,FAIL,FAIL,FAIL,PASS,PASS,76
CF08935,PASS,FAIL,PASS,FAIL,FAIL,74
CF08936,PASS,FAIL,FAIL,FAIL,PASS,84
CF08937,PASS,FAIL,FAIL,PASS,FAIL,81
CF08938,FAIL,PASS,PASS,PASS,FAIL,62
CF08939,PASS,FAIL,FAIL,PASS,FAIL,87
CF08940,FAIL,PASS,PASS,FAIL,FAIL,96
CF08941,PASS,PASS,FAIL,PASS,FAIL,95
CF08942,FAIL,PASS,PASS,FAIL,FAIL,82
CF08943,FAIL,FAIL,FAIL,FAIL,FAIL,61
CF08944,FAIL,FAIL,PASS,PASS,PASS,62
CF08945,PASS,PASS,PASS,PASS,PASS,91
CF08946,PASS,FAIL,FAIL,FAIL,PASS,79
CF08947,FAIL,PASS,FAIL,PASS,FAIL,92
CF08948,PASS,FAIL,PASS,PASS,FAIL,87
CF08949,PASS,PASS,PASS,PASS,PASS,98
CF08950,PASS,PASS,PASS,PASS,PASS,80
CF08951,PASS,FAIL,FAIL,PASS,PASS,67
CF08952,FAIL,PASS,PASS,FAIL,PASS,72
CF08953,FAIL,FAIL,FAIL,FAIL,FAIL,70
CF08954,FAIL,PASS,PASS,FAIL,FAIL,80
CF08955,FAIL,FAIL,PASS,PASS,FAIL,86
CF08956,PASS,FAIL,FAIL,FAIL,PASS,76
CF08957,FAIL,PASS,FAIL,FAIL,FAIL,71
CF08958,FAIL,FAIL,PASS,FAIL,FAIL,95
CF08959,FAIL,PASS,PASS,PASS,FAIL,78
CF08960,FAIL,PASS,PASS,FAIL,PASS,98
CF08961,FAIL,FAIL,FAIL,FAIL,PASS,69
CF08962,PASS,PASS,PASS,PASS,FAIL,90
CF08963,FAIL,PASS,PASS,FAIL,FAIL,66
CF08964,FAIL,PASS,FAIL,FAIL,FAIL,86
CF08965,FAIL,PASS,PASS,FAIL,FAIL,75
CF08966,PASS,PASS,FAIL,PASS,FAIL,89
CF08967,PASS,FAIL,PASS,PASS,FAIL,64
CF08968,FAIL,PASS,PASS,FAIL,FAIL,98
CF08969,PASS,FAIL,FAIL,PASS,PASS,79
CF08970,PASS,FAIL,PASS,FAIL,PASS,84
CF08971,PASS,PASS,FAIL,PASS,PASS,76
CF08972,FAIL,PASS,PASS,PASS,FAIL,68
CF08973,PASS,PASS,FAIL,PASS,PASS,87
CF08974,FAIL,PASS,PASS,PASS,PASS,99
CF08975,PASS,FAIL,FAIL,PASS,FAIL,96
CF08976,PASS,FAIL,PASS,PASS,PASS,85
CF08977,FAIL,FAIL,FAIL,PASS,FAIL,94
CF08978,FAIL,FAIL,PASS,PASS,PASS,66
CF08979,PASS,PASS,PASS,FAIL,PASS,66
CF08980,PASS,FAIL,PASS,PASS,FAIL,95
CF08981,FAIL,PASS,FAIL,FAIL,FAIL,75
CF08982,PASS,PASS,FAIL,PASS,FAIL,79
CF08983,FAIL,FAIL,PASS,PASS,FAIL,81
CF08984,FAIL,PASS,PASS,PASS,PASS,68
CF08985,PASS,PASS,PASS,FAIL,PASS,84
CF08986,FAIL,FAIL,FAIL,FAIL,PASS,97
CF08987,FAIL,PASS,FAIL,PASS,FAIL,82
CF08988,FAIL,FAIL,PASS,PASS,PASS,60
CF08989,PASS,FAIL,PASS,FAIL,FAIL,69
CF08990,FAIL,FAIL,PASS,FAIL,FAIL,91
CF08991,FAIL,PASS,PASS,PASS,FAIL,82
CF08992,FAIL,FAIL,FAIL,FAIL,FAIL,97
CF08993,PASS,FAIL,FAIL,PASS,FAIL,96
CF08994,PASS,FAIL,FAIL,PASS,FAIL,67
CF08995,PASS,PASS,FAIL,FAIL,FAIL,89
CF08996,PASS,FAIL,FAIL,PASS,PASS,92
CF08997,FAIL,PASS,FAIL,PASS,FAIL,83
CF08998,FAIL,PASS,FAIL,FAIL,PASS,93
CF08999,PASS,PASS,FAIL,PASS,FAIL,66
CF09000,PASS,FAIL,PASS,PASS,FAIL,88
CF09001,FAIL,PASS,PASS,FAIL,FAIL,89
CF09002,FAIL,PASS,PASS,FAIL,FAIL,83
CF09003,PASS,FAIL,FAIL,FAIL,PASS,97
CF09004,PASS,PASS,PASS,PASS,FAIL,76
CF09005,PASS,FAIL,FAIL,PASS,FAIL,68
CF09006,PASS,PASS,FAIL,PASS,FAIL,93
CF09007,PASS,FAIL,FAIL,FAIL,PASS,81
CF09008,FAIL,FAIL,FAIL,PASS,FAIL,64
CF09009,PASS,FAIL,FAIL,FAIL,PASS,95
CF09010,FAIL,FAIL,FAIL,FAIL,FAIL,96
CF09011,PASS,PASS,FAIL,PASS,PASS,78
CF09012,FAIL,FAIL,PASS,PASS,FAIL,97
CF09013,PASS,FAIL,PASS,FAIL,FAIL,65
CF09014,FAIL,FAIL,PASS,PASS,FAIL,80
CF09015,PASS,PASS,FAIL,FAIL,PASS,91
CF09016,FAIL,FAIL,PASS,PASS,PASS,68
CF09017,FAIL,PASS,PASS,PASS,FAIL,86
CF09018,FAIL,FAIL,FAIL,FAIL,PASS,79
CF09019,FAIL,FAIL,FAIL,FAIL,FAIL,86
CF09020,PASS,PASS,PASS,FAIL,FAIL,94
CF09021,PASS,FAIL,FAIL,FAIL,PASS,62
CF09022,FAIL,PASS,FAIL,FAIL,FAIL,98
CF09023,FAIL,FAIL,PASS,FAIL,PASS,72
CF09024,PASS,FAIL,PASS,FAIL,FAIL,72
CF09025,PASS,PASS,PASS,PASS,FAIL,67
CF09026,FAIL,FAIL,PASS,FAIL,FAIL,73
CF09027,FAIL,FAIL,PASS,PASS,FAIL,73
CF09028,PASS,FAIL,PASS,PASS,PASS,64
CF09029,PASS,PASS,FAIL,FAIL,PASS,65
CF09030,PASS,PASS,PASS,PASS,PASS,76
CF09031,PASS,FAIL,FAIL,FAIL,PASS,71
CF09032,PASS,PASS,FAIL,FAIL,PASS,68
CF09033,PASS,FAIL,FAIL,PASS,PASS,81
CF09034,FAIL,FAIL,FAIL,PASS,FAIL,99
CF09035,FAIL,FAIL,PASS,PASS,FAIL,87
CF09036,PASS,PASS,FAIL,PASS,PASS,78
CF09037,FAIL,FAIL,PASS,PASS,PASS,86
CF09038,FAIL,PASS,PASS,PASS,FAIL,72
CF09039,FAIL,PASS,FAIL,FAIL,FAIL,74
CF09040,FAIL,FAIL,FAIL,PASS,PASS,68
CF09041,FAIL,PASS,FAIL,FAIL,FAIL,76
CF09042,FAIL,FAIL,PASS,FAIL,FAIL,78
CF09043,PASS,PASS,PASS,FAIL,FAIL,67
CF09044,FAIL,PASS,PASS,PASS,FAIL,85
CF09045,FAIL,FAIL,PASS,FAIL,PASS,97
CF09046,PASS,PASS,FAIL,FAIL,PASS,86
CF09047,PASS,PASS,PASS,PASS,PASS,72
CF09048,FAIL,FAIL,PASS,FAIL,PASS,99
CF09049,FAIL,PASS,FAIL,FAIL,FAIL,88
CF09050,FAIL,PASS,PASS,FAIL,FAIL,77
CF09051,PASS,PASS,FAIL,PASS,FAIL,77
CF09052,PASS,FAIL,FAIL,PASS,PASS,61
CF09053,PASS,FAIL,PASS,PASS,PASS,99
CF09054,FAIL,FAIL,FAIL,PASS,FAIL,71
CF09055,PASS,FAIL,PASS,FAIL,PASS,99
CF09056,FAIL,FAIL,FAIL,PASS,FAIL,72
CF09057,PASS,FAIL,FAIL,PASS,FAIL,91
CF09058,FAIL,PASS,PASS,FAIL,FAIL,70
CF09059,FAIL,PASS,FAIL,PASS,FAIL,97
CF09060,FAIL,PASS,PASS,PASS,PASS,66
CF09061,FAIL,FAIL,PASS,FAIL,PASS,86
CF09062,PASS,PASS,FAIL,FAIL,PASS,81
CF09063,FAIL,PASS,FAIL,PASS,FAIL,70
CF09064,FAIL,PASS,FAIL,FAIL,FAIL,97
CF09065,PASS,FAIL,PASS,FAIL,PASS,79
CF09066,PASS,PASS,FAIL,FAIL,FAIL,92
CF09067,PASS,PASS,FAIL,FAIL,FAIL,68
CF09068,FAIL,PASS,FAIL,FAIL,FAIL,63
CF09069,PASS,PASS,FAIL,FAIL,FAIL,78
CF09070,PASS,PASS,FAIL,FAIL,FAIL,96
CF09071,PASS,FAIL,FAIL,PASS,FAIL,87
CF09072,PASS,PASS,PASS,FAIL,PASS,77
CF09073,PASS,FAIL,PASS,FAIL,PASS,82
CF09074,PASS,PASS,FAIL,FAIL,FAIL,77
CF09075,FAIL,PASS,PASS,FAIL,FAIL,86
CF09076,FAIL,FAIL,PASS,PASS,FAIL,64
CF09077,PASS,FAIL,PASS,PASS,FAIL,67
CF09078,PASS,FAIL,FAIL,FAIL,FAIL,95
CF09079,PASS,FAIL,FAIL,PASS,PASS,87
CF09080,PASS,FAIL,FAIL,FAIL,FAIL,83
CF09081,FAIL,PASS,FAIL,PASS,PASS,82
CF09082,PASS,FAIL,PASS,PASS,PASS,72
CF09083,FAIL,PASS,PASS,FAIL,PASS,72
CF09084,PASS,FAIL,FAIL,FAIL,PASS,82
CF09085,FAIL,FAIL,PASS,PASS,PASS,75
CF09086,PASS,PASS,PASS,FAIL,FAIL,87
CF09087,FAIL,FAIL,FAIL,FAIL,FAIL,96
CF09088,FAIL,PASS,PASS,PASS,FAIL,67
CF09089,PASS,FAIL,FAIL,PASS,PASS,82
CF09090,FAIL,PASS,PASS,PASS,FAIL,97
CF09091,FAIL,FAIL,FAIL,PASS,PASS,65
CF09092,PASS,FAIL,FAIL,FAIL,PASS,68
CF09093,FAIL,PASS,FAIL,PASS,PASS,95
CF09094,FAIL,FAIL,PASS,PASS,PASS,68
CF09095,PASS,FAIL,FAIL,FAIL,PASS,69
CF09096,PASS,PASS,FAIL,FAIL,PASS,94
CF09097,FAIL,FAIL,FAIL,FAIL,FAIL,91
CF09098,PASS,FAIL,PASS,PASS,PASS,86
CF09099,PASS,PASS,PASS,FAIL,FAIL,96
CF09100,FAIL,FAIL,FAIL,FAIL,FAIL,62
CF09101,PASS,PASS,FAIL,FAIL,PASS,89
CF09102,PASS,PASS,PASS,FAIL,FAIL,94
CF09103,FAIL,PASS,FAIL,FAIL,FAIL,71
CF09104,FAIL,FAIL,FAIL,FAIL,FAIL,84
CF09105,FAIL,FAIL,FAIL,FAIL,FAIL,83
CF09106,FAIL,FAIL,FAIL,FAIL,PASS,81
CF09107,PASS,FAIL,PASS,PASS,PASS,79
CF09108,PASS,FAIL,PASS,FAIL,PASS,62
CF09109,FAIL,FAIL,FAIL,FAIL,PASS,78
CF09110,PASS,FAIL,FAIL,FAIL,PASS,98
CF09111,FAIL,FAIL,FAIL,PASS,PASS,71
CF09112,FAIL,PASS,PASS,FAIL,FAIL,86
CF09113,PASS,FAIL,PASS,PASS,PASS,79
CF09114,FAIL,PASS,PASS,PASS,PASS,66
CF09115,PASS,FAIL,PASS,FAIL,PASS,87
CF09116,PASS,PASS,FAIL,FAIL,PASS,76
CF09117,PASS,FAIL,PASS,FAIL,FAIL,97
CF09118,PASS,PASS,PASS,PASS,PASS,67
CF09119,FAIL,FAIL,FAIL,FAIL,FAIL,97
CF09120,FAIL,PASS,FAIL,PASS,FAIL,95
CF09121,FAIL,FAIL,FAIL,PASS,PASS,81
CF09122,FAIL,FAIL,PASS,PASS,PASS,71
CF09123,FAIL,FAIL,FAIL,FAIL,PASS,91
CF09124,PASS,FAIL,FAIL,FAIL,FAIL,78
CF09125,FAIL,PASS,PASS,PASS,FAIL,94
CF09126,PASS,FAIL,PASS,PASS,PASS,63
CF09127,FAIL,PASS,FAIL,FAIL,FAIL,64
CF09128,FAIL,PASS,PASS,PASS,FAIL,94
CF09129,PASS,PASS,FAIL,PASS,FAIL,70
CF09130,PASS,PASS,PASS,FAIL,FAIL,67
CF09131,FAIL,PASS,FAIL,PASS,FAIL,73
CF09132,FAIL,PASS,FAIL,PASS,PASS,66
CF09133,PASS,FAIL,PASS,FAIL,FAIL,73
CF09134,PASS,PASS,FAIL,FAIL,PASS,62
CF09135,FAIL,PASS,PASS,FAIL,PASS,96
CF09136,FAIL,PASS,FAIL,FAIL,FAIL,95
CF09137,FAIL,FAIL,PASS,PASS,FAIL,84
CF09138,FAIL,FAIL,PASS,FAIL,FAIL,96
CF09139,PASS,PASS,FAIL,PASS,PASS,98
CF09140,FAIL,PASS,PASS,FAIL,FAIL,84
CF09141,FAIL,FAIL,FAIL,FAIL,PASS,72
CF09142,PASS,FAIL,FAIL,FAIL,PASS,89
CF09143,PASS,PASS,FAIL,FAIL,FAIL,77
CF09144,FAIL,PASS,PASS,PASS,PASS,73
CF09145,PASS,PASS,FAIL,FAIL,FAIL,89
CF09146,FAIL,PASS,PASS,PASS,PASS,73
CF09147,PASS,FAIL,FAIL,FAIL,PASS,87
CF09148,FAIL,PASS,FAIL,FAIL,FAIL,72
CF09149,FAIL,PASS,PASS,PASS,FAIL,93
CF09150,PASS,FAIL,PASS,PASS,FAIL,60
CF09151,FAIL,PASS,FAIL,PASS,PASS,69
CF09152,FAIL,PASS,PASS,FAIL,PASS,81
CF09153,FAIL,PASS,PASS,PASS,PASS,84
CF09154,PASS,PASS,PASS,FAIL,PASS,90
CF09155,PASS,PASS,PASS,FAIL,FAIL,89
CF09156,PASS,PASS,PASS,FAIL,PASS,61
CF09157,FAIL,FAIL,FAIL,PASS,FAIL,63
CF09158,FAIL,FAIL,PASS,FAIL,FAIL,72
CF09159,FAIL,PASS,PASS,FAIL,FAIL,61
CF09160,PASS,FAIL,FAIL,PASS,PASS,66
CF09161,PASS,PASS,PASS,FAIL,PASS,69
CF09162,PASS,PASS,PASS,FAIL,FAIL,61
CF09163,PASS,FAIL,FAIL,PASS,FAIL,81
CF09164,PASS,FAIL,PASS,PASS,PASS,73
CF09165,FAIL,FAIL,PASS,FAIL,FAIL,73
CF09166,FAIL,FAIL,PASS,PASS,FAIL,68
CF09167,PASS,PASS,PASS,PASS,FAIL,75
CF09168,FAIL,FAIL,FAIL,PASS,PASS,70
CF09169,PASS,FAIL,PASS,PASS,PASS,76
CF09170,PASS,FAIL,PASS,FAIL,PASS,87
CF09171,FAIL,FAIL,FAIL,PASS,FAIL,61
CF09172,PASS,PASS,PASS,FAIL,PASS,72
CF09173,PASS,PASS,PASS,PASS,PASS,83
CF09174,FAIL,PASS,FAIL,FAIL,PASS,78
CF09175,FAIL,PASS,PASS,PASS,PASS,84
CF09176,PASS,FAIL,FAIL,PASS,PASS,73
CF09177,FAIL,PASS,FAIL,FAIL,PASS,95
CF09178,FAIL,FAIL,FAIL,FAIL,PASS,82
CF09179,PASS,FAIL,PASS,FAIL,FAIL,99
CF09180,PASS,FAIL,PASS,PASS,PASS,65
CF09181,PASS,PASS,PASS,FAIL,FAIL,60
CF09182,PASS,PASS,PASS,FAIL,PASS,61
CF09183,PASS,FAIL,PASS,PASS,PASS,83
CF09184,PASS,PASS,PASS,PASS,FAIL,86
CF09185,PASS,FAIL,FAIL,PASS,PASS,60
CF09186,FAIL,PASS,FAIL,PASS,FAIL,99
CF09187,PASS,PASS,PASS,PASS,PASS,60
CF09188,PASS,FAIL,PASS,FAIL,PASS,88
CF09189,FAIL,PASS,PASS,PASS,PASS,60
CF09190,PASS,FAIL,PASS,FAIL,PASS,76
CF09191,FAIL,PASS,FAIL,PASS,PASS,66
CF09192,FAIL,FAIL,FAIL,PASS,PASS,86
CF09193,PASS,FAIL,FAIL,FAIL,PASS,75
CF09194,FAIL,FAIL,PASS,PASS,PASS,77
CF09195,PASS,PASS,FAIL,PASS,PASS,77
CF09196,FAIL,FAIL,FAIL,PASS,FAIL,70
CF09197,PASS,FAIL,FAIL,PASS,FAIL,88
CF09198,PASS,FAIL,PASS,PASS,FAIL,71
CF09199,FAIL,PASS,FAIL,FAIL,PASS,87
CF09200,FAIL,PASS,PASS,PASS,FAIL,64
CF09201,PASS,PASS,FAIL,PASS,FAIL,62
CF09202,PASS,FAIL,PASS,PASS,FAIL,99
CF09203,PASS,FAIL,PASS,FAIL,PASS,77
CF09204,PASS,FAIL,PASS,FAIL,FAIL,94
CF09205,PASS,FAIL,PASS,FAIL,PASS,62
CF09206,PASS,PASS,FAIL,PASS,PASS,97
CF09207,FAIL,PASS,PASS,FAIL,FAIL,90
CF09208,PASS,FAIL,PASS,FAIL,FAIL,71
CF09209,FAIL,PASS,FAIL,PASS,PASS,95
CF09210,PASS,FAIL,FAIL,FAIL,PASS,85
CF09211,FAIL,FAIL,PASS,FAIL,PASS,97
CF09212,PASS,FAIL,PASS,PASS,FAIL,82
CF09213,PASS,PASS,PASS,PASS,FAIL,88
CF09214,FAIL,PASS,PASS,PASS,FAIL,82
CF09215,FAIL,FAIL,FAIL,PASS,PASS,94
CF09216,PASS,FAIL,PASS,FAIL,PASS,66
CF09217,PASS,PASS,PASS,FAIL,PASS,96
CF09218,FAIL,PASS,PASS,FAIL,FAIL,74
CF09219,PASS,FAIL,FAIL,PASS,PASS,94
CF09220,FAIL,FAIL,PASS,FAIL,FAIL,77
CF09221,PASS,FAIL,FAIL,PASS,FAIL,73
CF09222,PASS,FAIL,PASS,PASS,PASS,96
CF09223,PASS,FAIL,FAIL,FAIL,FAIL,63
CF09224,FAIL,FAIL,FAIL,PASS,FAIL,71
CF09225,FAIL,FAIL,PASS,FAIL,PASS,68
CF09226,FAIL,FAIL,PASS,PASS,PASS,64
CF09227,FAIL,FAIL,PASS,FAIL,PASS,92
CF09228,FAIL,FAIL,PASS,FAIL,PASS,75
CF09229,FAIL,PASS,FAIL,FAIL,FAIL,79
CF09230,PASS,FAIL,PASS,PASS,FAIL,74
CF09231,FAIL,FAIL,FAIL,FAIL,PASS,73
CF09232,PASS,PASS,PASS,PASS,PASS,77
CF09233,PASS,FAIL,FAIL,FAIL,FAIL,64
CF09234,FAIL,FAIL,FAIL,FAIL,PASS,72
CF09235,PASS,FAIL,FAIL,FAIL,FAIL,73
CF09236,PASS,FAIL,PASS,FAIL,PASS,64
CF09237,FAIL,PASS,PASS,FAIL,PASS,64
CF09238,FAIL,FAIL,FAIL,FAIL,FAIL,79
CF09239,PASS,PASS,PASS,FAIL,FAIL,83
CF09240,PASS,FAIL,FAIL,FAIL,PASS,97
CF09241,PASS,PASS,PASS,PASS,FAIL,81
CF09242,PASS,PASS,PASS,FAIL,PASS,69
CF09243,PASS,FAIL,PASS,PASS,FAIL,80
CF09244,PASS,FAIL,PASS,FAIL,FAIL,95
CF09245,FAIL,PASS,PASS,PASS,PASS,94
CF09246,FAIL,PASS,PASS,FAIL,PASS,76
CF09247,FAIL,PASS,PASS,PASS,FAIL,62
CF09248,PASS,FAIL,FAIL,FAIL,PASS,94
CF09249,FAIL,PASS,FAIL,FAIL,FAIL,98
CF09250,FAIL,FAIL,FAIL,FAIL,PASS,64
CF09251,FAIL,PASS,FAIL,FAIL,FAIL,65
CF09252,FAIL,FAIL,FAIL,FAIL,FAIL,87
CF09253,PASS,PASS,PASS,PASS,FAIL,93
CF09254,PASS,PASS,PASS,PASS,FAIL,76
CF09255,FAIL,FAIL,PASS,FAIL,FAIL,81
CF09256,FAIL,PASS,PASS,FAIL,PASS,82
CF09257,FAIL,FAIL,PASS,PASS,PASS,65
CF09258,PASS,FAIL,FAIL,FAIL,FAIL,99
CF09259,FAIL,FAIL,FAIL,FAIL,FAIL,76
CF09260,FAIL,PASS,PASS,FAIL,FAIL,96
CF09261,FAIL,PASS,FAIL,FAIL,PASS,67
CF09262,FAIL,FAIL,PASS,PASS,PASS,82
CF09263,FAIL,FAIL,FAIL,FAIL,FAIL,62
CF09264,PASS,FAIL,FAIL,PASS,PASS,96
CF09265,PASS,PASS,FAIL,FAIL,PASS,97
CF09266,PASS,FAIL,PASS,PASS,FAIL,95
CF09267,FAIL,PASS,PASS,PASS,PASS,90
CF09268,PASS,FAIL,FAIL,PASS,PASS,76
CF09269,FAIL,PASS,PASS,PASS,FAIL,89
CF09270,FAIL,FAIL,PASS,FAIL,PASS,87
CF09271,PASS,PASS,FAIL,FAIL,FAIL,87
CF09272,PASS,PASS,FAIL,PASS,FAIL,87
CF09273,FAIL,FAIL,PASS,FAIL,FAIL,73
CF09274,FAIL,PASS,FAIL,FAIL,PASS,87
CF09275,FAIL,PASS,PASS,FAIL,PASS,82
CF09276,PASS,FAIL,FAIL,FAIL,PASS,72
CF09277,PASS,PASS,FAIL,PASS,FAIL,77
CF09278,FAIL,PASS,FAIL,FAIL,PASS,88
CF09279,FAIL,FAIL,PASS,FAIL,PASS,75
CF09280,PASS,FAIL,FAIL,FAIL,FAIL,70
CF09281,FAIL,FAIL,PASS,FAIL,FAIL,74
CF09282,FAIL,PASS,PASS,PASS,FAIL,69
CF09283,FAIL,FAIL,FAIL,FAIL,PASS,69
CF09284,FAIL,PASS,PASS,FAIL,FAIL,99
CF09285,PASS,PASS,FAIL,PASS,FAIL,91
CF09286,FAIL,PASS,PASS,PASS,PASS,81
CF09287,PASS,FAIL,PASS,FAIL,PASS,84
CF09288,PASS,PASS,FAIL,FAIL,FAIL,67
CF09289,PASS,PASS,PASS,PASS,PASS,98
CF09290,PASS,FAIL,PASS,FAIL,PASS,86
CF09291,PASS,FAIL,PASS,FAIL,FAIL,68
CF09292,FAIL,PASS,FAIL,FAIL,PASS,88
CF09293,PASS,FAIL,PASS,FAIL,FAIL,68
CF09294,FAIL,FAIL,FAIL,FAIL,PASS,74
CF09295,FAIL,PASS,PASS,PASS,PASS,95
CF09296,PASS,FAIL,FAIL,FAIL,PASS,69
CF09297,PASS,PASS,FAIL,PASS,PASS,78
CF09298,PASS,PASS,PASS,FAIL,PASS,61
CF09299,PASS,FAIL,PASS,PASS,PASS,83
CF09300,FAIL,FAIL,FAIL,FAIL,FAIL,91
CF09301,PASS,PASS,FAIL,PASS,FAIL,71
CF09302,FAIL,FAIL,PASS,FAIL,PASS,84
CF09303,FAIL,FAIL,PASS,FAIL,PASS,69
CF09304,FAIL,PASS,PASS,PASS,PASS,83
CF09305,PASS,FAIL,FAIL,FAIL,FAIL,99
CF09306,FAIL,PASS,PASS,FAIL,PASS,75
CF09307,PASS,FAIL,PASS,PASS,FAIL,78
CF09308,FAIL,FAIL,FAIL,PASS,PASS,86
CF09309,FAIL,PASS,FAIL,PASS,FAIL,71
CF09310,PASS,PASS,FAIL,FAIL,PASS,76
CF09311,FAIL,PASS,PASS,PASS,PASS,69
CF09312,PASS,PASS,PASS,PASS,PASS,73
CF09313,PASS,PASS,FAIL,FAIL,FAIL,89
CF09314,PASS,FAIL,PASS,PASS,PASS,88
CF09315,PASS,FAIL,FAIL,FAIL,FAIL,98
CF09316,FAIL,PASS,PASS,FAIL,PASS,77
CF09317,FAIL,PASS,PASS,FAIL,PASS,76
CF09318,FAIL,PASS,FAIL,FAIL,PASS,74
CF09319,PASS,FAIL,PASS,FAIL,FAIL,81
CF09320,PASS,FAIL,PASS,PASS,FAIL,62
CF09321,PASS,PASS,FAIL,PASS,PASS,70
CF09322,FAIL,PASS,FAIL,FAIL,PASS,89
CF09323,PASS,FAIL,FAIL,FAIL,FAIL,74
CF09324,FAIL,PASS,FAIL,PASS,PASS,60
CF09325,FAIL,PASS,PASS,PASS,FAIL,79
CF09326,PASS,PASS,FAIL,FAIL,FAIL,74
CF09327,FAIL,FAIL,PASS,FAIL,PASS,68
CF09328,PASS,PASS,PASS,PASS,PASS,75
CF09329,PASS,PASS,PASS,PASS,PASS,68
CF09330,FAIL,PASS,FAIL,FAIL,PASS,62
CF09331,FAIL,FAIL,FAIL,PASS,FAIL,60
CF09332,PASS,PASS,PASS,FAIL,PASS,97
CF09333,FAIL,FAIL,PASS,FAIL,PASS,75
CF09334,FAIL,PASS,PASS,PASS,PASS,65
CF09335,FAIL,FAIL,PASS,FAIL,FAIL,95
CF09336,FAIL,PASS,PASS,FAIL,FAIL,96
CF09337,PASS,FAIL,FAIL,FAIL,FAIL,78
CF09338,PASS,PASS,FAIL,FAIL,PASS,88
CF09339,PASS,PASS,PASS,PASS,FAIL,99
CF09340,PASS,PASS,PASS,PASS,FAIL,64
CF09341,PASS,FAIL,FAIL,FAIL,FAIL,72
CF09342,PASS,PASS,FAIL,PASS,PASS,66
CF09343,FAIL,PASS,PASS,PASS,FAIL,76
CF09344,PASS,PASS,PASS,PASS,PASS,61
CF09345,FAIL,FAIL,FAIL,PASS,PASS,95
CF09346,PASS,FAIL,FAIL,FAIL,FAIL,73
CF09347,PASS,PASS,PASS,FAIL,FAIL,74
CF09348,FAIL,FAIL,FAIL,PASS,PASS,77
CF09349,PASS,FAIL,FAIL,FAIL,FAIL,94
CF09350,PASS,PASS,PASS,PASS,FAIL,64
CF09351,PASS,PASS,PASS,PASS,FAIL,65
CF09352,PASS,PASS,FAIL,FAIL,FAIL,84
CF09353,FAIL,PASS,FAIL,PASS,FAIL,74
CF09354,PASS,FAIL,PASS,PASS,PASS,71
CF09355,FAIL,FAIL,FAIL,FAIL,FAIL,77
CF09356,PASS,PASS,PASS,FAIL,FAIL,67
CF09357,PASS,PASS,PASS,FAIL,FAIL,72
CF09358,PASS,FAIL,PASS,FAIL,FAIL,86
CF09359,PASS,FAIL,FAIL,FAIL,FAIL,79
CF09360,FAIL,PASS,FAIL,PASS,PASS,92
CF09361,FAIL,PASS,PASS,PASS,PASS,72
CF09362,FAIL,PASS,FAIL,FAIL,FAIL,87
CF09363,FAIL,PASS,FAIL,FAIL,PASS,82
CF09364,FAIL,FAIL,PASS,PASS,FAIL,73
CF09365,FAIL,FAIL,FAIL,FAIL,PASS,95
CF09366,FAIL,FAIL,PASS,PASS,FAIL,61
CF09367,FAIL,FAIL,PASS,PASS,PASS,90
CF09368,PASS,FAIL,FAIL,PASS,FAIL,89
CF09369,FAIL,FAIL,FAIL,PASS,PASS,83
CF09370,FAIL,FAIL,FAIL,FAIL,PASS,67
CF09371,PASS,PASS,FAIL,PASS,PASS,62
CF09372,PASS,FAIL,FAIL,PASS,FAIL,62
CF09373,FAIL,PASS,FAIL,FAIL,FAIL,79
CF09374,PASS,PASS,PASS,PASS,FAIL,68
CF09375,PASS,FAIL,FAIL,FAIL,PASS,93
CF09376,FAIL,FAIL,PASS,FAIL,PASS,69
CF09377,FAIL,FAIL,PASS,FAIL,FAIL,71
CF09378,FAIL,FAIL,PASS,FAIL,PASS,75
CF09379,PASS,FAIL,FAIL,FAIL,FAIL,90
CF09380,PASS,PASS,PASS,PASS,PASS,92
CF09381,PASS,FAIL,PASS,PASS,PASS,72
CF09382,PASS,FAIL,FAIL,PASS,FAIL,97
CF09383,PASS,PASS,PASS,PASS,FAIL,68
CF09384,PASS,PASS,PASS,PASS,PASS,88
CF09385,PASS,FAIL,PASS,FAIL,FAIL,72
CF09386,PASS,PASS,PASS,PASS,PASS,79
CF09387,PASS,FAIL,PASS,FAIL,PASS,68
CF09388,FAIL,PASS,FAIL,FAIL,PASS,95
CF09389,PASS,FAIL,FAIL,FAIL,PASS,71
CF09390,FAIL,PASS,PASS,PASS,FAIL,63
CF09391,FAIL,PASS,FAIL,PASS,PASS,84
CF09392,FAIL,FAIL,FAIL,FAIL,PASS,71
CF09393,FAIL,PASS,FAIL,PASS,PASS,93
CF09394,PASS,FAIL,PASS,FAIL,FAIL,80
CF09395,PASS,FAIL,FAIL,PASS,PASS,93
CF09396,FAIL,PASS,FAIL,FAIL,PASS,75
CF09397,PASS,FAIL,FAIL,PASS,PASS,60
CF09398,PASS,FAIL,PASS,FAIL,PASS,80
CF09399,FAIL,FAIL,PASS,PASS,PASS,66
CF09400,FAIL,FAIL,PASS,PASS,PASS,84
CF09401,FAIL,PASS,FAIL,PASS,FAIL,87
CF09402,PASS,PASS,FAIL,FAIL,FAIL,74
CF09403,FAIL,PASS,FAIL,PASS,PASS,92
CF09404,PASS,FAIL,FAIL,PASS,FAIL,75
CF09405,PASS,PASS,PASS,FAIL,PASS,95
CF09406,FAIL,FAIL,FAIL,PASS,PASS,85
CF09407,FAIL,PASS,FAIL,FAIL,FAIL,71
CF09408,PASS,PASS,PASS,PASS,FAIL,89
CF09409,PASS,PASS,FAIL,PASS,FAIL,75
CF09410,FAIL,FAIL,PASS,PASS,FAIL,64
CF09411,FAIL,FAIL,FAIL,FAIL,PASS,81
CF09412,PASS,PASS,PASS,FAIL,PASS,73
CF09413,PASS,FAIL,PASS,FAIL,PASS,60
CF09414,PASS,FAIL,PASS,PASS,FAIL,98
CF09415,PASS,FAIL,FAIL,FAIL,FAIL,76
CF09416,FAIL,FAIL,FAIL,FAIL,FAIL,81
CF09417,FAIL,PASS,PASS,PASS,FAIL,69
CF09418,PASS,FAIL,FAIL,FAIL,PASS,92
CF09419,FAIL,FAIL,FAIL,FAIL,PASS,86
CF09420,FAIL,PASS,FAIL,PASS,FAIL,61
CF09421,FAIL,PASS,FAIL,FAIL,PASS,63
CF09422,PASS,FAIL,FAIL,PASS,PASS,82
CF09423,FAIL,PASS,PASS,FAIL,PASS,79
CF09424,PASS,PASS,FAIL,FAIL,PASS,91
CF09425,PASS,PASS,PASS,PASS,FAIL,89
CF09426,PASS,FAIL,PASS,FAIL,PASS,95
CF09427,FAIL,PASS,FAIL,FAIL,PASS,84
CF09428,FAIL,PASS,PASS,PASS,PASS,85
CF09429,PASS,PASS,FAIL,FAIL,PASS,72
CF09430,FAIL,FAIL,FAIL,PASS,FAIL,97
CF09431,PASS,FAIL,FAIL,PASS,PASS,60
CF09432,PASS,PASS,PASS,PASS,PASS,75
CF09433,PASS,FAIL,PASS,FAIL,FAIL,69
CF09434,FAIL,FAIL,PASS,PASS,FAIL,63
CF09435,FAIL,FAIL,FAIL,FAIL,FAIL,75
CF09436,PASS,PASS,PASS,FAIL,FAIL,95
CF09437,FAIL,PASS,PASS,FAIL,PASS,92
CF09438,FAIL,PASS,PASS,PASS,FAIL,79
CF09439,PASS,FAIL,FAIL,PASS,PASS,79
CF09440,FAIL,FAIL,PASS,FAIL,FAIL,67
CF09441,FAIL,FAIL,FAIL,PASS,PASS,78
CF09442,PASS,FAIL,FAIL,PASS,PASS,71
CF09443,PASS,FAIL,PASS,FAIL,PASS,62
CF09444,FAIL,PASS,FAIL,FAIL,PASS,61
CF09445,PASS,PASS,PASS,FAIL,PASS,91
CF09446,PASS,FAIL,FAIL,PASS,FAIL,91
CF09447,PASS,PASS,PASS,FAIL,PASS,94
CF09448,FAIL,PASS,FAIL,PASS,FAIL,90
CF09449,PASS,PASS,PASS,FAIL,FAIL,85
CF09450,FAIL,FAIL,FAIL,PASS,FAIL,88
CF09451,PASS,PASS,PASS,PASS,FAIL,70
CF09452,FAIL,PASS,PASS,PASS,FAIL,76
CF09453,FAIL,FAIL,PASS,PASS,FAIL,70
CF09454,PASS,PASS,FAIL,FAIL,PASS,81
CF09455,PASS,PASS,PASS,PASS,FAIL,77
CF09456,PASS,FAIL,FAIL,FAIL,PASS,62
CF09457,FAIL,FAIL,FAIL,FAIL,FAIL,97
CF09458,PASS,PASS,FAIL,PASS,FAIL,84
CF09459,PASS,FAIL,FAIL,FAIL,PASS,88
CF09460,PASS,PASS,FAIL,PASS,FAIL,91
CF09461,PASS,FAIL,PASS,FAIL,FAIL,90
CF09462,FAIL,PASS,FAIL,FAIL,FAIL,87
CF09463,FAIL,FAIL,PASS,FAIL,FAIL,83
CF09464,PASS,PASS,FAIL,FAIL,PASS,61
CF09465,PASS,PASS,PASS,FAIL,PASS,97
CF09466,PASS,PASS,FAIL,PASS,FAIL,86
CF09467,FAIL,PASS,PASS,PASS,PASS,83
CF09468,FAIL,PASS,PASS,PASS,PASS,93
CF09469,FAIL,PASS,FAIL,PASS,FAIL,76
CF09470,PASS,FAIL,PASS,PASS,PASS,85
CF09471,FAIL,PASS,PASS,FAIL,FAIL,89
CF09472,PASS,FAIL,PASS,PASS,FAIL,66
CF09473,PASS,FAIL,PASS,FAIL,FAIL,73
CF09474,FAIL,FAIL,FAIL,FAIL,PASS,99
CF09475,FAIL,FAIL,FAIL,PASS,PASS,76
CF09476,PASS,PASS,PASS,PASS,FAIL,63
CF09477,PASS,PASS,PASS,FAIL,FAIL,86
CF09478,FAIL,PASS,PASS,PASS,FAIL,99
CF09479,FAIL,FAIL,PASS,PASS,PASS,84
CF09480,FAIL,PASS,FAIL,FAIL,FAIL,69
CF09481,FAIL,PASS,FAIL,FAIL,PASS,64
CF09482,FAIL,FAIL,PASS,FAIL,FAIL,90
CF09483,PASS,PASS,FAIL,FAIL,FAIL,68
CF09484,PASS,PASS,PASS,PASS,PASS,67
CF09485,PASS,PASS,FAIL,FAIL,PASS,88
CF09486,PASS,PASS,PASS,PASS,PASS,75
CF09487,FAIL,FAIL,PASS,FAIL,PASS,87
CF09488,FAIL,PASS,PASS,PASS,FAIL,86
CF09489,FAIL,FAIL,PASS,FAIL,PASS,94
CF09490,PASS,PASS,PASS,FAIL,PASS,64
CF09491,PASS,FAIL,FAIL,FAIL,PASS,63
CF09492,PASS,FAIL,FAIL,PASS,FAIL,77
CF09493,PASS,FAIL,PASS,PASS,FAIL,65
CF09494,FAIL,FAIL,PASS,PASS,PASS,81
CF09495,PASS,PASS,PASS,PASS,PASS,71
CF09496,PASS,FAIL,PASS,PASS,FAIL,68
CF09497,PASS,PASS,FAIL,PASS,PASS,70
CF09498,FAIL,PASS,FAIL,PASS,FAIL,62
CF09499,PASS,PASS,PASS,PASS,PASS,96
CF09500,PASS,FAIL,PASS,PASS,FAIL,60
CF09501,PASS,PASS,PASS,FAIL,FAIL,63
CF09502,PASS,PASS,PASS,PASS,FAIL,92
CF09503,PASS,FAIL,PASS,FAIL,PASS,61
CF09504,PASS,PASS,FAIL,FAIL,FAIL,68
CF09505,FAIL,PASS,FAIL,FAIL,FAIL,78
CF09506,FAIL,FAIL,PASS,PASS,FAIL,83
CF09507,PASS,FAIL,PASS,PASS,PASS,92
CF09508,PASS,PASS,FAIL,PASS,PASS,95
CF09509,FAIL,PASS,FAIL,PASS,PASS,68
CF09510,PASS,PASS,PASS,FAIL,PASS,91
CF09511,PASS,PASS,PASS,FAIL,FAIL,75
CF09512,PASS,FAIL,FAIL,PASS,PASS,71
CF09513,PASS,PASS,PASS,FAIL,PASS,85
CF09514,PASS,FAIL,FAIL,PASS,PASS,97
CF09515,PASS,PASS,FAIL,FAIL,FAIL,82
CF09516,PASS,FAIL,FAIL,FAIL,FAIL,81
CF09517,FAIL,FAIL,FAIL,PASS,FAIL,78
CF09518,FAIL,FAIL,FAIL,FAIL,FAIL,98
CF09519,FAIL,PASS,PASS,PASS,FAIL,88
CF09520,FAIL,PASS,PASS,FAIL,PASS,88
CF09521,PASS,PASS,PASS,PASS,PASS,80
CF09522,PASS,PASS,PASS,FAIL,PASS,60
CF09523,PASS,PASS,FAIL,FAIL,FAIL,64
CF09524,FAIL,PASS,FAIL,FAIL,FAIL,62
CF09525,PASS,FAIL,PASS,PASS,PASS,67
CF09526,FAIL,PASS,FAIL,FAIL,FAIL,79
CF09527,FAIL,FAIL,FAIL,FAIL,FAIL,72
CF09528,PASS,FAIL,PASS,PASS,PASS,71
CF09529,PASS,PASS,FAIL,FAIL,PASS,71
CF09530,FAIL,PASS,FAIL,FAIL,PASS,94
CF09531,PASS,PASS,FAIL,FAIL,FAIL,95
CF09532,FAIL,FAIL,FAIL,FAIL,PASS,80
CF09533,FAIL,FAIL,PASS,FAIL,FAIL,92
CF09534,PASS,PASS,FAIL,FAIL,FAIL,76
CF09535,PASS,FAIL,FAIL,FAIL,FAIL,78
CF09536,FAIL,FAIL,PASS,PASS,FAIL,76
CF09537,PASS,PASS,PASS,FAIL,PASS,95
CF09538,FAIL,FAIL,FAIL,FAIL,FAIL,94
CF09539,FAIL,PASS,PASS,FAIL,PASS,95
CF09540,PASS,FAIL,FAIL,FAIL,FAIL,79
CF09541,FAIL,PASS,PASS,FAIL,PASS,67
CF09542,FAIL,FAIL,FAIL,PASS,PASS,76
CF09543,PASS,PASS,PASS,FAIL,FAIL,93
CF09544,FAIL,PASS,FAIL,PASS,PASS,77
CF09545,PASS,PASS,PASS,PASS,FAIL,78
CF09546,FAIL,FAIL,PASS,FAIL,FAIL,75
CF09547,PASS,FAIL,PASS,FAIL,PASS,79
CF09548,PASS,FAIL,PASS,PASS,PASS,75
CF09549,FAIL,PASS,PASS,FAIL,PASS,73
CF09550,PASS,PASS,FAIL,FAIL,FAIL,95
CF09551,PASS,FAIL,FAIL,FAIL,FAIL,84
CF09552,FAIL,PASS,FAIL,PASS,FAIL,80
CF09553,FAIL,FAIL,PASS,PASS,FAIL,79
CF09554,FAIL,FAIL,FAIL,FAIL,FAIL,87
CF09555,PASS,PASS,FAIL,FAIL,FAIL,67
CF09556,FAIL,FAIL,FAIL,FAIL,PASS,68
CF09557,FAIL,PASS,FAIL,PASS,FAIL,81
CF09558,FAIL,FAIL,FAIL,PASS,FAIL,75
CF09559,FAIL,PASS,FAIL,FAIL,FAIL,61
CF09560,PASS,FAIL,FAIL,FAIL,PASS,76
CF09561,PASS,FAIL,FAIL,FAIL,PASS,70
CF09562,PASS,PASS,PASS,FAIL,FAIL,76
CF09563,FAIL,FAIL,FAIL,PASS,FAIL,88
CF09564,PASS,FAIL,PASS,PASS,FAIL,70
CF09565,PASS,FAIL,PASS,FAIL,PASS,61
CF09566,FAIL,PASS,FAIL,FAIL,PASS,77
CF09567,PASS,FAIL,FAIL,PASS,PASS,60
CF09568,FAIL,PASS,FAIL,PASS,PASS,95
CF09569,PASS,FAIL,PASS,PASS,PASS,91
CF09570,FAIL,FAIL,PASS,PASS,FAIL,62
CF09571,PASS,PASS,PASS,FAIL,PASS,83
CF09572,PASS,PASS,FAIL,PASS,FAIL,60
CF09573,FAIL,FAIL,FAIL,PASS,PASS,65
CF09574,FAIL,PASS,FAIL,PASS,PASS,94
CF09575,FAIL,FAIL,FAIL,PASS,PASS,71
CF09576,PASS,FAIL,FAIL,PASS,FAIL,86
CF09577,FAIL,PASS,PASS,FAIL,PASS,75
CF09578,PASS,PASS,FAIL,FAIL,PASS,70
CF09579,PASS,PASS,PASS,FAIL,PASS,71
CF09580,FAIL,FAIL,PASS,FAIL,FAIL,61
CF09581,PASS,PASS,FAIL,PASS,FAIL,71
CF09582,PASS,FAIL,FAIL,PASS,PASS,85
CF09583,PASS,PASS,PASS,FAIL,FAIL,65
CF09584,PASS,PASS,FAIL,FAIL,FAIL,75
CF09585,FAIL,PASS,FAIL,FAIL,FAIL,91
CF09586,PASS,PASS,PASS,PASS,FAIL,61
CF09587,PASS,FAIL,FAIL,PASS,PASS,72
CF09588,PASS,PASS,FAIL,PASS,FAIL,70
CF09589,FAIL,FAIL,PASS,PASS,FAIL,85
CF09590,PASS,PASS,FAIL,PASS,PASS,85
CF09591,PASS,FAIL,FAIL,FAIL,PASS,67
CF09592,FAIL,PASS,PASS,FAIL,PASS,81
CF09593,FAIL,PASS,FAIL,PASS,PASS,78
CF09594,PASS,PASS,PASS,PASS,FAIL,83
CF09595,FAIL,PASS,PASS,PASS,FAIL,97
CF09596,PASS,PASS,FAIL,PASS,FAIL,74
CF09597,FAIL,PASS,PASS,FAIL,FAIL,68
CF09598,FAIL,FAIL,FAIL,PASS,PASS,99
CF09599,PASS,FAIL,FAIL,FAIL,PASS,83
CF09600,PASS,FAIL,PASS,PASS,PASS,71
CF09601,FAIL,PASS,FAIL,FAIL,FAIL,90
CF09602,FAIL,FAIL,PASS,PASS,FAIL,83
CF09603,FAIL,FAIL,FAIL,FAIL,PASS,79
CF09604,FAIL,FAIL,PASS,PASS,PASS,77
CF09605,PASS,FAIL,PASS,FAIL,PASS,80
CF09606,FAIL,PASS,PASS,PASS,PASS,87
CF09607,FAIL,PASS,PASS,PASS,FAIL,88
CF09608,FAIL,FAIL,PASS,PASS,FAIL,80
CF09609,PASS,PASS,FAIL,FAIL,FAIL,97
CF09610,PASS,PASS,PASS,PASS,PASS,73
CF09611,FAIL,PASS,PASS,PASS,PASS,90
CF09612,FAIL,FAIL,PASS,FAIL,FAIL,68
CF09613,FAIL,PASS,FAIL,PASS,PASS,83
CF09614,FAIL,PASS,FAIL,FAIL,PASS,62
CF09615,PASS,PASS,FAIL,PASS,FAIL,98
CF09616,PASS,PASS,PASS,FAIL,FAIL,68
CF09617,FAIL,PASS,PASS,PASS,PASS,95
CF09618,PASS,PASS,PASS,PASS,PASS,89
CF09619,FAIL,FAIL,PASS,PASS,PASS,74
CF09620,PASS,FAIL,PASS,FAIL,FAIL,85
CF09621,FAIL,FAIL,PASS,FAIL,PASS,62
CF09622,PASS,FAIL,PASS,FAIL,PASS,88
CF09623,PASS,PASS,FAIL,PASS,FAIL,83
CF09624,FAIL,PASS,PASS,FAIL,PASS,68
CF09625,FAIL,PASS,PASS,PASS,PASS,73
CF09626,FAIL,PASS,FAIL,FAIL,PASS,85
CF09627,PASS,FAIL,PASS,FAIL,FAIL,79
CF09628,FAIL,FAIL,PASS,FAIL,FAIL,88
CF09629,FAIL,PASS,PASS,FAIL,PASS,67
CF09630,FAIL,FAIL,FAIL,FAIL,PASS,81
CF09631,PASS,PASS,PASS,PASS,PASS,90
CF09632,PASS,PASS,PASS,FAIL,FAIL,80
CF09633,PASS,PASS,FAIL,PASS,PASS,96
CF09634,PASS,FAIL,FAIL,FAIL,PASS,95
CF09635,PASS,FAIL,FAIL,PASS,FAIL,60
CF09636,FAIL,FAIL,FAIL,PASS,FAIL,67
CF09637,FAIL,PASS,PASS,FAIL,FAIL,86
CF09638,PASS,PASS,PASS,PASS,PASS,99
CF09639,FAIL,FAIL,PASS,PASS,PASS,71
CF09640,FAIL,FAIL,FAIL,PASS,PASS,93
CF09641,FAIL,PASS,FAIL,FAIL,PASS,64
CF09642,PASS,PASS,FAIL,FAIL,PASS,94
CF09643,PASS,PASS,PASS,PASS,FAIL,88
CF09644,FAIL,PASS,FAIL,PASS,PASS,67
CF09645,FAIL,FAIL,PASS,PASS,PASS,60
CF09646,PASS,FAIL,PASS,FAIL,PASS,89
CF09647,PASS,PASS,PASS,PASS,PASS,74
CF09648,PASS,FAIL,FAIL,PASS,FAIL,92
CF09649,FAIL,FAIL,PASS,PASS,FAIL,77
CF09650,FAIL,PASS,FAIL,PASS,PASS,84
CF09651,FAIL,PASS,FAIL,PASS,PASS,98
CF09652,PASS,FAIL,FAIL,PASS,FAIL,66
CF09653,FAIL,PASS,PASS,PASS,PASS,72
CF09654,PASS,FAIL,FAIL,FAIL,PASS,94
CF09655,PASS,PASS,FAIL,PASS,PASS,93
CF09656,FAIL,FAIL,PASS,PASS,PASS,80
CF09657,FAIL,PASS,FAIL,FAIL,FAIL,99
CF09658,PASS,FAIL,FAIL,FAIL,PASS,76
CF09659,PASS,FAIL,PASS,PASS,FAIL,95
CF09660,PASS,PASS,PASS,PASS,PASS,95
CF09661,PASS,PASS,FAIL,FAIL,FAIL,94
CF09662,PASS,FAIL,PASS,PASS,PASS,89
CF09663,PASS,FAIL,FAIL,FAIL,PASS,67
CF09664,FAIL,PASS,PASS,FAIL,PASS,88
CF09665,FAIL,PASS,PASS,PASS,FAIL,85
CF09666,FAIL,PASS,FAIL,PASS,FAIL,85
CF09667,PASS,PASS,PASS,PASS,PASS,72
CF09668,PASS,PASS,PASS,FAIL,FAIL,70
CF09669,PASS,PASS,PASS,FAIL,PASS,77
CF09670,PASS,PASS,PASS,FAIL,PASS,76
CF09671,PASS,FAIL,FAIL,PASS,PASS,85
CF09672,PASS,PASS,FAIL,PASS,PASS,85
CF09673,PASS,PASS,PASS,FAIL,FAIL,90
CF09674,PASS,FAIL,PASS,PASS,FAIL,91
CF09675,FAIL,PASS,PASS,PASS,PASS,66
CF09676,PASS,FAIL,FAIL,FAIL,FAIL,98
CF09677,PASS,PASS,FAIL,PASS,FAIL,69
CF09678,FAIL,PASS,PASS,FAIL,PASS,72
CF09679,FAIL,FAIL,FAIL,FAIL,PASS,98
CF09680,FAIL,FAIL,PASS,PASS,FAIL,98
CF09681,PASS,PASS,PASS,FAIL,FAIL,74
CF09682,FAIL,PASS,PASS,FAIL,FAIL,78
CF09683,FAIL,FAIL,FAIL,PASS,PASS,77
CF09684,FAIL,PASS,FAIL,PASS,PASS,78
CF09685,PASS,PASS,PASS,FAIL,FAIL,75
CF09686,PASS,FAIL,PASS,PASS,PASS,94
CF09687,PASS,PASS,FAIL,FAIL,PASS,90
CF09688,FAIL,FAIL,FAIL,PASS,FAIL,77
CF09689,PASS,FAIL,FAIL,PASS,FAIL,97
CF09690,PASS,FAIL,PASS,PASS,FAIL,66
CF09691,PASS,PASS,FAIL,FAIL,FAIL,70
CF09692,FAIL,PASS,FAIL,FAIL,FAIL,96
CF09693,FAIL,PASS,PASS,PASS,PASS,73
CF09694,FAIL,PASS,FAIL,FAIL,PASS,80
CF09695,FAIL,FAIL,PASS,PASS,PASS,93
CF09696,PASS,FAIL,FAIL,FAIL,FAIL,64
CF09697,FAIL,FAIL,FAIL,PASS,FAIL,91
CF09698,PASS,PASS,PASS,PASS,PASS,78
CF09699,FAIL,PASS,PASS,FAIL,FAIL,80
CF09700,FAIL,PASS,FAIL,PASS,PASS,73
CF09701,FAIL,FAIL,FAIL,FAIL,PASS,64
CF09702,FAIL,FAIL,FAIL,PASS,FAIL,85
CF09703,PASS,PASS,FAIL,PASS,FAIL,92
CF09704,PASS,FAIL,PASS,PASS,FAIL,84
CF09705,FAIL,PASS,PASS,FAIL,PASS,61
CF09706,FAIL,PASS,PASS,PASS,PASS,81
CF09707,PASS,PASS,FAIL,PASS,FAIL,71
CF09708,PASS,FAIL,PASS,PASS,PASS,73
CF09709,FAIL,FAIL,PASS,PASS,FAIL,66
CF09710,PASS,FAIL,PASS,PASS,FAIL,95
CF09711,FAIL,FAIL,PASS,PASS,PASS,73
CF09712,PASS,FAIL,FAIL,PASS,PASS,74
CF09713,FAIL,PASS,FAIL,PASS,FAIL,76
CF09714,FAIL,FAIL,PASS,FAIL,PASS,71
CF09715,PASS,PASS,PASS,FAIL,FAIL,84
CF09716,PASS,FAIL,FAIL,FAIL,FAIL,93
CF09717,PASS,FAIL,FAIL,FAIL,PASS,85
CF09718,PASS,PASS,PASS,FAIL,PASS,94
CF09719,FAIL,PASS,PASS,PASS,FAIL,76
CF09720,PASS,PASS,PASS,FAIL,PASS,78
CF09721,PASS,PASS,PASS,PASS,FAIL,87
CF09722,FAIL,FAIL,PASS,FAIL,FAIL,80
CF09723,PASS,FAIL,PASS,PASS,FAIL,96
CF09724,FAIL,FAIL,FAIL,FAIL,FAIL,60
CF09725,PASS,FAIL,PASS,FAIL,PASS,94
CF09726,FAIL,FAIL,FAIL,FAIL,FAIL,88
CF09727,PASS,FAIL,PASS,FAIL,PASS,64
CF09728,PASS,PASS,PASS,PASS,FAIL,73
CF09729,PASS,FAIL,PASS,FAIL,PASS,85
CF09730,FAIL,FAIL,FAIL,FAIL,FAIL,65
CF09731,FAIL,FAIL,PASS,PASS,FAIL,83
CF09732,FAIL,FAIL,FAIL,PASS,PASS,62
CF09733,FAIL,PASS,FAIL,FAIL,PASS,61
CF09734,FAIL,FAIL,FAIL,PASS,FAIL,70
CF09735,PASS,PASS,PASS,PASS,FAIL,92
CF09736,FAIL,FAIL,PASS,PASS,FAIL,86
CF09737,FAIL,PASS,PASS,FAIL,FAIL,94
CF09738,PASS,FAIL,FAIL,FAIL,FAIL,66
CF09739,FAIL,FAIL,PASS,FAIL,FAIL,98
CF09740,FAIL,FAIL,PASS,FAIL,PASS,75
CF09741,PASS,PASS,FAIL,FAIL,PASS,92
CF09742,PASS,PASS,FAIL,FAIL,PASS,77
CF09743,FAIL,PASS,FAIL,PASS,PASS,91
CF09744,FAIL,PASS,PASS,PASS,FAIL,96
CF09745,PASS,PASS,PASS,FAIL,FAIL,77
CF09746,PASS,PASS,PASS,PASS,PASS,97
CF09747,PASS,FAIL,FAIL,FAIL,FAIL,76
CF09748,FAIL,FAIL,FAIL,FAIL,PASS,94
CF09749,PASS,PASS,PASS,PASS,FAIL,76
CF09750,FAIL,FAIL,FAIL,PASS,PASS,64
CF09751,PASS,FAIL,PASS,PASS,FAIL,64
CF09752,FAIL,PASS,PASS,FAIL,PASS,95
CF09753,PASS,PASS,FAIL,FAIL,PASS,66
CF09754,FAIL,FAIL,PASS,FAIL,PASS,63
CF09755,FAIL,FAIL,FAIL,PASS,PASS,82
CF09756,PASS,FAIL,PASS,FAIL,FAIL,85
CF09757,PASS,FAIL,PASS,PASS,PASS,80
CF09758,PASS,FAIL,FAIL,PASS,PASS,70
CF09759,FAIL,PASS,PASS,FAIL,PASS,97
CF09760,PASS,FAIL,PASS,FAIL,PASS,75
CF09761,FAIL,FAIL,FAIL,FAIL,FAIL,70
CF09762,FAIL,PASS,FAIL,PASS,FAIL,80
CF09763,PASS,PASS,PASS,PASS,PASS,93
CF09764,PASS,PASS,FAIL,PASS,PASS,74
CF09765,PASS,PASS,FAIL,FAIL,PASS,90
CF09766,FAIL,FAIL,PASS,FAIL,FAIL,82
CF09767,PASS,PASS,FAIL,FAIL,FAIL,72
CF09768,FAIL,PASS,FAIL,PASS,PASS,98
CF09769,PASS,PASS,FAIL,FAIL,PASS,67
CF09770,FAIL,FAIL,PASS,FAIL,PASS,74
CF09771,FAIL,FAIL,FAIL,PASS,FAIL,84
CF09772,FAIL,PASS,FAIL,FAIL,FAIL,84
CF09773,PASS,PASS,PASS,FAIL,FAIL,82
CF09774,PASS,FAIL,FAIL,FAIL,FAIL,88
CF09775,FAIL,FAIL,FAIL,FAIL,FAIL,75
CF09776,FAIL,FAIL,PASS,PASS,FAIL,69
CF09777,PASS,FAIL,FAIL,FAIL,FAIL,81
CF09778,PASS,FAIL,PASS,FAIL,PASS,74
CF09779,PASS,PASS,FAIL,FAIL,FAIL,72
CF09780,FAIL,PASS,FAIL,PASS,PASS,82
CF09781,PASS,FAIL,FAIL,PASS,PASS,65
CF09782,FAIL,FAIL,FAIL,PASS,PASS,98
CF09783,FAIL,FAIL,FAIL,FAIL,PASS,76
CF09784,FAIL,PASS,PASS,FAIL,PASS,94
CF09785,PASS,FAIL,PASS,FAIL,FAIL,98
CF09786,PASS,FAIL,FAIL,PASS,PASS,82
CF09787,PASS,PASS,PASS,FAIL,FAIL,73
CF09788,FAIL,FAIL,PASS,PASS,FAIL,92
CF09789,FAIL,FAIL,FAIL,FAIL,FAIL,63
CF09790,PASS,FAIL,PASS,FAIL,PASS,70
CF09791,PASS,PASS,FAIL,PASS,PASS,65
CF09792,PASS,FAIL,PASS,PASS,FAIL,73
CF09793,FAIL,PASS,PASS,PASS,FAIL,87
CF09794,FAIL,FAIL,PASS,FAIL,FAIL,82
CF09795,FAIL,FAIL,PASS,FAIL,FAIL,65
CF09796,PASS,FAIL,FAIL,FAIL,PASS,87
CF09797,PASS,PASS,PASS,PASS,FAIL,72
CF09798,FAIL,FAIL,PASS,FAIL,FAIL,87
CF09799,FAIL,FAIL,FAIL,FAIL,FAIL,79
CF09800,PASS,FAIL,PASS,FAIL,FAIL,95
CF09801,PASS,PASS,FAIL,PASS,FAIL,85
CF09802,FAIL,PASS,PASS,PASS,PASS,77
CF09803,PASS,PASS,PASS,PASS,PASS,91
CF09804,FAIL,PASS,PASS,PASS,PASS,94
CF09805,PASS,FAIL,PASS,FAIL,PASS,74
CF09806,FAIL,PASS,FAIL,FAIL,PASS,98
CF09807,FAIL,FAIL,PASS,FAIL,FAIL,65
CF09808,FAIL,FAIL,PASS,PASS,PASS,75
CF09809,FAIL,FAIL,FAIL,FAIL,FAIL,91
CF09810,FAIL,FAIL,PASS,FAIL,FAIL,62
CF09811,FAIL,FAIL,PASS,FAIL,PASS,98
CF09812,PASS,PASS,PASS,FAIL,PASS,67
CF09813,FAIL,PASS,PASS,PASS,FAIL,77
CF09814,PASS,PASS,PASS,PASS,FAIL,90
CF09815,PASS,FAIL,PASS,FAIL,PASS,74
CF09816,FAIL,FAIL,PASS,PASS,FAIL,75
CF09817,PASS,PASS,PASS,FAIL,PASS,88
CF09818,FAIL,PASS,PASS,FAIL,PASS,99
CF09819,PASS,PASS,FAIL,PASS,PASS,84
CF09820,PASS,FAIL,PASS,FAIL,PASS,74
CF09821,PASS,PASS,PASS,FAIL,FAIL,94
CF09822,FAIL,PASS,FAIL,FAIL,FAIL,83
CF09823,PASS,PASS,PASS,FAIL,PASS,89
CF09824,FAIL,FAIL,PASS,PASS,PASS,78
CF09825,PASS,PASS,PASS,FAIL,FAIL,65
CF09826,FAIL,PASS,FAIL,FAIL,FAIL,74
CF09827,FAIL,FAIL,PASS,FAIL,PASS,74
CF09828,FAIL,PASS,PASS,PASS,PASS,82
CF09829,PASS,PASS,PASS,PASS,FAIL,64
CF09830,PASS,PASS,PASS,FAIL,FAIL,83
CF09831,PASS,FAIL,PASS,PASS,PASS,61
CF09832,PASS,FAIL,PASS,FAIL,FAIL,81
CF09833,FAIL,FAIL,FAIL,FAIL,PASS,71
CF09834,PASS,FAIL,FAIL,PASS,PASS,94
CF09835,FAIL,FAIL,FAIL,PASS,PASS,88
CF09836,PASS,PASS,FAIL,PASS,PASS,93
CF09837,FAIL,FAIL,PASS,FAIL,PASS,84
CF09838,FAIL,PASS,PASS,FAIL,FAIL,98
CF09839,FAIL,FAIL,FAIL,FAIL,PASS,88
CF09840,FAIL,PASS,PASS,FAIL,PASS,63
CF09841,FAIL,PASS,PASS,PASS,FAIL,72
CF09842,FAIL,FAIL,PASS,PASS,FAIL,88
CF09843,PASS,FAIL,PASS,FAIL,PASS,99
CF09844,PASS,PASS,FAIL,PASS,FAIL,79
CF09845,FAIL,PASS,FAIL,PASS,PASS,84
CF09846,PASS,PASS,FAIL,FAIL,PASS,88
CF09847,FAIL,FAIL,PASS,PASS,FAIL,61
CF09848,PASS,FAIL,FAIL,PASS,FAIL,97
CF09849,FAIL,PASS,FAIL,PASS,PASS,69
CF09850,PASS,FAIL,FAIL,FAIL,PASS,61
CF09851,PASS,FAIL,FAIL,FAIL,FAIL,81
CF09852,FAIL,FAIL,PASS,FAIL,FAIL,72
CF09853,FAIL,PASS,PASS,PASS,FAIL,66
CF09854,PASS,PASS,PASS,FAIL,PASS,79
CF09855,PASS,PASS,PASS,PASS,FAIL,60
CF09856,FAIL,FAIL,FAIL,PASS,FAIL,79
CF09857,PASS,PASS,PASS,PASS,PASS,61
CF09858,PASS,FAIL,PASS,FAIL,PASS,92
CF09859,PASS,PASS,PASS,PASS,FAIL,84
CF09860,FAIL,FAIL,PASS,FAIL,PASS,98
CF09861,PASS,FAIL,FAIL,FAIL,FAIL,99
CF09862,PASS,FAIL,PASS,PASS,PASS,76
CF09863,PASS,PASS,PASS,FAIL,FAIL,72
CF09864,FAIL,FAIL,PASS,FAIL,FAIL,63
CF09865,FAIL,PASS,FAIL,PASS,PASS,68
CF09866,PASS,FAIL,PASS,FAIL,PASS,61
CF09867,FAIL,PASS,PASS,FAIL,FAIL,75
CF09868,FAIL,FAIL,FAIL,PASS,FAIL,99
CF09869,FAIL,PASS,PASS,PASS,PASS,87
CF09870,FAIL,PASS,FAIL,FAIL,FAIL,80
CF09871,FAIL,PASS,FAIL,PASS,FAIL,74
CF09872,FAIL,PASS,FAIL,PASS,PASS,90
CF09873,FAIL,PASS,PASS,PASS,PASS,97
CF09874,FAIL,FAIL,PASS,FAIL,PASS,94
CF09875,PASS,FAIL,PASS,PASS,FAIL,94
CF09876,PASS,PASS,PASS,FAIL,PASS,73
CF09877,PASS,PASS,FAIL,FAIL,PASS,67
CF09878,FAIL,FAIL,FAIL,PASS,FAIL,96
CF09879,PASS,FAIL,FAIL,PASS,PASS,90
CF09880,FAIL,PASS,FAIL,FAIL,FAIL,73
CF09881,FAIL,PASS,PASS,PASS,FAIL,73
CF09882,FAIL,PASS,FAIL,FAIL,PASS,61
CF09883,PASS,PASS,FAIL,FAIL,PASS,79
CF09884,PASS,PASS,PASS,FAIL,PASS,70
CF09885,FAIL,PASS,PASS,PASS,PASS,80
CF09886,PASS,FAIL,FAIL,FAIL,FAIL,87
CF09887,FAIL,FAIL,PASS,PASS,FAIL,95
CF09888,FAIL,PASS,PASS,FAIL,PASS,69
CF09889,FAIL,PASS,FAIL,FAIL,FAIL,60
CF09890,PASS,PASS,PASS,FAIL,FAIL,79
CF09891,PASS,PASS,PASS,PASS,FAIL,64
CF09892,PASS,FAIL,FAIL,PASS,FAIL,75
CF09893,FAIL,PASS,PASS,PASS,FAIL,84
CF09894,FAIL,PASS,FAIL,PASS,FAIL,82
CF09895,FAIL,FAIL,PASS,FAIL,FAIL,84
CF09896,PASS,PASS,FAIL,FAIL,FAIL,68
CF09897,PASS,FAIL,FAIL,FAIL,PASS,68
CF09898,FAIL,PASS,PASS,PASS,FAIL,81
CF09899,PASS,FAIL,PASS,PASS,FAIL,63
CF09900,PASS,FAIL,FAIL,FAIL,PASS,67
CF09901,PASS,FAIL,PASS,FAIL,PASS,80
CF09902,PASS,FAIL,FAIL,PASS,FAIL,71
CF09903,PASS,PASS,PASS,FAIL,FAIL,83
CF09904,FAIL,PASS,PASS,FAIL,FAIL,96
CF09905,FAIL,PASS,FAIL,PASS,FAIL,90
CF09906,FAIL,FAIL,PASS,FAIL,FAIL,85
CF09907,FAIL,FAIL,FAIL,FAIL,FAIL,60
CF09908,FAIL,FAIL,FAIL,PASS,PASS,99
CF09909,FAIL,FAIL,PASS,FAIL,PASS,75
CF09910,FAIL,PASS,PASS,FAIL,FAIL,83
CF09911,PASS,FAIL,FAIL,FAIL,FAIL,83
CF09912,FAIL,PASS,FAIL,PASS,FAIL,97
CF09913,FAIL,FAIL,PASS,PASS,PASS,70
CF09914,FAIL,FAIL,FAIL,FAIL,FAIL,90
CF09915,FAIL,PASS,FAIL,PASS,FAIL,80
CF09916,FAIL,FAIL,FAIL,PASS,PASS,93
CF09917,PASS,FAIL,FAIL,PASS,FAIL,61
CF09918,PASS,FAIL,FAIL,FAIL,PASS,87
CF09919,FAIL,FAIL,FAIL,FAIL,FAIL,99
CF09920,FAIL,FAIL,PASS,PASS,FAIL,69
CF09921,FAIL,PASS,PASS,PASS,PASS,69
CF09922,FAIL,FAIL,FAIL,PASS,FAIL,69
CF09923,PASS,PASS,PASS,PASS,PASS,90
CF09924,PASS,FAIL,PASS,FAIL,FAIL,79
CF09925,PASS,FAIL,FAIL,FAIL,PASS,93
CF09926,PASS,FAIL,PASS,FAIL,PASS,91
CF09927,FAIL,PASS,FAIL,PASS,FAIL,62
CF09928,FAIL,PASS,FAIL,PASS,FAIL,68
CF09929,FAIL,FAIL,FAIL,PASS,FAIL,75
CF09930,FAIL,PASS,FAIL,PASS,FAIL,89
CF09931,PASS,PASS,FAIL,FAIL,PASS,95
CF09932,FAIL,FAIL,PASS,FAIL,PASS,96
CF09933,FAIL,PASS,PASS,FAIL,PASS,90
CF09934,FAIL,FAIL,PASS,FAIL,FAIL,64
CF09935,PASS,FAIL,FAIL,FAIL,FAIL,66
CF09936,FAIL,FAIL,PASS,PASS,FAIL,98
CF09937,PASS,PASS,PASS,PASS,PASS,92
CF09938,PASS,FAIL,PASS,PASS,FAIL,88
CF09939,FAIL,PASS,FAIL,FAIL,PASS,66
CF09940,FAIL,FAIL,PASS,PASS,PASS,78
CF09941,FAIL,PASS,PASS,PASS,FAIL,67
CF09942,PASS,PASS,FAIL,FAIL,PASS,81
CF09943,PASS,FAIL,PASS,PASS,PASS,72
CF09944,PASS,FAIL,FAIL,FAIL,FAIL,84
CF09945,PASS,PASS,FAIL,PASS,PASS,65
CF09946,FAIL,FAIL,FAIL,FAIL,FAIL,83
CF09947,PASS,PASS,PASS,PASS,PASS,97
CF09948,FAIL,FAIL,PASS,PASS,FAIL,68
CF09949,FAIL,FAIL,PASS,PASS,PASS,87
CF09950,PASS,FAIL,FAIL,PASS,PASS,81
CF09951,PASS,PASS,PASS,FAIL,PASS,81
CF09952,FAIL,FAIL,FAIL,FAIL,PASS,61
CF09953,PASS,FAIL,PASS,FAIL,PASS,60
CF09954,PASS,FAIL,PASS,FAIL,FAIL,66
CF09955,FAIL,PASS,PASS,FAIL,FAIL,92
CF09956,FAIL,FAIL,PASS,FAIL,PASS,66
CF09957,PASS,FAIL,FAIL,FAIL,PASS,90
CF09958,FAIL,PASS,PASS,PASS,PASS,78
CF09959,PASS,PASS,PASS,PASS,FAIL,61
CF09960,PASS,FAIL,FAIL,PASS,FAIL,91
CF09961,PASS,PASS,FAIL,PASS,FAIL,99
CF09962,PASS,PASS,FAIL,FAIL,FAIL,95
CF09963,FAIL,PASS,PASS,FAIL,PASS,66
CF09964,PASS,FAIL,FAIL,FAIL,FAIL,86
CF09965,FAIL,PASS,FAIL,PASS,FAIL,66
CF09966,FAIL,FAIL,FAIL,PASS,PASS,84
CF09967,FAIL,PASS,PASS,FAIL,FAIL,63
CF09968,PASS,FAIL,PASS,FAIL,FAIL,72
CF09969,FAIL,FAIL,PASS,PASS,FAIL,99
CF09970,FAIL,PASS,PASS,PASS,PASS,64
CF09971,FAIL,FAIL,PASS,FAIL,PASS,63
CF09972,FAIL,PASS,PASS,FAIL,FAIL,74
CF09973,FAIL,PASS,FAIL,PASS,FAIL,96
CF09974,FAIL,FAIL,PASS,FAIL,PASS,99
CF09975,PASS,FAIL,FAIL,PASS,FAIL,80
CF09976,PASS,FAIL,FAIL,PASS,FAIL,80
CF09977,PASS,PASS,PASS,FAIL,FAIL,69
CF09978,FAIL,PASS,PASS,FAIL,FAIL,95
CF09979,FAIL,FAIL,FAIL,FAIL,PASS,77
CF09980,PASS,PASS,PASS,PASS,FAIL,75
CF09981,PASS,PASS,FAIL,PASS,FAIL,69
CF09982,FAIL,FAIL,FAIL,PASS,FAIL,93
CF09983,PASS,FAIL,PASS,FAIL,PASS,85
CF09984,PASS,PASS,FAIL,FAIL,FAIL,67
CF09985,PASS,FAIL,FAIL,PASS,FAIL,72
CF09986,PASS,FAIL,FAIL,FAIL,FAIL,84
CF09987,FAIL,FAIL,PASS,PASS,PASS,96
CF09988,PASS,FAIL,FAIL,FAIL,FAIL,66
CF09989,PASS,PASS,FAIL,FAIL,PASS,78
CF09990,PASS,PASS,FAIL,PASS,FAIL,92
CF09991,PASS,FAIL,PASS,PASS,PASS,72
CF09992,PASS,PASS,FAIL,FAIL,FAIL,86
CF09993,FAIL,FAIL,PASS,PASS,FAIL,70
CF09994,PASS,PASS,PASS,PASS,PASS,67
CF09995,FAIL,FAIL,PASS,PASS,PASS,93
CF09996,FAIL,PASS,PASS,FAIL,PASS,92
CF09997,FAIL,PASS,FAIL,FAIL,PASS,87
CF09998,FAIL,PASS,PASS,FAIL,FAIL,96
CF09999,FAIL,PASS,FAIL,PASS,PASS,85
CF10000,PASS,FAIL,FAIL,FAIL,FAIL,90
