contract_id,road_id,road_name,ward,contractor_id,contractor_name,contract_start,contract_end,sla_hours,status
CT0001,R0001,Hospital Road - Sector 36,B,C037,Skyline Roads Pvt Ltd 37,2024-06-07,2025-06-07,72,Completed
CT0002,R0002,LBS Marg - Sector 27,R South,C128,Metro Asphalt Pvt Ltd 128,2024-02-18,2025-02-17,48,Ongoing
CT0003,R0003,Linking Road - Sector 19,T,C044,Skyline Roads Pvt Ltd 44,2024-05-31,2025-05-31,24,Completed
CT0004,R0004,LBS Marg - Sector 37,K East,C072,Prime Infra Pvt Ltd 72,2024-10-22,2025-10-22,48,Ongoing
CT0005,R0005,Metro Road - Sector 31,E,C023,Shiv Shakti Pvt Ltd 23,2024-02-06,2025-02-05,24,Pending
CT0006,R0006,Market Road - Sector 24,K East,C198,RoadBuild Pvt Ltd 198,2024-08-23,2025-08-23,48,Ongoing
CT0007,R0007,Dr Annie Besant Road - Sector 28,P South,C066,Urban Concrete Pvt Ltd 66,2024-08-14,2025-08-14,72,Completed
CT0008,R0008,Hospital Road - Sector 18,A,C241,Shiv Shakti Pvt Ltd 241,2024-03-04,2025-03-04,72,Ongoing
CT0009,R0009,Marine Drive - Sector 22,G South,C011,Skyline Roads Pvt Ltd 11,2024-07-05,2025-07-05,48,Ongoing
CT0010,R0010,S.V. Road - Sector 37,F North,C105,Metro Asphalt Pvt Ltd 105,2024-11-13,2025-11-13,72,Completed
CT0011,R0011,S.V. Road - Sector 2,C,C113,Shiv Shakti Pvt Ltd 113,2024-07-06,2025-07-06,72,Pending
CT0012,R0012,Palm Beach Road - Sector 27,F South,C244,Prime Infra Pvt Ltd 244,2024-06-09,2025-06-09,48,Completed
CT0013,R0013,Veer Savarkar Road - Sector 20,F North,C175,City Build Pvt Ltd 175,2024-07-30,2025-07-30,72,Ongoing
CT0014,R0014,Hospital Road - Sector 6,P South,C068,Urban Concrete Pvt Ltd 68,2024-12-15,2025-12-15,24,Pending
CT0015,R0015,Hospital Road - Sector 4,F North,C165,Western Civil Pvt Ltd 165,2024-01-30,2025-01-29,72,Completed
CT0016,R0016,Station Road - Sector 28,G South,C180,Urban Concrete Pvt Ltd 180,2024-10-14,2025-10-14,24,Completed
CT0017,R0017,Marine Drive - Sector 14,L,C219,Urban Concrete Pvt Ltd 219,2024-02-23,2025-02-22,48,Ongoing
CT0018,R0018,Palm Beach Road - Sector 8,K East,C041,Shiv Shakti Pvt Ltd 41,2024-10-18,2025-10-18,48,Completed
CT0019,R0019,Metro Road - Sector 20,N,C058,Urban Concrete Pvt Ltd 58,2024-07-17,2025-07-17,48,Pending
CT0020,R0020,Hospital Road - Sector 4,K West,C024,RoadBuild Pvt Ltd 24,2024-06-27,2025-06-27,48,Ongoing
CT0021,R0021,Dr Annie Besant Road - Sector 9,H East,C165,Western Civil Pvt Ltd 165,2024-09-30,2025-09-30,48,Completed
CT0022,R0022,LBS Marg - Sector 1,H West,C022,Metro Asphalt Pvt Ltd 22,2024-04-02,2025-04-02,72,Completed
CT0023,R0023,S.V. Road - Sector 25,F North,C235,RoadBuild Pvt Ltd 235,2024-07-22,2025-07-22,48,Completed
CT0024,R0024,Market Road - Sector 23,N,C103,Urban Concrete Pvt Ltd 103,2024-06-17,2025-06-17,24,Ongoing
CT0025,R0025,Linking Road - Sector 28,T,C088,Shiv Shakti Pvt Ltd 88,2024-11-05,2025-11-05,48,Completed
CT0026,R0026,Veer Savarkar Road - Sector 37,C,C180,Urban Concrete Pvt Ltd 180,2024-08-31,2025-08-31,24,Ongoing
CT0027,R0027,Metro Road - Sector 27,S,C117,Apex Roads Pvt Ltd 117,2024-01-20,2025-01-19,72,Completed
CT0028,R0028,Linking Road - Sector 21,K West,C243,Metro Asphalt Pvt Ltd 243,2024-08-28,2025-08-28,24,Pending
CT0029,R0029,Veer Savarkar Road - Sector 6,S,C055,Western Civil Pvt Ltd 55,2024-06-12,2025-06-12,72,Completed
CT0030,R0030,Palm Beach Road - Sector 38,G North,C154,Western Civil Pvt Ltd 154,2024-07-13,2025-07-13,24,Ongoing
CT0031,R0031,Palm Beach Road - Sector 20,C,C203,City Build Pvt Ltd 203,2024-08-08,2025-08-08,48,Completed
CT0032,R0032,Veer Savarkar Road - Sector 11,G North,C014,Metro Asphalt Pvt Ltd 14,2024-04-18,2025-04-18,24,Pending
CT0033,R0033,LBS Marg - Sector 34,R Central,C109,Shiv Shakti Pvt Ltd 109,2024-05-18,2025-05-18,48,Pending
CT0034,R0034,Veer Savarkar Road - Sector 10,K East,C046,Apex Roads Pvt Ltd 46,2024-02-12,2025-02-11,24,Completed
CT0035,R0035,Marine Drive - Sector 13,E,C071,Shiv Shakti Pvt Ltd 71,2024-07-26,2025-07-26,24,Ongoing
CT0036,R0036,LBS Marg - Sector 12,R Central,C224,City Build Pvt Ltd 224,2024-12-30,2025-12-30,48,Ongoing
CT0037,R0037,Hospital Road - Sector 38,M East,C135,Skyline Roads Pvt Ltd 135,2024-04-19,2025-04-19,72,Ongoing
CT0038,R0038,Veer Savarkar Road - Sector 10,R Central,C048,Skyline Roads Pvt Ltd 48,2024-01-28,2025-01-27,24,Ongoing
CT0039,R0039,Station Road - Sector 20,M West,C088,Shiv Shakti Pvt Ltd 88,2024-06-01,2025-06-01,24,Completed
CT0040,R0040,Market Road - Sector 5,K East,C090,Prime Infra Pvt Ltd 90,2024-08-02,2025-08-02,48,Ongoing
CT0041,R0041,Linking Road - Sector 4,M East,C138,Prime Infra Pvt Ltd 138,2024-12-18,2025-12-18,24,Pending
CT0042,R0042,Metro Road - Sector 6,C,C112,Metro Asphalt Pvt Ltd 112,2024-06-30,2025-06-30,72,Pending
CT0043,R0043,Station Road - Sector 38,K West,C100,City Build Pvt Ltd 100,2024-01-06,2025-01-05,72,Pending
CT0044,R0044,Hospital Road - Sector 13,M East,C051,Urban Concrete Pvt Ltd 51,2024-02-09,2025-02-08,72,Pending
CT0045,R0045,S.V. Road - Sector 4,N,C149,Shiv Shakti Pvt Ltd 149,2024-11-11,2025-11-11,24,Ongoing
CT0046,R0046,LBS Marg - Sector 33,H West,C171,Apex Roads Pvt Ltd 171,2024-06-11,2025-06-11,24,Completed
CT0047,R0047,Dr Annie Besant Road - Sector 29,B,C230,Skyline Roads Pvt Ltd 230,2024-08-22,2025-08-22,24,Ongoing
CT0048,R0048,Hospital Road - Sector 11,N,C222,Urban Concrete Pvt Ltd 222,2024-06-11,2025-06-11,24,Pending
CT0049,R0049,Palm Beach Road - Sector 27,H East,C105,Metro Asphalt Pvt Ltd 105,2024-05-14,2025-05-14,72,Pending
CT0050,R0050,Metro Road - Sector 22,R Central,C001,Western Civil Pvt Ltd 1,2024-08-18,2025-08-18,24,Pending
CT0051,R0051,Market Road - Sector 25,D,C116,Prime Infra Pvt Ltd 116,2024-11-23,2025-11-23,72,Completed
CT0052,R0052,Metro Road - Sector 39,T,C010,Prime Infra Pvt Ltd 10,2024-04-21,2025-04-21,72,Completed
CT0053,R0053,Hospital Road - Sector 10,C,C108,Shiv Shakti Pvt Ltd 108,2024-12-22,2025-12-22,72,Completed
CT0054,R0054,Metro Road - Sector 26,R Central,C154,Western Civil Pvt Ltd 154,2024-07-12,2025-07-12,24,Ongoing
CT0055,R0055,Market Road - Sector 25,H East,C054,Western Civil Pvt Ltd 54,2024-04-07,2025-04-07,72,Pending
CT0056,R0056,Metro Road - Sector 34,E,C245,City Build Pvt Ltd 245,2024-01-08,2025-01-07,48,Ongoing
CT0057,R0057,Veer Savarkar Road - Sector 2,N,C005,City Build Pvt Ltd 5,2024-06-03,2025-06-03,48,Pending
CT0058,R0058,Dr Annie Besant Road - Sector 22,F North,C210,Skyline Roads Pvt Ltd 210,2024-03-04,2025-03-04,72,Ongoing
CT0059,R0059,S.V. Road - Sector 10,G North,C167,Apex Roads Pvt Ltd 167,2024-08-21,2025-08-21,48,Ongoing
CT0060,R0060,Market Road - Sector 35,D,C091,Apex Roads Pvt Ltd 91,2024-06-29,2025-06-29,72,Ongoing
CT0061,R0061,Metro Road - Sector 22,B,C134,Urban Concrete Pvt Ltd 134,2024-06-20,2025-06-20,24,Completed
CT0062,R0062,Palm Beach Road - Sector 10,R North,C118,Skyline Roads Pvt Ltd 118,2024-08-07,2025-08-07,48,Completed
CT0063,R0063,Hospital Road - Sector 11,S,C142,Skyline Roads Pvt Ltd 142,2024-10-31,2025-10-31,24,Pending
CT0064,R0064,Palm Beach Road - Sector 24,B,C112,Metro Asphalt Pvt Ltd 112,2024-07-14,2025-07-14,48,Pending
CT0065,R0065,Hospital Road - Sector 19,M East,C177,Metro Asphalt Pvt Ltd 177,2024-12-14,2025-12-14,48,Pending
CT0066,R0066,Market Road - Sector 16,G North,C073,City Build Pvt Ltd 73,2024-12-25,2025-12-25,72,Completed
CT0067,R0067,Veer Savarkar Road - Sector 37,F South,C023,Shiv Shakti Pvt Ltd 23,2024-02-23,2025-02-22,24,Pending
CT0068,R0068,Palm Beach Road - Sector 33,H East,C005,City Build Pvt Ltd 5,2024-11-11,2025-11-11,48,Completed
CT0069,R0069,Dr Annie Besant Road - Sector 39,F North,C128,Metro Asphalt Pvt Ltd 128,2024-11-15,2025-11-15,72,Completed
CT0070,R0070,Metro Road - Sector 31,B,C163,City Build Pvt Ltd 163,2024-08-15,2025-08-15,72,Pending
CT0071,R0071,Market Road - Sector 8,D,C207,Urban Concrete Pvt Ltd 207,2024-01-17,2025-01-16,72,Ongoing
CT0072,R0072,Marine Drive - Sector 29,F North,C219,Urban Concrete Pvt Ltd 219,2024-08-03,2025-08-03,24,Completed
CT0073,R0073,LBS Marg - Sector 15,L,C199,Skyline Roads Pvt Ltd 199,2024-08-20,2025-08-20,72,Ongoing
CT0074,R0074,Palm Beach Road - Sector 4,A,C030,Skyline Roads Pvt Ltd 30,2024-04-10,2025-04-10,48,Completed
CT0075,R0075,Dr Annie Besant Road - Sector 25,K East,C090,Prime Infra Pvt Ltd 90,2024-08-25,2025-08-25,48,Pending
CT0076,R0076,Linking Road - Sector 21,G North,C181,Apex Roads Pvt Ltd 181,2024-07-21,2025-07-21,24,Ongoing
CT0077,R0077,S.V. Road - Sector 3,E,C201,Metro Asphalt Pvt Ltd 201,2024-04-24,2025-04-24,72,Ongoing
CT0078,R0078,S.V. Road - Sector 31,S,C069,Shiv Shakti Pvt Ltd 69,2024-12-03,2025-12-03,48,Ongoing
CT0079,R0079,Linking Road - Sector 17,C,C215,Urban Concrete Pvt Ltd 215,2024-07-31,2025-07-31,72,Completed
CT0080,R0080,Hospital Road - Sector 34,P North,C002,Metro Asphalt Pvt Ltd 2,2024-07-31,2025-07-31,24,Completed
CT0081,R0081,Dr Annie Besant Road - Sector 20,H East,C007,Prime Infra Pvt Ltd 7,2024-03-19,2025-03-19,48,Pending
CT0082,R0082,Palm Beach Road - Sector 40,G North,C210,Skyline Roads Pvt Ltd 210,2024-11-03,2025-11-03,48,Ongoing
CT0083,R0083,Station Road - Sector 39,D,C044,Skyline Roads Pvt Ltd 44,2024-10-19,2025-10-19,48,Completed
CT0084,R0084,Market Road - Sector 37,R Central,C143,Urban Concrete Pvt Ltd 143,2024-07-19,2025-07-19,24,Pending
CT0085,R0085,Palm Beach Road - Sector 1,H East,C165,Western Civil Pvt Ltd 165,2024-07-20,2025-07-20,24,Pending
CT0086,R0086,Hospital Road - Sector 27,G North,C110,Skyline Roads Pvt Ltd 110,2024-03-06,2025-03-06,72,Ongoing
CT0087,R0087,Veer Savarkar Road - Sector 5,N,C187,Skyline Roads Pvt Ltd 187,2024-03-29,2025-03-29,48,Ongoing
CT0088,R0088,Market Road - Sector 36,N,C133,Skyline Roads Pvt Ltd 133,2024-03-22,2025-03-22,48,Completed
CT0089,R0089,Linking Road - Sector 25,M West,C026,RoadBuild Pvt Ltd 26,2024-12-29,2025-12-29,24,Pending
CT0090,R0090,Linking Road - Sector 23,T,C031,Apex Roads Pvt Ltd 31,2024-11-19,2025-11-19,72,Ongoing
CT0091,R0091,Metro Road - Sector 7,G North,C216,Prime Infra Pvt Ltd 216,2024-11-17,2025-11-17,48,Pending
CT0092,R0092,Linking Road - Sector 23,E,C041,Shiv Shakti Pvt Ltd 41,2024-06-14,2025-06-14,24,Completed
CT0093,R0093,S.V. Road - Sector 30,R Central,C024,RoadBuild Pvt Ltd 24,2024-01-14,2025-01-13,48,Completed
CT0094,R0094,S.V. Road - Sector 9,R Central,C161,Metro Asphalt Pvt Ltd 161,2024-10-30,2025-10-30,24,Completed
CT0095,R0095,Marine Drive - Sector 13,B,C159,Skyline Roads Pvt Ltd 159,2024-12-28,2025-12-28,72,Completed
CT0096,R0096,Veer Savarkar Road - Sector 20,B,C147,Urban Concrete Pvt Ltd 147,2024-07-14,2025-07-14,24,Pending
CT0097,R0097,Station Road - Sector 17,P North,C188,Prime Infra Pvt Ltd 188,2024-03-07,2025-03-07,48,Pending
CT0098,R0098,Veer Savarkar Road - Sector 4,H East,C162,Western Civil Pvt Ltd 162,2024-07-02,2025-07-02,24,Completed
CT0099,R0099,LBS Marg - Sector 24,G South,C168,Apex Roads Pvt Ltd 168,2024-04-23,2025-04-23,48,Completed
CT0100,R0100,Station Road - Sector 25,T,C138,Prime Infra Pvt Ltd 138,2024-05-05,2025-05-05,72,Ongoing
CT0101,R0101,Station Road - Sector 24,M West,C198,RoadBuild Pvt Ltd 198,2024-05-13,2025-05-13,72,Completed
CT0102,R0102,Palm Beach Road - Sector 6,C,C071,Shiv Shakti Pvt Ltd 71,2024-02-12,2025-02-11,24,Pending
CT0103,R0103,Marine Drive - Sector 21,P North,C006,Metro Asphalt Pvt Ltd 6,2024-11-22,2025-11-22,72,Completed
CT0104,R0104,Metro Road - Sector 19,H West,C029,Prime Infra Pvt Ltd 29,2024-08-23,2025-08-23,72,Completed
CT0105,R0105,Palm Beach Road - Sector 11,R North,C028,Prime Infra Pvt Ltd 28,2024-03-13,2025-03-13,48,Ongoing
CT0106,R0106,Station Road - Sector 3,K East,C230,Skyline Roads Pvt Ltd 230,2024-04-02,2025-04-02,24,Completed
CT0107,R0107,Palm Beach Road - Sector 18,R North,C127,Western Civil Pvt Ltd 127,2024-07-04,2025-07-04,24,Ongoing
CT0108,R0108,Metro Road - Sector 26,C,C026,RoadBuild Pvt Ltd 26,2024-09-08,2025-09-08,24,Ongoing
CT0109,R0109,Metro Road - Sector 11,T,C019,Urban Concrete Pvt Ltd 19,2024-09-06,2025-09-06,72,Completed
CT0110,R0110,Metro Road - Sector 29,R North,C054,Western Civil Pvt Ltd 54,2024-12-17,2025-12-17,48,Ongoing
CT0111,R0111,Dr Annie Besant Road - Sector 24,C,C228,Western Civil Pvt Ltd 228,2024-06-09,2025-06-09,72,Ongoing
CT0112,R0112,Linking Road - Sector 39,P South,C207,Urban Concrete Pvt Ltd 207,2024-03-23,2025-03-23,24,Ongoing
CT0113,R0113,Veer Savarkar Road - Sector 29,K East,C003,Shiv Shakti Pvt Ltd 3,2024-04-01,2025-04-01,72,Pending
CT0114,R0114,Veer Savarkar Road - Sector 26,N,C162,Western Civil Pvt Ltd 162,2024-11-06,2025-11-06,24,Completed
CT0115,R0115,LBS Marg - Sector 2,G North,C250,Western Civil Pvt Ltd 250,2024-06-24,2025-06-24,48,Ongoing
CT0116,R0116,Market Road - Sector 25,M West,C158,Apex Roads Pvt Ltd 158,2024-11-03,2025-11-03,72,Completed
CT0117,R0117,Marine Drive - Sector 29,G South,C041,Shiv Shakti Pvt Ltd 41,2024-09-24,2025-09-24,72,Ongoing
CT0118,R0118,Station Road - Sector 13,S,C238,Prime Infra Pvt Ltd 238,2024-03-03,2025-03-03,24,Pending
CT0119,R0119,Station Road - Sector 12,C,C008,Prime Infra Pvt Ltd 8,2024-10-01,2025-10-01,24,Pending
CT0120,R0120,Metro Road - Sector 21,C,C132,RoadBuild Pvt Ltd 132,2024-03-19,2025-03-19,24,Ongoing
CT0121,R0121,LBS Marg - Sector 36,S,C030,Skyline Roads Pvt Ltd 30,2024-04-21,2025-04-21,24,Ongoing
CT0122,R0122,S.V. Road - Sector 12,H East,C036,Prime Infra Pvt Ltd 36,2024-04-22,2025-04-22,24,Pending
CT0123,R0123,LBS Marg - Sector 13,G North,C178,Western Civil Pvt Ltd 178,2024-03-05,2025-03-05,48,Ongoing
CT0124,R0124,Linking Road - Sector 24,M West,C124,Skyline Roads Pvt Ltd 124,2024-04-12,2025-04-12,24,Ongoing
CT0125,R0125,Market Road - Sector 9,M East,C182,City Build Pvt Ltd 182,2024-10-09,2025-10-09,72,Ongoing
CT0126,R0126,Marine Drive - Sector 26,C,C120,Metro Asphalt Pvt Ltd 120,2024-09-10,2025-09-10,48,Pending
CT0127,R0127,Palm Beach Road - Sector 27,N,C243,Metro Asphalt Pvt Ltd 243,2024-07-23,2025-07-23,24,Ongoing
CT0128,R0128,Veer Savarkar Road - Sector 5,E,C045,Shiv Shakti Pvt Ltd 45,2024-04-11,2025-04-11,72,Pending
CT0129,R0129,Market Road - Sector 23,R South,C072,Prime Infra Pvt Ltd 72,2024-07-20,2025-07-20,24,Pending
CT0130,R0130,Hospital Road - Sector 12,R Central,C204,Urban Concrete Pvt Ltd 204,2024-10-27,2025-10-27,48,Completed
CT0131,R0131,Linking Road - Sector 8,N,C204,Urban Concrete Pvt Ltd 204,2024-04-15,2025-04-15,72,Ongoing
CT0132,R0132,S.V. Road - Sector 11,H East,C111,RoadBuild Pvt Ltd 111,2024-08-16,2025-08-16,48,Pending
CT0133,R0133,Market Road - Sector 19,K East,C192,Metro Asphalt Pvt Ltd 192,2024-05-19,2025-05-19,48,Pending
CT0134,R0134,Metro Road - Sector 36,F South,C028,Prime Infra Pvt Ltd 28,2024-11-06,2025-11-06,48,Ongoing
CT0135,R0135,Marine Drive - Sector 40,R Central,C052,Prime Infra Pvt Ltd 52,2024-10-17,2025-10-17,48,Ongoing
CT0136,R0136,Metro Road - Sector 11,N,C230,Skyline Roads Pvt Ltd 230,2024-11-19,2025-11-19,24,Ongoing
CT0137,R0137,Metro Road - Sector 40,F North,C043,Western Civil Pvt Ltd 43,2024-01-18,2025-01-17,72,Ongoing
CT0138,R0138,Linking Road - Sector 2,P South,C151,Western Civil Pvt Ltd 151,2024-07-28,2025-07-28,48,Pending
CT0139,R0139,Hospital Road - Sector 17,R Central,C212,RoadBuild Pvt Ltd 212,2024-11-26,2025-11-26,72,Ongoing
CT0140,R0140,Palm Beach Road - Sector 40,P South,C102,Apex Roads Pvt Ltd 102,2024-01-16,2025-01-15,24,Completed
CT0141,R0141,Metro Road - Sector 35,M West,C208,RoadBuild Pvt Ltd 208,2024-06-14,2025-06-14,48,Completed
CT0142,R0142,Dr Annie Besant Road - Sector 26,M West,C092,Prime Infra Pvt Ltd 92,2024-05-05,2025-05-05,24,Completed
CT0143,R0143,Linking Road - Sector 11,C,C169,Prime Infra Pvt Ltd 169,2024-07-09,2025-07-09,48,Completed
CT0144,R0144,Station Road - Sector 14,M West,C200,Metro Asphalt Pvt Ltd 200,2024-06-09,2025-06-09,24,Completed
CT0145,R0145,Veer Savarkar Road - Sector 23,H West,C082,City Build Pvt Ltd 82,2024-12-18,2025-12-18,24,Pending
CT0146,R0146,Market Road - Sector 36,K East,C085,Prime Infra Pvt Ltd 85,2024-04-19,2025-04-19,48,Pending
CT0147,R0147,Station Road - Sector 8,G North,C204,Urban Concrete Pvt Ltd 204,2024-06-13,2025-06-13,24,Pending
CT0148,R0148,S.V. Road - Sector 7,G North,C017,Urban Concrete Pvt Ltd 17,2024-07-16,2025-07-16,48,Pending
CT0149,R0149,Hospital Road - Sector 27,K West,C055,Western Civil Pvt Ltd 55,2024-09-26,2025-09-26,24,Completed
CT0150,R0150,Hospital Road - Sector 21,H West,C144,Prime Infra Pvt Ltd 144,2024-05-22,2025-05-22,72,Pending
CT0151,R0151,Market Road - Sector 30,M West,C243,Metro Asphalt Pvt Ltd 243,2024-12-09,2025-12-09,24,Pending
CT0152,R0152,Linking Road - Sector 6,M West,C229,Shiv Shakti Pvt Ltd 229,2024-11-26,2025-11-26,48,Pending
CT0153,R0153,Dr Annie Besant Road - Sector 14,M East,C194,Prime Infra Pvt Ltd 194,2024-08-10,2025-08-10,48,Ongoing
CT0154,R0154,Linking Road - Sector 19,B,C051,Urban Concrete Pvt Ltd 51,2024-04-10,2025-04-10,24,Ongoing
CT0155,R0155,Market Road - Sector 1,H East,C128,Metro Asphalt Pvt Ltd 128,2024-01-24,2025-01-23,48,Ongoing
CT0156,R0156,Marine Drive - Sector 24,E,C031,Apex Roads Pvt Ltd 31,2024-03-04,2025-03-04,48,Completed
CT0157,R0157,Palm Beach Road - Sector 4,B,C154,Western Civil Pvt Ltd 154,2024-06-16,2025-06-16,72,Ongoing
CT0158,R0158,Market Road - Sector 19,K East,C061,Western Civil Pvt Ltd 61,2024-10-22,2025-10-22,24,Ongoing
CT0159,R0159,Station Road - Sector 36,N,C005,City Build Pvt Ltd 5,2024-11-25,2025-11-25,72,Completed
CT0160,R0160,LBS Marg - Sector 26,E,C234,City Build Pvt Ltd 234,2024-08-24,2025-08-24,48,Completed
CT0161,R0161,Veer Savarkar Road - Sector 10,P North,C216,Prime Infra Pvt Ltd 216,2024-07-25,2025-07-25,24,Pending
CT0162,R0162,Market Road - Sector 3,K West,C236,Prime Infra Pvt Ltd 236,2024-09-27,2025-09-27,24,Ongoing
CT0163,R0163,Veer Savarkar Road - Sector 31,E,C166,Urban Concrete Pvt Ltd 166,2024-01-09,2025-01-08,24,Ongoing
CT0164,R0164,Hospital Road - Sector 33,E,C025,Prime Infra Pvt Ltd 25,2024-07-31,2025-07-31,72,Ongoing
CT0165,R0165,Veer Savarkar Road - Sector 11,R North,C071,Shiv Shakti Pvt Ltd 71,2024-06-11,2025-06-11,48,Ongoing
CT0166,R0166,Veer Savarkar Road - Sector 33,P South,C021,City Build Pvt Ltd 21,2024-10-11,2025-10-11,48,Ongoing
CT0167,R0167,Hospital Road - Sector 20,M West,C157,RoadBuild Pvt Ltd 157,2024-01-25,2025-01-24,48,Ongoing
CT0168,R0168,Veer Savarkar Road - Sector 8,K East,C179,Metro Asphalt Pvt Ltd 179,2024-08-20,2025-08-20,48,Pending
CT0169,R0169,Metro Road - Sector 2,T,C248,Shiv Shakti Pvt Ltd 248,2024-03-03,2025-03-03,48,Pending
CT0170,R0170,Metro Road - Sector 38,G South,C027,Urban Concrete Pvt Ltd 27,2024-01-15,2025-01-14,24,Completed
CT0171,R0171,Linking Road - Sector 38,T,C212,RoadBuild Pvt Ltd 212,2024-01-06,2025-01-05,24,Completed
CT0172,R0172,Metro Road - Sector 40,N,C083,RoadBuild Pvt Ltd 83,2024-12-18,2025-12-18,72,Ongoing
CT0173,R0173,Dr Annie Besant Road - Sector 3,R South,C058,Urban Concrete Pvt Ltd 58,2024-03-28,2025-03-28,24,Completed
CT0174,R0174,Linking Road - Sector 29,F South,C186,City Build Pvt Ltd 186,2024-07-07,2025-07-07,72,Completed
CT0175,R0175,Palm Beach Road - Sector 14,E,C240,Apex Roads Pvt Ltd 240,2024-12-18,2025-12-18,24,Ongoing
CT0176,R0176,Station Road - Sector 4,R North,C227,Prime Infra Pvt Ltd 227,2024-01-23,2025-01-22,24,Completed
CT0177,R0177,Dr Annie Besant Road - Sector 36,N,C243,Metro Asphalt Pvt Ltd 243,2024-06-04,2025-06-04,24,Ongoing
CT0178,R0178,Palm Beach Road - Sector 21,N,C085,Prime Infra Pvt Ltd 85,2024-12-18,2025-12-18,72,Ongoing
CT0179,R0179,Veer Savarkar Road - Sector 35,P North,C070,Metro Asphalt Pvt Ltd 70,2024-12-23,2025-12-23,24,Completed
CT0180,R0180,Station Road - Sector 13,R North,C150,Metro Asphalt Pvt Ltd 150,2024-08-23,2025-08-23,24,Completed
CT0181,R0181,Marine Drive - Sector 15,P North,C082,City Build Pvt Ltd 82,2024-03-16,2025-03-16,72,Ongoing
CT0182,R0182,Dr Annie Besant Road - Sector 32,S,C164,RoadBuild Pvt Ltd 164,2024-08-16,2025-08-16,72,Completed
CT0183,R0183,Market Road - Sector 18,K East,C134,Urban Concrete Pvt Ltd 134,2024-09-27,2025-09-27,24,Pending
CT0184,R0184,Metro Road - Sector 35,P South,C123,Shiv Shakti Pvt Ltd 123,2024-12-04,2025-12-04,48,Ongoing
CT0185,R0185,S.V. Road - Sector 19,K East,C083,RoadBuild Pvt Ltd 83,2024-09-04,2025-09-04,24,Completed
CT0186,R0186,LBS Marg - Sector 23,S,C068,Urban Concrete Pvt Ltd 68,2024-05-31,2025-05-31,72,Completed
CT0187,R0187,Station Road - Sector 14,T,C091,Apex Roads Pvt Ltd 91,2024-10-12,2025-10-12,24,Pending
CT0188,R0188,Market Road - Sector 18,G South,C166,Urban Concrete Pvt Ltd 166,2024-04-15,2025-04-15,72,Completed
CT0189,R0189,Hospital Road - Sector 16,R North,C020,Shiv Shakti Pvt Ltd 20,2024-09-10,2025-09-10,24,Completed
CT0190,R0190,Market Road - Sector 15,R South,C004,City Build Pvt Ltd 4,2024-12-09,2025-12-09,24,Ongoing
CT0191,R0191,LBS Marg - Sector 27,B,C210,Skyline Roads Pvt Ltd 210,2024-07-16,2025-07-16,24,Ongoing
CT0192,R0192,Metro Road - Sector 9,D,C027,Urban Concrete Pvt Ltd 27,2024-06-23,2025-06-23,24,Pending
CT0193,R0193,Palm Beach Road - Sector 31,F North,C195,Western Civil Pvt Ltd 195,2024-09-27,2025-09-27,72,Ongoing
CT0194,R0194,Veer Savarkar Road - Sector 19,H East,C195,Western Civil Pvt Ltd 195,2024-06-08,2025-06-08,72,Ongoing
CT0195,R0195,Metro Road - Sector 37,C,C168,Apex Roads Pvt Ltd 168,2024-03-19,2025-03-19,72,Completed
CT0196,R0196,Linking Road - Sector 12,T,C235,RoadBuild Pvt Ltd 235,2024-03-07,2025-03-07,24,Ongoing
CT0197,R0197,Palm Beach Road - Sector 32,B,C099,Prime Infra Pvt Ltd 99,2024-08-19,2025-08-19,72,Pending
CT0198,R0198,Linking Road - Sector 20,B,C052,Prime Infra Pvt Ltd 52,2024-07-23,2025-07-23,24,Completed
CT0199,R0199,Marine Drive - Sector 30,H West,C072,Prime Infra Pvt Ltd 72,2024-08-04,2025-08-04,24,Pending
CT0200,R0200,Station Road - Sector 9,N,C079,City Build Pvt Ltd 79,2024-10-22,2025-10-22,72,Completed
CT0201,R0201,Dr Annie Besant Road - Sector 8,G South,C038,Western Civil Pvt Ltd 38,2024-08-24,2025-08-24,24,Pending
CT0202,R0202,Station Road - Sector 17,T,C029,Prime Infra Pvt Ltd 29,2024-05-03,2025-05-03,24,Ongoing
CT0203,R0203,Veer Savarkar Road - Sector 19,A,C048,Skyline Roads Pvt Ltd 48,2024-05-16,2025-05-16,24,Ongoing
CT0204,R0204,Hospital Road - Sector 26,F North,C170,Apex Roads Pvt Ltd 170,2024-09-28,2025-09-28,48,Ongoing
CT0205,R0205,LBS Marg - Sector 26,H West,C068,Urban Concrete Pvt Ltd 68,2024-03-01,2025-03-01,72,Completed
CT0206,R0206,S.V. Road - Sector 31,F North,C091,Apex Roads Pvt Ltd 91,2024-08-08,2025-08-08,24,Completed
CT0207,R0207,Marine Drive - Sector 25,A,C102,Apex Roads Pvt Ltd 102,2024-09-14,2025-09-14,48,Pending
CT0208,R0208,Veer Savarkar Road - Sector 20,G South,C086,Urban Concrete Pvt Ltd 86,2024-01-28,2025-01-27,48,Ongoing
CT0209,R0209,Metro Road - Sector 24,G South,C095,Shiv Shakti Pvt Ltd 95,2024-02-20,2025-02-19,24,Pending
CT0210,R0210,Metro Road - Sector 8,B,C098,Apex Roads Pvt Ltd 98,2024-08-04,2025-08-04,24,Ongoing
CT0211,R0211,Palm Beach Road - Sector 33,F North,C049,RoadBuild Pvt Ltd 49,2024-07-25,2025-07-25,24,Pending
CT0212,R0212,LBS Marg - Sector 19,S,C071,Shiv Shakti Pvt Ltd 71,2024-09-28,2025-09-28,72,Ongoing
CT0213,R0213,S.V. Road - Sector 31,G North,C133,Skyline Roads Pvt Ltd 133,2024-08-09,2025-08-09,24,Pending
CT0214,R0214,Hospital Road - Sector 24,T,C013,Prime Infra Pvt Ltd 13,2024-11-26,2025-11-26,24,Completed
CT0215,R0215,Market Road - Sector 14,M West,C057,Urban Concrete Pvt Ltd 57,2024-02-28,2025-02-27,24,Completed
CT0216,R0216,Station Road - Sector 34,N,C148,RoadBuild Pvt Ltd 148,2024-05-16,2025-05-16,24,Completed
CT0217,R0217,Hospital Road - Sector 8,C,C137,Western Civil Pvt Ltd 137,2024-02-21,2025-02-20,48,Completed
CT0218,R0218,Dr Annie Besant Road - Sector 37,N,C226,Western Civil Pvt Ltd 226,2024-11-13,2025-11-13,72,Pending
CT0219,R0219,Veer Savarkar Road - Sector 34,F North,C104,Western Civil Pvt Ltd 104,2024-07-19,2025-07-19,48,Completed
CT0220,R0220,Dr Annie Besant Road - Sector 38,R South,C057,Urban Concrete Pvt Ltd 57,2024-12-20,2025-12-20,48,Ongoing
CT0221,R0221,Station Road - Sector 4,N,C053,City Build Pvt Ltd 53,2024-03-28,2025-03-28,24,Ongoing
CT0222,R0222,Palm Beach Road - Sector 30,N,C164,RoadBuild Pvt Ltd 164,2024-05-27,2025-05-27,72,Pending
CT0223,R0223,Station Road - Sector 20,P North,C074,Metro Asphalt Pvt Ltd 74,2024-01-02,2025-01-01,24,Completed
CT0224,R0224,Marine Drive - Sector 1,K West,C129,Urban Concrete Pvt Ltd 129,2024-12-24,2025-12-24,72,Ongoing
CT0225,R0225,LBS Marg - Sector 3,P South,C190,Prime Infra Pvt Ltd 190,2024-06-05,2025-06-05,72,Completed
CT0226,R0226,LBS Marg - Sector 35,S,C044,Skyline Roads Pvt Ltd 44,2024-06-10,2025-06-10,72,Completed
CT0227,R0227,Linking Road - Sector 19,M West,C043,Western Civil Pvt Ltd 43,2024-04-05,2025-04-05,48,Ongoing
CT0228,R0228,Metro Road - Sector 27,E,C037,Skyline Roads Pvt Ltd 37,2024-01-07,2025-01-06,72,Ongoing
CT0229,R0229,Palm Beach Road - Sector 25,M East,C110,Skyline Roads Pvt Ltd 110,2024-06-20,2025-06-20,24,Completed
CT0230,R0230,Metro Road - Sector 23,E,C250,Western Civil Pvt Ltd 250,2024-05-15,2025-05-15,24,Completed
CT0231,R0231,Palm Beach Road - Sector 34,P North,C174,Apex Roads Pvt Ltd 174,2024-01-05,2025-01-04,72,Ongoing
CT0232,R0232,Linking Road - Sector 20,A,C249,Apex Roads Pvt Ltd 249,2024-08-30,2025-08-30,72,Completed
CT0233,R0233,Market Road - Sector 25,L,C126,City Build Pvt Ltd 126,2024-05-06,2025-05-06,48,Completed
CT0234,R0234,Veer Savarkar Road - Sector 10,M East,C012,Urban Concrete Pvt Ltd 12,2024-01-09,2025-01-08,72,Pending
CT0235,R0235,LBS Marg - Sector 3,T,C075,Skyline Roads Pvt Ltd 75,2024-04-26,2025-04-26,72,Pending
CT0236,R0236,Linking Road - Sector 16,R North,C043,Western Civil Pvt Ltd 43,2024-03-16,2025-03-16,24,Completed
CT0237,R0237,Hospital Road - Sector 3,D,C078,Prime Infra Pvt Ltd 78,2024-06-20,2025-06-20,48,Ongoing
CT0238,R0238,Linking Road - Sector 26,G North,C189,Metro Asphalt Pvt Ltd 189,2024-06-28,2025-06-28,72,Ongoing
CT0239,R0239,Dr Annie Besant Road - Sector 4,P North,C170,Apex Roads Pvt Ltd 170,2024-09-06,2025-09-06,48,Ongoing
CT0240,R0240,Dr Annie Besant Road - Sector 37,H East,C118,Skyline Roads Pvt Ltd 118,2024-01-07,2025-01-06,48,Ongoing
CT0241,R0241,Marine Drive - Sector 10,G North,C182,City Build Pvt Ltd 182,2024-06-19,2025-06-19,72,Pending
CT0242,R0242,Palm Beach Road - Sector 20,G North,C220,Skyline Roads Pvt Ltd 220,2024-11-01,2025-11-01,48,Completed
CT0243,R0243,Hospital Road - Sector 12,P North,C070,Metro Asphalt Pvt Ltd 70,2024-12-17,2025-12-17,72,Pending
CT0244,R0244,Station Road - Sector 4,P North,C164,RoadBuild Pvt Ltd 164,2024-01-11,2025-01-10,24,Ongoing
CT0245,R0245,Veer Savarkar Road - Sector 27,N,C220,Skyline Roads Pvt Ltd 220,2024-04-22,2025-04-22,72,Completed
CT0246,R0246,Palm Beach Road - Sector 12,H East,C092,Prime Infra Pvt Ltd 92,2024-09-11,2025-09-11,24,Completed
CT0247,R0247,Dr Annie Besant Road - Sector 20,G North,C148,RoadBuild Pvt Ltd 148,2024-12-22,2025-12-22,48,Ongoing
CT0248,R0248,Linking Road - Sector 36,M East,C053,City Build Pvt Ltd 53,2024-02-15,2025-02-14,24,Ongoing
CT0249,R0249,Market Road - Sector 9,P North,C164,RoadBuild Pvt Ltd 164,2024-02-25,2025-02-24,48,Pending
CT0250,R0250,Dr Annie Besant Road - Sector 22,G South,C174,Apex Roads Pvt Ltd 174,2024-10-05,2025-10-05,48,Pending
CT0251,R0251,Veer Savarkar Road - Sector 6,M East,C045,Shiv Shakti Pvt Ltd 45,2024-05-15,2025-05-15,72,Ongoing
CT0252,R0252,Marine Drive - Sector 25,B,C228,Western Civil Pvt Ltd 228,2024-06-18,2025-06-18,48,Pending
CT0253,R0253,Dr Annie Besant Road - Sector 38,C,C107,Shiv Shakti Pvt Ltd 107,2024-05-21,2025-05-21,48,Completed
CT0254,R0254,Station Road - Sector 14,F South,C011,Skyline Roads Pvt Ltd 11,2024-10-23,2025-10-23,72,Pending
CT0255,R0255,Dr Annie Besant Road - Sector 13,A,C088,Shiv Shakti Pvt Ltd 88,2024-11-09,2025-11-09,24,Ongoing
CT0256,R0256,Station Road - Sector 16,T,C204,Urban Concrete Pvt Ltd 204,2024-08-20,2025-08-20,72,Ongoing
CT0257,R0257,Dr Annie Besant Road - Sector 36,K West,C074,Metro Asphalt Pvt Ltd 74,2024-02-26,2025-02-25,24,Ongoing
CT0258,R0258,Station Road - Sector 35,K West,C238,Prime Infra Pvt Ltd 238,2024-12-16,2025-12-16,24,Ongoing
CT0259,R0259,Marine Drive - Sector 24,H East,C175,City Build Pvt Ltd 175,2024-03-17,2025-03-17,72,Ongoing
CT0260,R0260,LBS Marg - Sector 31,M East,C160,Metro Asphalt Pvt Ltd 160,2024-10-12,2025-10-12,72,Completed
CT0261,R0261,Veer Savarkar Road - Sector 27,K East,C078,Prime Infra Pvt Ltd 78,2024-09-06,2025-09-06,48,Completed
CT0262,R0262,S.V. Road - Sector 2,T,C205,Urban Concrete Pvt Ltd 205,2024-05-30,2025-05-30,24,Ongoing
CT0263,R0263,Hospital Road - Sector 27,P South,C011,Skyline Roads Pvt Ltd 11,2024-04-21,2025-04-21,48,Pending
CT0264,R0264,Veer Savarkar Road - Sector 15,F South,C032,Apex Roads Pvt Ltd 32,2024-01-28,2025-01-27,48,Ongoing
CT0265,R0265,Market Road - Sector 22,M West,C002,Metro Asphalt Pvt Ltd 2,2024-08-08,2025-08-08,48,Pending
CT0266,R0266,Metro Road - Sector 32,T,C214,Metro Asphalt Pvt Ltd 214,2024-01-01,2024-12-31,24,Ongoing
CT0267,R0267,Veer Savarkar Road - Sector 11,T,C036,Prime Infra Pvt Ltd 36,2024-06-28,2025-06-28,48,Pending
CT0268,R0268,S.V. Road - Sector 35,M West,C171,Apex Roads Pvt Ltd 171,2024-10-14,2025-10-14,24,Completed
CT0269,R0269,Linking Road - Sector 5,N,C183,Prime Infra Pvt Ltd 183,2024-05-18,2025-05-18,24,Pending
CT0270,R0270,Palm Beach Road - Sector 9,A,C051,Urban Concrete Pvt Ltd 51,2024-08-09,2025-08-09,72,Completed
CT0271,R0271,S.V. Road - Sector 1,C,C075,Skyline Roads Pvt Ltd 75,2024-04-22,2025-04-22,24,Ongoing
CT0272,R0272,Veer Savarkar Road - Sector 4,M East,C239,Skyline Roads Pvt Ltd 239,2024-06-30,2025-06-30,24,Pending
CT0273,R0273,Station Road - Sector 2,R South,C164,RoadBuild Pvt Ltd 164,2024-07-16,2025-07-16,48,Ongoing
CT0274,R0274,Palm Beach Road - Sector 1,P North,C248,Shiv Shakti Pvt Ltd 248,2024-02-20,2025-02-19,48,Ongoing
CT0275,R0275,Marine Drive - Sector 35,T,C153,Shiv Shakti Pvt Ltd 153,2024-06-08,2025-06-08,24,Pending
CT0276,R0276,Metro Road - Sector 28,N,C112,Metro Asphalt Pvt Ltd 112,2024-12-13,2025-12-13,48,Pending
CT0277,R0277,Market Road - Sector 10,D,C036,Prime Infra Pvt Ltd 36,2024-12-15,2025-12-15,24,Ongoing
CT0278,R0278,Market Road - Sector 17,R North,C035,City Build Pvt Ltd 35,2024-08-01,2025-08-01,72,Completed
CT0279,R0279,LBS Marg - Sector 24,K West,C078,Prime Infra Pvt Ltd 78,2024-06-05,2025-06-05,24,Ongoing
CT0280,R0280,Dr Annie Besant Road - Sector 15,P South,C146,Metro Asphalt Pvt Ltd 146,2024-11-17,2025-11-17,48,Pending
CT0281,R0281,Metro Road - Sector 3,R Central,C047,Western Civil Pvt Ltd 47,2024-07-11,2025-07-11,48,Completed
CT0282,R0282,Palm Beach Road - Sector 36,K West,C036,Prime Infra Pvt Ltd 36,2024-09-26,2025-09-26,48,Pending
CT0283,R0283,Linking Road - Sector 11,R Central,C081,Western Civil Pvt Ltd 81,2024-09-14,2025-09-14,72,Pending
CT0284,R0284,Metro Road - Sector 22,L,C092,Prime Infra Pvt Ltd 92,2024-08-27,2025-08-27,48,Ongoing
CT0285,R0285,Linking Road - Sector 15,N,C120,Metro Asphalt Pvt Ltd 120,2024-08-03,2025-08-03,48,Ongoing
CT0286,R0286,Linking Road - Sector 5,G South,C008,Prime Infra Pvt Ltd 8,2024-10-13,2025-10-13,24,Ongoing
CT0287,R0287,Hospital Road - Sector 3,P North,C023,Shiv Shakti Pvt Ltd 23,2024-03-12,2025-03-12,72,Ongoing
CT0288,R0288,Dr Annie Besant Road - Sector 38,A,C202,Urban Concrete Pvt Ltd 202,2024-05-04,2025-05-04,72,Pending
CT0289,R0289,Marine Drive - Sector 11,C,C096,RoadBuild Pvt Ltd 96,2024-03-06,2025-03-06,72,Pending
CT0290,R0290,Palm Beach Road - Sector 35,P South,C231,Prime Infra Pvt Ltd 231,2024-10-16,2025-10-16,48,Completed
CT0291,R0291,S.V. Road - Sector 6,T,C194,Prime Infra Pvt Ltd 194,2024-07-20,2025-07-20,24,Ongoing
CT0292,R0292,LBS Marg - Sector 28,B,C172,Shiv Shakti Pvt Ltd 172,2024-01-04,2025-01-03,48,Pending
CT0293,R0293,Hospital Road - Sector 40,H West,C118,Skyline Roads Pvt Ltd 118,2024-01-28,2025-01-27,24,Completed
CT0294,R0294,Linking Road - Sector 18,H West,C070,Metro Asphalt Pvt Ltd 70,2024-11-28,2025-11-28,24,Ongoing
CT0295,R0295,Veer Savarkar Road - Sector 36,G North,C153,Shiv Shakti Pvt Ltd 153,2024-02-19,2025-02-18,48,Pending
CT0296,R0296,Metro Road - Sector 38,F North,C124,Skyline Roads Pvt Ltd 124,2024-12-19,2025-12-19,48,Completed
CT0297,R0297,Hospital Road - Sector 19,C,C032,Apex Roads Pvt Ltd 32,2024-10-26,2025-10-26,72,Pending
CT0298,R0298,Marine Drive - Sector 10,C,C190,Prime Infra Pvt Ltd 190,2024-01-28,2025-01-27,72,Completed
CT0299,R0299,Palm Beach Road - Sector 21,T,C133,Skyline Roads Pvt Ltd 133,2024-03-14,2025-03-14,72,Pending
CT0300,R0300,Linking Road - Sector 20,C,C248,Shiv Shakti Pvt Ltd 248,2024-09-10,2025-09-10,24,Completed
CT0301,R0301,LBS Marg - Sector 9,G South,C230,Skyline Roads Pvt Ltd 230,2024-12-11,2025-12-11,72,Completed
CT0302,R0302,Station Road - Sector 36,L,C078,Prime Infra Pvt Ltd 78,2024-11-17,2025-11-17,48,Pending
CT0303,R0303,LBS Marg - Sector 2,L,C240,Apex Roads Pvt Ltd 240,2024-01-04,2025-01-03,48,Pending
CT0304,R0304,LBS Marg - Sector 39,P North,C177,Metro Asphalt Pvt Ltd 177,2024-04-12,2025-04-12,24,Completed
CT0305,R0305,Linking Road - Sector 19,K West,C001,Western Civil Pvt Ltd 1,2024-03-19,2025-03-19,72,Completed
CT0306,R0306,Market Road - Sector 16,C,C134,Urban Concrete Pvt Ltd 134,2024-02-19,2025-02-18,24,Completed
CT0307,R0307,Metro Road - Sector 25,F North,C027,Urban Concrete Pvt Ltd 27,2024-08-30,2025-08-30,24,Pending
CT0308,R0308,Marine Drive - Sector 18,G South,C114,Shiv Shakti Pvt Ltd 114,2024-07-19,2025-07-19,24,Completed
CT0309,R0309,S.V. Road - Sector 28,C,C077,Urban Concrete Pvt Ltd 77,2024-07-26,2025-07-26,48,Completed
CT0310,R0310,Station Road - Sector 5,H East,C210,Skyline Roads Pvt Ltd 210,2024-04-30,2025-04-30,72,Ongoing
CT0311,R0311,Metro Road - Sector 32,G North,C211,Western Civil Pvt Ltd 211,2024-11-09,2025-11-09,72,Ongoing
CT0312,R0312,LBS Marg - Sector 9,M East,C220,Skyline Roads Pvt Ltd 220,2024-12-02,2025-12-02,72,Completed
CT0313,R0313,Veer Savarkar Road - Sector 40,K West,C111,RoadBuild Pvt Ltd 111,2024-03-15,2025-03-15,72,Completed
CT0314,R0314,Veer Savarkar Road - Sector 28,M East,C048,Skyline Roads Pvt Ltd 48,2024-03-13,2025-03-13,72,Pending
CT0315,R0315,Veer Savarkar Road - Sector 39,H East,C062,City Build Pvt Ltd 62,2024-03-28,2025-03-28,72,Pending
CT0316,R0316,Veer Savarkar Road - Sector 12,M West,C180,Urban Concrete Pvt Ltd 180,2024-10-06,2025-10-06,24,Ongoing
CT0317,R0317,Metro Road - Sector 32,H East,C123,Shiv Shakti Pvt Ltd 123,2024-05-28,2025-05-28,48,Pending
CT0318,R0318,Palm Beach Road - Sector 18,H West,C026,RoadBuild Pvt Ltd 26,2024-10-28,2025-10-28,48,Ongoing
CT0319,R0319,Hospital Road - Sector 13,D,C171,Apex Roads Pvt Ltd 171,2024-05-20,2025-05-20,48,Ongoing
CT0320,R0320,Metro Road - Sector 36,F North,C179,Metro Asphalt Pvt Ltd 179,2024-02-24,2025-02-23,48,Ongoing
CT0321,R0321,Dr Annie Besant Road - Sector 29,S,C209,Apex Roads Pvt Ltd 209,2024-08-05,2025-08-05,24,Completed
CT0322,R0322,Metro Road - Sector 32,L,C073,City Build Pvt Ltd 73,2024-08-22,2025-08-22,24,Pending
CT0323,R0323,Marine Drive - Sector 10,G North,C100,City Build Pvt Ltd 100,2024-01-06,2025-01-05,72,Ongoing
CT0324,R0324,LBS Marg - Sector 29,K West,C009,Western Civil Pvt Ltd 9,2024-11-26,2025-11-26,72,Pending
CT0325,R0325,Palm Beach Road - Sector 35,P South,C159,Skyline Roads Pvt Ltd 159,2024-08-15,2025-08-15,24,Ongoing
CT0326,R0326,Linking Road - Sector 24,P North,C247,Prime Infra Pvt Ltd 247,2024-03-12,2025-03-12,48,Pending
CT0327,R0327,Metro Road - Sector 6,R North,C118,Skyline Roads Pvt Ltd 118,2024-05-21,2025-05-21,24,Completed
CT0328,R0328,Metro Road - Sector 23,R South,C092,Prime Infra Pvt Ltd 92,2024-09-13,2025-09-13,72,Completed
CT0329,R0329,Metro Road - Sector 26,P South,C090,Prime Infra Pvt Ltd 90,2024-12-27,2025-12-27,72,Ongoing
CT0330,R0330,Linking Road - Sector 7,D,C132,RoadBuild Pvt Ltd 132,2024-02-02,2025-02-01,24,Pending
CT0331,R0331,Market Road - Sector 36,N,C039,Skyline Roads Pvt Ltd 39,2024-06-29,2025-06-29,72,Pending
CT0332,R0332,Veer Savarkar Road - Sector 26,M East,C145,Urban Concrete Pvt Ltd 145,2024-06-22,2025-06-22,48,Pending
CT0333,R0333,Veer Savarkar Road - Sector 2,E,C220,Skyline Roads Pvt Ltd 220,2024-03-12,2025-03-12,48,Pending
CT0334,R0334,Palm Beach Road - Sector 6,H East,C078,Prime Infra Pvt Ltd 78,2024-07-20,2025-07-20,24,Pending
CT0335,R0335,Marine Drive - Sector 22,K East,C124,Skyline Roads Pvt Ltd 124,2024-07-11,2025-07-11,48,Pending
CT0336,R0336,Station Road - Sector 23,N,C169,Prime Infra Pvt Ltd 169,2024-04-02,2025-04-02,72,Pending
CT0337,R0337,Station Road - Sector 21,M East,C238,Prime Infra Pvt Ltd 238,2024-09-16,2025-09-16,72,Pending
CT0338,R0338,LBS Marg - Sector 2,B,C067,Shiv Shakti Pvt Ltd 67,2024-03-07,2025-03-07,72,Ongoing
CT0339,R0339,S.V. Road - Sector 16,R South,C151,Western Civil Pvt Ltd 151,2024-10-24,2025-10-24,48,Pending
CT0340,R0340,S.V. Road - Sector 22,P North,C159,Skyline Roads Pvt Ltd 159,2024-07-25,2025-07-25,24,Completed
CT0341,R0341,Dr Annie Besant Road - Sector 26,M East,C008,Prime Infra Pvt Ltd 8,2024-03-22,2025-03-22,24,Completed
CT0342,R0342,Metro Road - Sector 28,F North,C171,Apex Roads Pvt Ltd 171,2024-02-24,2025-02-23,48,Pending
CT0343,R0343,Hospital Road - Sector 13,T,C122,Urban Concrete Pvt Ltd 122,2024-06-14,2025-06-14,24,Pending
CT0344,R0344,Linking Road - Sector 14,K West,C204,Urban Concrete Pvt Ltd 204,2024-05-01,2025-05-01,24,Completed
CT0345,R0345,LBS Marg - Sector 37,S,C187,Skyline Roads Pvt Ltd 187,2024-07-15,2025-07-15,48,Completed
CT0346,R0346,Veer Savarkar Road - Sector 21,F North,C016,Prime Infra Pvt Ltd 16,2024-11-09,2025-11-09,48,Completed
CT0347,R0347,Marine Drive - Sector 32,D,C010,Prime Infra Pvt Ltd 10,2024-02-07,2025-02-06,48,Ongoing
CT0348,R0348,Palm Beach Road - Sector 40,R North,C156,Metro Asphalt Pvt Ltd 156,2024-11-19,2025-11-19,24,Completed
CT0349,R0349,Veer Savarkar Road - Sector 30,K East,C083,RoadBuild Pvt Ltd 83,2024-02-25,2025-02-24,72,Ongoing
CT0350,R0350,Marine Drive - Sector 40,R South,C097,City Build Pvt Ltd 97,2024-03-09,2025-03-09,72,Pending
CT0351,R0351,S.V. Road - Sector 21,R South,C143,Urban Concrete Pvt Ltd 143,2024-04-12,2025-04-12,24,Ongoing
CT0352,R0352,LBS Marg - Sector 12,H East,C126,City Build Pvt Ltd 126,2024-08-12,2025-08-12,72,Ongoing
CT0353,R0353,Palm Beach Road - Sector 27,N,C058,Urban Concrete Pvt Ltd 58,2024-04-13,2025-04-13,72,Completed
CT0354,R0354,Palm Beach Road - Sector 28,P South,C112,Metro Asphalt Pvt Ltd 112,2024-09-27,2025-09-27,24,Completed
CT0355,R0355,Market Road - Sector 12,R Central,C150,Metro Asphalt Pvt Ltd 150,2024-01-13,2025-01-12,72,Pending
CT0356,R0356,Marine Drive - Sector 9,M West,C025,Prime Infra Pvt Ltd 25,2024-04-14,2025-04-14,24,Completed
CT0357,R0357,Hospital Road - Sector 4,M East,C229,Shiv Shakti Pvt Ltd 229,2024-01-03,2025-01-02,48,Ongoing
CT0358,R0358,S.V. Road - Sector 13,M West,C146,Metro Asphalt Pvt Ltd 146,2024-10-06,2025-10-06,24,Ongoing
CT0359,R0359,Metro Road - Sector 32,N,C048,Skyline Roads Pvt Ltd 48,2024-12-15,2025-12-15,72,Pending
CT0360,R0360,Station Road - Sector 32,L,C165,Western Civil Pvt Ltd 165,2024-09-27,2025-09-27,48,Completed
CT0361,R0361,Linking Road - Sector 15,P South,C214,Metro Asphalt Pvt Ltd 214,2024-04-16,2025-04-16,72,Ongoing
CT0362,R0362,Dr Annie Besant Road - Sector 35,G South,C129,Urban Concrete Pvt Ltd 129,2024-06-29,2025-06-29,48,Pending
CT0363,R0363,Hospital Road - Sector 32,M East,C231,Prime Infra Pvt Ltd 231,2024-10-13,2025-10-13,24,Completed
CT0364,R0364,Hospital Road - Sector 8,D,C113,Shiv Shakti Pvt Ltd 113,2024-08-06,2025-08-06,72,Ongoing
CT0365,R0365,Market Road - Sector 3,K East,C224,City Build Pvt Ltd 224,2024-02-06,2025-02-05,72,Completed
CT0366,R0366,Dr Annie Besant Road - Sector 28,P North,C033,Shiv Shakti Pvt Ltd 33,2024-09-21,2025-09-21,48,Completed
CT0367,R0367,Linking Road - Sector 29,H East,C031,Apex Roads Pvt Ltd 31,2024-09-12,2025-09-12,24,Completed
CT0368,R0368,Station Road - Sector 8,C,C154,Western Civil Pvt Ltd 154,2024-10-03,2025-10-03,48,Completed
CT0369,R0369,Hospital Road - Sector 23,T,C058,Urban Concrete Pvt Ltd 58,2024-05-28,2025-05-28,48,Ongoing
CT0370,R0370,Hospital Road - Sector 9,F North,C181,Apex Roads Pvt Ltd 181,2024-07-02,2025-07-02,24,Completed
CT0371,R0371,Hospital Road - Sector 23,B,C248,Shiv Shakti Pvt Ltd 248,2024-05-27,2025-05-27,24,Pending
CT0372,R0372,Market Road - Sector 11,R North,C148,RoadBuild Pvt Ltd 148,2024-05-03,2025-05-03,72,Pending
CT0373,R0373,Hospital Road - Sector 18,H East,C129,Urban Concrete Pvt Ltd 129,2024-06-08,2025-06-08,48,Pending
CT0374,R0374,Palm Beach Road - Sector 4,E,C015,Shiv Shakti Pvt Ltd 15,2024-10-06,2025-10-06,72,Completed
CT0375,R0375,S.V. Road - Sector 16,S,C150,Metro Asphalt Pvt Ltd 150,2024-08-29,2025-08-29,48,Pending
CT0376,R0376,Metro Road - Sector 26,G North,C008,Prime Infra Pvt Ltd 8,2024-01-17,2025-01-16,48,Ongoing
CT0377,R0377,Metro Road - Sector 18,P South,C067,Shiv Shakti Pvt Ltd 67,2024-04-12,2025-04-12,48,Completed
CT0378,R0378,Station Road - Sector 5,K West,C036,Prime Infra Pvt Ltd 36,2024-04-14,2025-04-14,72,Pending
CT0379,R0379,Market Road - Sector 18,K West,C085,Prime Infra Pvt Ltd 85,2024-12-05,2025-12-05,24,Completed
CT0380,R0380,Station Road - Sector 21,M East,C127,Western Civil Pvt Ltd 127,2024-02-07,2025-02-06,72,Pending
CT0381,R0381,LBS Marg - Sector 30,T,C180,Urban Concrete Pvt Ltd 180,2024-01-19,2025-01-18,48,Completed
CT0382,R0382,Market Road - Sector 26,C,C244,Prime Infra Pvt Ltd 244,2024-08-01,2025-08-01,72,Pending
CT0383,R0383,Station Road - Sector 18,F South,C157,RoadBuild Pvt Ltd 157,2024-02-11,2025-02-10,72,Ongoing
CT0384,R0384,Market Road - Sector 37,H West,C243,Metro Asphalt Pvt Ltd 243,2024-03-07,2025-03-07,48,Pending
CT0385,R0385,Metro Road - Sector 4,H West,C011,Skyline Roads Pvt Ltd 11,2024-02-23,2025-02-22,24,Ongoing
CT0386,R0386,Station Road - Sector 2,R Central,C130,Shiv Shakti Pvt Ltd 130,2024-04-25,2025-04-25,72,Ongoing
CT0387,R0387,Station Road - Sector 1,M East,C111,RoadBuild Pvt Ltd 111,2024-09-01,2025-09-01,48,Completed
CT0388,R0388,S.V. Road - Sector 20,S,C006,Metro Asphalt Pvt Ltd 6,2024-01-29,2025-01-28,24,Completed
CT0389,R0389,Metro Road - Sector 24,C,C137,Western Civil Pvt Ltd 137,2024-11-07,2025-11-07,48,Pending
CT0390,R0390,Metro Road - Sector 11,K East,C176,Apex Roads Pvt Ltd 176,2024-01-10,2025-01-09,72,Ongoing
CT0391,R0391,Marine Drive - Sector 15,R Central,C014,Metro Asphalt Pvt Ltd 14,2024-07-17,2025-07-17,48,Pending
CT0392,R0392,LBS Marg - Sector 1,S,C033,Shiv Shakti Pvt Ltd 33,2024-08-08,2025-08-08,72,Ongoing
CT0393,R0393,S.V. Road - Sector 38,C,C141,Western Civil Pvt Ltd 141,2024-03-11,2025-03-11,24,Ongoing
CT0394,R0394,Station Road - Sector 1,R South,C031,Apex Roads Pvt Ltd 31,2024-11-11,2025-11-11,48,Ongoing
CT0395,R0395,Palm Beach Road - Sector 9,D,C050,City Build Pvt Ltd 50,2024-06-24,2025-06-24,48,Completed
CT0396,R0396,Palm Beach Road - Sector 6,G North,C061,Western Civil Pvt Ltd 61,2024-04-28,2025-04-28,24,Pending
CT0397,R0397,Veer Savarkar Road - Sector 24,D,C003,Shiv Shakti Pvt Ltd 3,2024-04-26,2025-04-26,48,Pending
CT0398,R0398,S.V. Road - Sector 10,K West,C193,Shiv Shakti Pvt Ltd 193,2024-10-01,2025-10-01,72,Completed
CT0399,R0399,Linking Road - Sector 40,P South,C206,Shiv Shakti Pvt Ltd 206,2024-01-08,2025-01-07,72,Completed
CT0400,R0400,Veer Savarkar Road - Sector 14,M East,C209,Apex Roads Pvt Ltd 209,2024-01-30,2025-01-29,24,Completed
CT0401,R0401,Hospital Road - Sector 29,L,C033,Shiv Shakti Pvt Ltd 33,2024-08-12,2025-08-12,24,Ongoing
CT0402,R0402,S.V. Road - Sector 8,D,C012,Urban Concrete Pvt Ltd 12,2024-06-09,2025-06-09,48,Pending
CT0403,R0403,Palm Beach Road - Sector 21,K East,C168,Apex Roads Pvt Ltd 168,2024-05-05,2025-05-05,48,Completed
CT0404,R0404,Metro Road - Sector 6,G South,C156,Metro Asphalt Pvt Ltd 156,2024-07-22,2025-07-22,48,Pending
CT0405,R0405,Hospital Road - Sector 39,R North,C032,Apex Roads Pvt Ltd 32,2024-12-02,2025-12-02,24,Completed
CT0406,R0406,Marine Drive - Sector 14,R South,C065,Urban Concrete Pvt Ltd 65,2024-10-05,2025-10-05,24,Ongoing
CT0407,R0407,Palm Beach Road - Sector 19,F South,C181,Apex Roads Pvt Ltd 181,2024-07-01,2025-07-01,24,Ongoing
CT0408,R0408,Station Road - Sector 25,G North,C183,Prime Infra Pvt Ltd 183,2024-06-03,2025-06-03,48,Pending
CT0409,R0409,Metro Road - Sector 39,M West,C075,Skyline Roads Pvt Ltd 75,2024-11-30,2025-11-30,24,Pending
CT0410,R0410,Veer Savarkar Road - Sector 21,A,C229,Shiv Shakti Pvt Ltd 229,2024-05-16,2025-05-16,48,Pending
CT0411,R0411,Palm Beach Road - Sector 24,P South,C139,City Build Pvt Ltd 139,2024-09-14,2025-09-14,24,Completed
CT0412,R0412,LBS Marg - Sector 2,M West,C089,City Build Pvt Ltd 89,2024-07-29,2025-07-29,72,Pending
CT0413,R0413,Marine Drive - Sector 14,A,C125,RoadBuild Pvt Ltd 125,2024-05-23,2025-05-23,24,Completed
CT0414,R0414,Market Road - Sector 19,K West,C234,City Build Pvt Ltd 234,2024-03-11,2025-03-11,72,Completed
CT0415,R0415,Palm Beach Road - Sector 26,L,C079,City Build Pvt Ltd 79,2024-10-10,2025-10-10,24,Completed
CT0416,R0416,Hospital Road - Sector 10,P North,C096,RoadBuild Pvt Ltd 96,2024-03-13,2025-03-13,24,Completed
CT0417,R0417,LBS Marg - Sector 33,H East,C179,Metro Asphalt Pvt Ltd 179,2024-08-13,2025-08-13,72,Ongoing
CT0418,R0418,Veer Savarkar Road - Sector 26,P North,C244,Prime Infra Pvt Ltd 244,2024-02-28,2025-02-27,24,Ongoing
CT0419,R0419,Palm Beach Road - Sector 16,H East,C215,Urban Concrete Pvt Ltd 215,2024-01-18,2025-01-17,48,Ongoing
CT0420,R0420,Palm Beach Road - Sector 8,C,C151,Western Civil Pvt Ltd 151,2024-07-15,2025-07-15,48,Completed
CT0421,R0421,Metro Road - Sector 12,H East,C016,Prime Infra Pvt Ltd 16,2024-05-22,2025-05-22,72,Ongoing
CT0422,R0422,S.V. Road - Sector 1,S,C127,Western Civil Pvt Ltd 127,2024-01-10,2025-01-09,48,Ongoing
CT0423,R0423,Market Road - Sector 34,K East,C114,Shiv Shakti Pvt Ltd 114,2024-01-23,2025-01-22,24,Completed
CT0424,R0424,Veer Savarkar Road - Sector 9,F North,C098,Apex Roads Pvt Ltd 98,2024-04-04,2025-04-04,72,Ongoing
CT0425,R0425,LBS Marg - Sector 2,T,C137,Western Civil Pvt Ltd 137,2024-01-27,2025-01-26,72,Ongoing
CT0426,R0426,Market Road - Sector 5,G South,C009,Western Civil Pvt Ltd 9,2024-10-04,2025-10-04,48,Completed
CT0427,R0427,Station Road - Sector 33,M West,C233,Metro Asphalt Pvt Ltd 233,2024-11-07,2025-11-07,48,Ongoing
CT0428,R0428,Hospital Road - Sector 11,M West,C208,RoadBuild Pvt Ltd 208,2024-10-29,2025-10-29,24,Completed
CT0429,R0429,LBS Marg - Sector 37,G South,C088,Shiv Shakti Pvt Ltd 88,2024-11-14,2025-11-14,48,Ongoing
CT0430,R0430,Market Road - Sector 1,G North,C201,Metro Asphalt Pvt Ltd 201,2024-01-30,2025-01-29,24,Pending
CT0431,R0431,Linking Road - Sector 31,G North,C100,City Build Pvt Ltd 100,2024-12-13,2025-12-13,48,Pending
CT0432,R0432,S.V. Road - Sector 3,E,C119,Skyline Roads Pvt Ltd 119,2024-08-05,2025-08-05,72,Pending
CT0433,R0433,Veer Savarkar Road - Sector 16,G North,C146,Metro Asphalt Pvt Ltd 146,2024-09-22,2025-09-22,48,Completed
CT0434,R0434,LBS Marg - Sector 37,G South,C246,City Build Pvt Ltd 246,2024-07-14,2025-07-14,48,Pending
CT0435,R0435,Metro Road - Sector 4,N,C237,Shiv Shakti Pvt Ltd 237,2024-05-01,2025-05-01,24,Completed
CT0436,R0436,Linking Road - Sector 26,N,C072,Prime Infra Pvt Ltd 72,2024-12-15,2025-12-15,48,Completed
CT0437,R0437,Marine Drive - Sector 21,H East,C064,Urban Concrete Pvt Ltd 64,2024-10-04,2025-10-04,48,Ongoing
CT0438,R0438,Linking Road - Sector 24,M East,C147,Urban Concrete Pvt Ltd 147,2024-07-21,2025-07-21,24,Pending
CT0439,R0439,Marine Drive - Sector 40,P South,C071,Shiv Shakti Pvt Ltd 71,2024-07-04,2025-07-04,48,Pending
CT0440,R0440,Hospital Road - Sector 32,K East,C065,Urban Concrete Pvt Ltd 65,2024-11-30,2025-11-30,72,Completed
CT0441,R0441,S.V. Road - Sector 1,G North,C032,Apex Roads Pvt Ltd 32,2024-06-06,2025-06-06,72,Pending
CT0442,R0442,Market Road - Sector 23,G North,C083,RoadBuild Pvt Ltd 83,2024-05-15,2025-05-15,24,Ongoing
CT0443,R0443,Linking Road - Sector 25,H West,C119,Skyline Roads Pvt Ltd 119,2024-01-09,2025-01-08,48,Completed
CT0444,R0444,Dr Annie Besant Road - Sector 34,D,C120,Metro Asphalt Pvt Ltd 120,2024-01-19,2025-01-18,48,Ongoing
CT0445,R0445,Linking Road - Sector 10,M West,C164,RoadBuild Pvt Ltd 164,2024-10-11,2025-10-11,24,Ongoing
CT0446,R0446,Linking Road - Sector 15,C,C015,Shiv Shakti Pvt Ltd 15,2024-10-23,2025-10-23,24,Ongoing
CT0447,R0447,Veer Savarkar Road - Sector 30,S,C230,Skyline Roads Pvt Ltd 230,2024-11-08,2025-11-08,72,Ongoing
CT0448,R0448,LBS Marg - Sector 33,P South,C245,City Build Pvt Ltd 245,2024-02-02,2025-02-01,48,Completed
CT0449,R0449,Hospital Road - Sector 37,C,C067,Shiv Shakti Pvt Ltd 67,2024-05-21,2025-05-21,48,Ongoing
CT0450,R0450,S.V. Road - Sector 16,R South,C033,Shiv Shakti Pvt Ltd 33,2024-04-26,2025-04-26,72,Completed
CT0451,R0451,Palm Beach Road - Sector 21,H West,C038,Western Civil Pvt Ltd 38,2024-11-12,2025-11-12,72,Completed
CT0452,R0452,Dr Annie Besant Road - Sector 5,G South,C060,City Build Pvt Ltd 60,2024-02-28,2025-02-27,72,Completed
CT0453,R0453,LBS Marg - Sector 10,P South,C048,Skyline Roads Pvt Ltd 48,2024-12-16,2025-12-16,72,Ongoing
CT0454,R0454,Station Road - Sector 21,M East,C149,Shiv Shakti Pvt Ltd 149,2024-06-11,2025-06-11,24,Pending
CT0455,R0455,Veer Savarkar Road - Sector 14,P North,C184,Urban Concrete Pvt Ltd 184,2024-04-26,2025-04-26,24,Pending
CT0456,R0456,Marine Drive - Sector 8,M East,C067,Shiv Shakti Pvt Ltd 67,2024-05-11,2025-05-11,24,Pending
CT0457,R0457,Marine Drive - Sector 39,R South,C217,Shiv Shakti Pvt Ltd 217,2024-06-29,2025-06-29,72,Pending
CT0458,R0458,S.V. Road - Sector 6,H West,C012,Urban Concrete Pvt Ltd 12,2024-11-03,2025-11-03,24,Ongoing
CT0459,R0459,Palm Beach Road - Sector 33,K East,C028,Prime Infra Pvt Ltd 28,2024-02-09,2025-02-08,72,Ongoing
CT0460,R0460,S.V. Road - Sector 2,G South,C029,Prime Infra Pvt Ltd 29,2024-09-18,2025-09-18,24,Completed
CT0461,R0461,Market Road - Sector 16,P North,C053,City Build Pvt Ltd 53,2024-06-15,2025-06-15,72,Ongoing
CT0462,R0462,S.V. Road - Sector 8,D,C213,Urban Concrete Pvt Ltd 213,2024-12-14,2025-12-14,48,Completed
CT0463,R0463,S.V. Road - Sector 13,G North,C165,Western Civil Pvt Ltd 165,2024-08-06,2025-08-06,48,Completed
CT0464,R0464,Metro Road - Sector 6,R South,C007,Prime Infra Pvt Ltd 7,2024-06-16,2025-06-16,72,Ongoing
CT0465,R0465,Linking Road - Sector 5,C,C086,Urban Concrete Pvt Ltd 86,2024-07-27,2025-07-27,72,Ongoing
CT0466,R0466,LBS Marg - Sector 22,E,C121,Urban Concrete Pvt Ltd 121,2024-05-30,2025-05-30,72,Completed
CT0467,R0467,Linking Road - Sector 11,M East,C042,Shiv Shakti Pvt Ltd 42,2024-07-07,2025-07-07,24,Ongoing
CT0468,R0468,Palm Beach Road - Sector 32,T,C239,Skyline Roads Pvt Ltd 239,2024-03-17,2025-03-17,72,Completed
CT0469,R0469,Palm Beach Road - Sector 12,R South,C028,Prime Infra Pvt Ltd 28,2024-11-07,2025-11-07,24,Ongoing
CT0470,R0470,Marine Drive - Sector 18,F North,C131,Urban Concrete Pvt Ltd 131,2024-09-17,2025-09-17,72,Pending
CT0471,R0471,Hospital Road - Sector 40,B,C089,City Build Pvt Ltd 89,2024-04-20,2025-04-20,48,Pending
CT0472,R0472,Marine Drive - Sector 32,R Central,C009,Western Civil Pvt Ltd 9,2024-12-02,2025-12-02,72,Completed
CT0473,R0473,Linking Road - Sector 6,M West,C098,Apex Roads Pvt Ltd 98,2024-11-28,2025-11-28,24,Completed
CT0474,R0474,Palm Beach Road - Sector 13,E,C246,City Build Pvt Ltd 246,2024-04-24,2025-04-24,72,Pending
CT0475,R0475,Metro Road - Sector 35,G North,C148,RoadBuild Pvt Ltd 148,2024-11-18,2025-11-18,72,Pending
CT0476,R0476,Veer Savarkar Road - Sector 31,S,C108,Shiv Shakti Pvt Ltd 108,2024-10-02,2025-10-02,72,Completed
CT0477,R0477,Hospital Road - Sector 33,K East,C217,Shiv Shakti Pvt Ltd 217,2024-09-27,2025-09-27,24,Pending
CT0478,R0478,S.V. Road - Sector 2,G South,C121,Urban Concrete Pvt Ltd 121,2024-12-03,2025-12-03,72,Pending
CT0479,R0479,Marine Drive - Sector 4,A,C113,Shiv Shakti Pvt Ltd 113,2024-06-11,2025-06-11,48,Completed
CT0480,R0480,Hospital Road - Sector 15,K East,C215,Urban Concrete Pvt Ltd 215,2024-10-21,2025-10-21,48,Completed
CT0481,R0481,Metro Road - Sector 16,G North,C085,Prime Infra Pvt Ltd 85,2024-05-04,2025-05-04,48,Completed
CT0482,R0482,Linking Road - Sector 15,T,C117,Apex Roads Pvt Ltd 117,2024-06-10,2025-06-10,72,Completed
CT0483,R0483,S.V. Road - Sector 12,K East,C178,Western Civil Pvt Ltd 178,2024-05-03,2025-05-03,48,Pending
CT0484,R0484,Veer Savarkar Road - Sector 38,T,C246,City Build Pvt Ltd 246,2024-07-28,2025-07-28,48,Completed
CT0485,R0485,Hospital Road - Sector 10,P South,C091,Apex Roads Pvt Ltd 91,2024-10-13,2025-10-13,72,Completed
CT0486,R0486,Market Road - Sector 20,M West,C235,RoadBuild Pvt Ltd 235,2024-07-04,2025-07-04,72,Ongoing
CT0487,R0487,LBS Marg - Sector 4,B,C155,Western Civil Pvt Ltd 155,2024-04-27,2025-04-27,48,Ongoing
CT0488,R0488,Market Road - Sector 31,A,C059,Prime Infra Pvt Ltd 59,2024-10-18,2025-10-18,24,Pending
CT0489,R0489,Dr Annie Besant Road - Sector 9,R North,C063,City Build Pvt Ltd 63,2024-07-27,2025-07-27,72,Pending
CT0490,R0490,Linking Road - Sector 2,H West,C171,Apex Roads Pvt Ltd 171,2024-03-11,2025-03-11,72,Ongoing
CT0491,R0491,Market Road - Sector 24,D,C204,Urban Concrete Pvt Ltd 204,2024-05-26,2025-05-26,48,Ongoing
CT0492,R0492,Metro Road - Sector 26,S,C031,Apex Roads Pvt Ltd 31,2024-02-11,2025-02-10,48,Ongoing
CT0493,R0493,Marine Drive - Sector 21,H West,C130,Shiv Shakti Pvt Ltd 130,2024-03-16,2025-03-16,72,Ongoing
CT0494,R0494,Palm Beach Road - Sector 32,T,C162,Western Civil Pvt Ltd 162,2024-04-11,2025-04-11,24,Ongoing
CT0495,R0495,Market Road - Sector 40,F North,C004,City Build Pvt Ltd 4,2024-03-26,2025-03-26,24,Ongoing
CT0496,R0496,Hospital Road - Sector 12,R South,C068,Urban Concrete Pvt Ltd 68,2024-10-10,2025-10-10,72,Ongoing
CT0497,R0497,Marine Drive - Sector 9,T,C191,Apex Roads Pvt Ltd 191,2024-02-21,2025-02-20,24,Completed
CT0498,R0498,Hospital Road - Sector 26,S,C214,Metro Asphalt Pvt Ltd 214,2024-08-08,2025-08-08,24,Pending
CT0499,R0499,Hospital Road - Sector 21,F North,C043,Western Civil Pvt Ltd 43,2024-02-07,2025-02-06,24,Pending
CT0500,R0500,Hospital Road - Sector 7,R Central,C222,Urban Concrete Pvt Ltd 222,2024-09-28,2025-09-28,48,Ongoing
CT0501,R0501,LBS Marg - Sector 16,H West,C091,Apex Roads Pvt Ltd 91,2024-03-06,2025-03-06,48,Pending
CT0502,R0502,Metro Road - Sector 6,F North,C143,Urban Concrete Pvt Ltd 143,2024-05-03,2025-05-03,72,Ongoing
CT0503,R0503,Linking Road - Sector 17,M East,C031,Apex Roads Pvt Ltd 31,2024-06-21,2025-06-21,48,Pending
CT0504,R0504,LBS Marg - Sector 23,S,C156,Metro Asphalt Pvt Ltd 156,2024-11-11,2025-11-11,24,Pending
CT0505,R0505,Linking Road - Sector 4,T,C012,Urban Concrete Pvt Ltd 12,2024-02-07,2025-02-06,72,Ongoing
CT0506,R0506,Palm Beach Road - Sector 11,T,C244,Prime Infra Pvt Ltd 244,2024-08-17,2025-08-17,48,Pending
CT0507,R0507,Veer Savarkar Road - Sector 35,K West,C116,Prime Infra Pvt Ltd 116,2024-08-11,2025-08-11,48,Ongoing
CT0508,R0508,Hospital Road - Sector 15,M West,C180,Urban Concrete Pvt Ltd 180,2024-03-09,2025-03-09,72,Completed
CT0509,R0509,Linking Road - Sector 19,C,C186,City Build Pvt Ltd 186,2024-10-28,2025-10-28,72,Completed
CT0510,R0510,LBS Marg - Sector 5,G South,C039,Skyline Roads Pvt Ltd 39,2024-01-04,2025-01-03,72,Pending
CT0511,R0511,S.V. Road - Sector 5,K West,C095,Shiv Shakti Pvt Ltd 95,2024-12-11,2025-12-11,72,Ongoing
CT0512,R0512,Hospital Road - Sector 40,H West,C098,Apex Roads Pvt Ltd 98,2024-06-13,2025-06-13,48,Completed
CT0513,R0513,Metro Road - Sector 11,L,C131,Urban Concrete Pvt Ltd 131,2024-10-28,2025-10-28,48,Completed
CT0514,R0514,Linking Road - Sector 7,F North,C060,City Build Pvt Ltd 60,2024-06-01,2025-06-01,48,Ongoing
CT0515,R0515,Palm Beach Road - Sector 36,F South,C013,Prime Infra Pvt Ltd 13,2024-10-15,2025-10-15,72,Pending
CT0516,R0516,Metro Road - Sector 19,G South,C149,Shiv Shakti Pvt Ltd 149,2024-09-17,2025-09-17,48,Ongoing
CT0517,R0517,Linking Road - Sector 26,D,C083,RoadBuild Pvt Ltd 83,2024-07-15,2025-07-15,48,Completed
CT0518,R0518,S.V. Road - Sector 4,M West,C245,City Build Pvt Ltd 245,2024-03-14,2025-03-14,24,Pending
CT0519,R0519,LBS Marg - Sector 19,L,C226,Western Civil Pvt Ltd 226,2024-04-17,2025-04-17,48,Pending
CT0520,R0520,LBS Marg - Sector 2,F South,C072,Prime Infra Pvt Ltd 72,2024-10-21,2025-10-21,72,Ongoing
CT0521,R0521,Marine Drive - Sector 6,R Central,C026,RoadBuild Pvt Ltd 26,2024-06-26,2025-06-26,48,Completed
CT0522,R0522,Palm Beach Road - Sector 31,H East,C031,Apex Roads Pvt Ltd 31,2024-05-27,2025-05-27,48,Ongoing
CT0523,R0523,Metro Road - Sector 35,C,C113,Shiv Shakti Pvt Ltd 113,2024-04-24,2025-04-24,24,Ongoing
CT0524,R0524,Palm Beach Road - Sector 24,K East,C241,Shiv Shakti Pvt Ltd 241,2024-05-12,2025-05-12,72,Completed
CT0525,R0525,Marine Drive - Sector 29,B,C237,Shiv Shakti Pvt Ltd 237,2024-04-28,2025-04-28,72,Ongoing
CT0526,R0526,Marine Drive - Sector 37,G North,C037,Skyline Roads Pvt Ltd 37,2024-02-19,2025-02-18,24,Pending
CT0527,R0527,Metro Road - Sector 7,S,C215,Urban Concrete Pvt Ltd 215,2024-09-17,2025-09-17,24,Completed
CT0528,R0528,Palm Beach Road - Sector 38,P North,C154,Western Civil Pvt Ltd 154,2024-01-21,2025-01-20,72,Pending
CT0529,R0529,Palm Beach Road - Sector 34,B,C205,Urban Concrete Pvt Ltd 205,2024-04-09,2025-04-09,24,Ongoing
CT0530,R0530,Station Road - Sector 37,R South,C214,Metro Asphalt Pvt Ltd 214,2024-01-14,2025-01-13,48,Completed
CT0531,R0531,LBS Marg - Sector 26,H East,C073,City Build Pvt Ltd 73,2024-10-19,2025-10-19,48,Pending
CT0532,R0532,Hospital Road - Sector 34,N,C114,Shiv Shakti Pvt Ltd 114,2024-09-23,2025-09-23,24,Ongoing
CT0533,R0533,Station Road - Sector 12,D,C076,RoadBuild Pvt Ltd 76,2024-02-26,2025-02-25,72,Pending
CT0534,R0534,S.V. Road - Sector 3,F South,C236,Prime Infra Pvt Ltd 236,2024-03-02,2025-03-02,48,Ongoing
CT0535,R0535,Palm Beach Road - Sector 13,R South,C127,Western Civil Pvt Ltd 127,2024-05-14,2025-05-14,24,Completed
CT0536,R0536,Marine Drive - Sector 21,R North,C072,Prime Infra Pvt Ltd 72,2024-12-08,2025-12-08,24,Ongoing
CT0537,R0537,Palm Beach Road - Sector 36,C,C206,Shiv Shakti Pvt Ltd 206,2024-02-10,2025-02-09,72,Completed
CT0538,R0538,Marine Drive - Sector 34,H West,C187,Skyline Roads Pvt Ltd 187,2024-02-08,2025-02-07,48,Completed
CT0539,R0539,Hospital Road - Sector 38,S,C130,Shiv Shakti Pvt Ltd 130,2024-06-20,2025-06-20,48,Ongoing
CT0540,R0540,Palm Beach Road - Sector 10,D,C162,Western Civil Pvt Ltd 162,2024-09-19,2025-09-19,72,Completed
CT0541,R0541,Hospital Road - Sector 7,D,C181,Apex Roads Pvt Ltd 181,2024-12-18,2025-12-18,48,Completed
CT0542,R0542,Palm Beach Road - Sector 17,K East,C111,RoadBuild Pvt Ltd 111,2024-02-21,2025-02-20,72,Pending
CT0543,R0543,Hospital Road - Sector 31,P South,C082,City Build Pvt Ltd 82,2024-04-07,2025-04-07,72,Pending
CT0544,R0544,Palm Beach Road - Sector 10,G South,C215,Urban Concrete Pvt Ltd 215,2024-11-16,2025-11-16,24,Pending
CT0545,R0545,Palm Beach Road - Sector 22,B,C161,Metro Asphalt Pvt Ltd 161,2024-01-05,2025-01-04,24,Completed
CT0546,R0546,Station Road - Sector 18,B,C151,Western Civil Pvt Ltd 151,2024-07-11,2025-07-11,24,Pending
CT0547,R0547,Marine Drive - Sector 20,H West,C051,Urban Concrete Pvt Ltd 51,2024-05-15,2025-05-15,48,Completed
CT0548,R0548,Metro Road - Sector 7,S,C125,RoadBuild Pvt Ltd 125,2024-04-05,2025-04-05,72,Ongoing
CT0549,R0549,Station Road - Sector 21,H East,C073,City Build Pvt Ltd 73,2024-03-08,2025-03-08,24,Pending
CT0550,R0550,Metro Road - Sector 6,R North,C225,City Build Pvt Ltd 225,2024-02-15,2025-02-14,72,Pending
CT0551,R0551,Palm Beach Road - Sector 32,F South,C192,Metro Asphalt Pvt Ltd 192,2024-04-19,2025-04-19,24,Ongoing
CT0552,R0552,Market Road - Sector 11,B,C018,Apex Roads Pvt Ltd 18,2024-09-08,2025-09-08,72,Pending
CT0553,R0553,Market Road - Sector 26,S,C054,Western Civil Pvt Ltd 54,2024-12-29,2025-12-29,24,Completed
CT0554,R0554,Linking Road - Sector 12,P South,C108,Shiv Shakti Pvt Ltd 108,2024-12-18,2025-12-18,48,Pending
CT0555,R0555,Dr Annie Besant Road - Sector 3,B,C098,Apex Roads Pvt Ltd 98,2024-11-19,2025-11-19,72,Completed
CT0556,R0556,Dr Annie Besant Road - Sector 18,K East,C164,RoadBuild Pvt Ltd 164,2024-06-27,2025-06-27,48,Pending
CT0557,R0557,Palm Beach Road - Sector 8,N,C169,Prime Infra Pvt Ltd 169,2024-04-02,2025-04-02,48,Completed
CT0558,R0558,Veer Savarkar Road - Sector 32,G North,C225,City Build Pvt Ltd 225,2024-05-29,2025-05-29,72,Ongoing
CT0559,R0559,Station Road - Sector 38,F North,C126,City Build Pvt Ltd 126,2024-11-18,2025-11-18,48,Pending
CT0560,R0560,S.V. Road - Sector 17,K East,C092,Prime Infra Pvt Ltd 92,2024-10-05,2025-10-05,48,Ongoing
CT0561,R0561,Linking Road - Sector 25,H East,C025,Prime Infra Pvt Ltd 25,2024-04-22,2025-04-22,24,Ongoing
CT0562,R0562,Dr Annie Besant Road - Sector 15,P South,C108,Shiv Shakti Pvt Ltd 108,2024-08-16,2025-08-16,48,Completed
CT0563,R0563,Dr Annie Besant Road - Sector 18,R South,C170,Apex Roads Pvt Ltd 170,2024-08-05,2025-08-05,24,Completed
CT0564,R0564,Linking Road - Sector 1,N,C119,Skyline Roads Pvt Ltd 119,2024-06-12,2025-06-12,72,Completed
CT0565,R0565,S.V. Road - Sector 39,R Central,C089,City Build Pvt Ltd 89,2024-12-22,2025-12-22,48,Pending
CT0566,R0566,Hospital Road - Sector 20,G South,C033,Shiv Shakti Pvt Ltd 33,2024-09-04,2025-09-04,48,Pending
CT0567,R0567,Palm Beach Road - Sector 23,L,C106,City Build Pvt Ltd 106,2024-12-17,2025-12-17,24,Completed
CT0568,R0568,Station Road - Sector 20,F South,C075,Skyline Roads Pvt Ltd 75,2024-05-17,2025-05-17,72,Completed
CT0569,R0569,Palm Beach Road - Sector 38,R North,C228,Western Civil Pvt Ltd 228,2024-07-28,2025-07-28,24,Pending
CT0570,R0570,Metro Road - Sector 24,N,C198,RoadBuild Pvt Ltd 198,2024-06-14,2025-06-14,48,Pending
CT0571,R0571,Metro Road - Sector 7,H East,C082,City Build Pvt Ltd 82,2024-07-29,2025-07-29,48,Ongoing
CT0572,R0572,Marine Drive - Sector 21,H West,C109,Shiv Shakti Pvt Ltd 109,2024-07-23,2025-07-23,48,Completed
CT0573,R0573,Metro Road - Sector 20,R Central,C069,Shiv Shakti Pvt Ltd 69,2024-09-05,2025-09-05,72,Completed
CT0574,R0574,Dr Annie Besant Road - Sector 4,N,C087,Urban Concrete Pvt Ltd 87,2024-11-21,2025-11-21,24,Ongoing
CT0575,R0575,Veer Savarkar Road - Sector 9,R South,C115,Urban Concrete Pvt Ltd 115,2024-07-28,2025-07-28,24,Pending
CT0576,R0576,Station Road - Sector 19,R Central,C225,City Build Pvt Ltd 225,2024-03-26,2025-03-26,72,Completed
CT0577,R0577,Palm Beach Road - Sector 3,K West,C200,Metro Asphalt Pvt Ltd 200,2024-11-16,2025-11-16,24,Pending
CT0578,R0578,Dr Annie Besant Road - Sector 35,H West,C157,RoadBuild Pvt Ltd 157,2024-06-17,2025-06-17,24,Pending
CT0579,R0579,Veer Savarkar Road - Sector 33,R South,C139,City Build Pvt Ltd 139,2024-01-11,2025-01-10,72,Completed
CT0580,R0580,Market Road - Sector 12,R South,C206,Shiv Shakti Pvt Ltd 206,2024-07-13,2025-07-13,24,Pending
CT0581,R0581,S.V. Road - Sector 17,M West,C086,Urban Concrete Pvt Ltd 86,2024-06-29,2025-06-29,72,Completed
CT0582,R0582,Metro Road - Sector 22,F North,C168,Apex Roads Pvt Ltd 168,2024-01-26,2025-01-25,72,Completed
CT0583,R0583,Veer Savarkar Road - Sector 15,G North,C093,Skyline Roads Pvt Ltd 93,2024-10-01,2025-10-01,24,Completed
CT0584,R0584,Veer Savarkar Road - Sector 24,L,C215,Urban Concrete Pvt Ltd 215,2024-10-01,2025-10-01,48,Pending
CT0585,R0585,LBS Marg - Sector 31,M East,C059,Prime Infra Pvt Ltd 59,2024-05-28,2025-05-28,24,Ongoing
CT0586,R0586,Dr Annie Besant Road - Sector 33,M West,C085,Prime Infra Pvt Ltd 85,2024-07-30,2025-07-30,24,Pending
CT0587,R0587,Marine Drive - Sector 27,N,C188,Prime Infra Pvt Ltd 188,2024-05-07,2025-05-07,24,Completed
CT0588,R0588,Dr Annie Besant Road - Sector 22,E,C217,Shiv Shakti Pvt Ltd 217,2024-01-11,2025-01-10,72,Completed
CT0589,R0589,Veer Savarkar Road - Sector 12,E,C129,Urban Concrete Pvt Ltd 129,2024-07-22,2025-07-22,48,Completed
CT0590,R0590,Metro Road - Sector 12,H West,C041,Shiv Shakti Pvt Ltd 41,2024-05-24,2025-05-24,48,Completed
CT0591,R0591,Station Road - Sector 18,A,C059,Prime Infra Pvt Ltd 59,2024-11-19,2025-11-19,72,Completed
CT0592,R0592,S.V. Road - Sector 32,P South,C009,Western Civil Pvt Ltd 9,2024-05-19,2025-05-19,72,Completed
CT0593,R0593,Palm Beach Road - Sector 28,R North,C209,Apex Roads Pvt Ltd 209,2024-07-12,2025-07-12,72,Ongoing
CT0594,R0594,Palm Beach Road - Sector 1,M West,C034,Urban Concrete Pvt Ltd 34,2024-05-18,2025-05-18,24,Completed
CT0595,R0595,Veer Savarkar Road - Sector 1,F South,C019,Urban Concrete Pvt Ltd 19,2024-09-15,2025-09-15,72,Pending
CT0596,R0596,Linking Road - Sector 1,F South,C196,Western Civil Pvt Ltd 196,2024-07-31,2025-07-31,24,Completed
CT0597,R0597,Veer Savarkar Road - Sector 20,G North,C191,Apex Roads Pvt Ltd 191,2024-10-04,2025-10-04,72,Completed
CT0598,R0598,Market Road - Sector 38,K West,C025,Prime Infra Pvt Ltd 25,2024-10-28,2025-10-28,48,Completed
CT0599,R0599,Linking Road - Sector 20,C,C213,Urban Concrete Pvt Ltd 213,2024-11-06,2025-11-06,48,Ongoing
CT0600,R0600,Market Road - Sector 39,T,C109,Shiv Shakti Pvt Ltd 109,2024-09-19,2025-09-19,72,Completed
CT0601,R0601,Metro Road - Sector 9,L,C078,Prime Infra Pvt Ltd 78,2024-05-20,2025-05-20,48,Completed
CT0602,R0602,Dr Annie Besant Road - Sector 11,K East,C026,RoadBuild Pvt Ltd 26,2024-05-15,2025-05-15,72,Pending
CT0603,R0603,Dr Annie Besant Road - Sector 9,G North,C121,Urban Concrete Pvt Ltd 121,2024-07-11,2025-07-11,48,Ongoing
CT0604,R0604,Market Road - Sector 11,P South,C024,RoadBuild Pvt Ltd 24,2024-04-23,2025-04-23,48,Pending
CT0605,R0605,Metro Road - Sector 3,S,C072,Prime Infra Pvt Ltd 72,2024-09-04,2025-09-04,48,Pending
CT0606,R0606,Hospital Road - Sector 4,P North,C137,Western Civil Pvt Ltd 137,2024-09-16,2025-09-16,24,Ongoing
CT0607,R0607,LBS Marg - Sector 2,R South,C005,City Build Pvt Ltd 5,2024-09-11,2025-09-11,72,Ongoing
CT0608,R0608,Station Road - Sector 25,L,C244,Prime Infra Pvt Ltd 244,2024-07-09,2025-07-09,72,Pending
CT0609,R0609,Station Road - Sector 10,G South,C028,Prime Infra Pvt Ltd 28,2024-08-19,2025-08-19,24,Pending
CT0610,R0610,Palm Beach Road - Sector 7,H East,C250,Western Civil Pvt Ltd 250,2024-01-13,2025-01-12,48,Completed
CT0611,R0611,Hospital Road - Sector 39,G South,C115,Urban Concrete Pvt Ltd 115,2024-07-08,2025-07-08,48,Pending
CT0612,R0612,LBS Marg - Sector 33,L,C028,Prime Infra Pvt Ltd 28,2024-11-25,2025-11-25,48,Ongoing
CT0613,R0613,LBS Marg - Sector 7,H East,C037,Skyline Roads Pvt Ltd 37,2024-11-18,2025-11-18,24,Completed
CT0614,R0614,Dr Annie Besant Road - Sector 17,R North,C144,Prime Infra Pvt Ltd 144,2024-03-27,2025-03-27,24,Ongoing
CT0615,R0615,Palm Beach Road - Sector 19,K East,C152,Shiv Shakti Pvt Ltd 152,2024-05-07,2025-05-07,24,Completed
CT0616,R0616,Station Road - Sector 14,P North,C104,Western Civil Pvt Ltd 104,2024-11-11,2025-11-11,48,Pending
CT0617,R0617,Dr Annie Besant Road - Sector 1,H West,C186,City Build Pvt Ltd 186,2024-10-17,2025-10-17,24,Completed
CT0618,R0618,Hospital Road - Sector 32,D,C197,Metro Asphalt Pvt Ltd 197,2024-09-09,2025-09-09,48,Ongoing
CT0619,R0619,LBS Marg - Sector 7,N,C080,Western Civil Pvt Ltd 80,2024-06-21,2025-06-21,24,Completed
CT0620,R0620,Marine Drive - Sector 17,M East,C083,RoadBuild Pvt Ltd 83,2024-12-18,2025-12-18,72,Pending
CT0621,R0621,S.V. Road - Sector 3,D,C105,Metro Asphalt Pvt Ltd 105,2024-01-03,2025-01-02,48,Pending
CT0622,R0622,Veer Savarkar Road - Sector 28,R South,C054,Western Civil Pvt Ltd 54,2024-10-14,2025-10-14,48,Pending
CT0623,R0623,Linking Road - Sector 1,D,C128,Metro Asphalt Pvt Ltd 128,2024-06-09,2025-06-09,72,Completed
CT0624,R0624,Veer Savarkar Road - Sector 29,H West,C083,RoadBuild Pvt Ltd 83,2024-08-24,2025-08-24,72,Ongoing
CT0625,R0625,LBS Marg - Sector 24,T,C132,RoadBuild Pvt Ltd 132,2024-10-11,2025-10-11,72,Pending
CT0626,R0626,Palm Beach Road - Sector 26,D,C021,City Build Pvt Ltd 21,2024-02-23,2025-02-22,48,Pending
CT0627,R0627,Station Road - Sector 27,K West,C020,Shiv Shakti Pvt Ltd 20,2024-07-11,2025-07-11,24,Completed
CT0628,R0628,S.V. Road - Sector 4,D,C042,Shiv Shakti Pvt Ltd 42,2024-09-23,2025-09-23,72,Completed
CT0629,R0629,Hospital Road - Sector 31,L,C043,Western Civil Pvt Ltd 43,2024-04-11,2025-04-11,48,Completed
CT0630,R0630,Hospital Road - Sector 25,F North,C010,Prime Infra Pvt Ltd 10,2024-08-05,2025-08-05,48,Completed
CT0631,R0631,S.V. Road - Sector 31,R South,C161,Metro Asphalt Pvt Ltd 161,2024-09-25,2025-09-25,48,Completed
CT0632,R0632,Station Road - Sector 3,L,C192,Metro Asphalt Pvt Ltd 192,2024-10-07,2025-10-07,48,Ongoing
CT0633,R0633,Veer Savarkar Road - Sector 1,R Central,C003,Shiv Shakti Pvt Ltd 3,2024-05-31,2025-05-31,24,Ongoing
CT0634,R0634,Hospital Road - Sector 37,T,C076,RoadBuild Pvt Ltd 76,2024-12-12,2025-12-12,48,Pending
CT0635,R0635,Market Road - Sector 40,N,C083,RoadBuild Pvt Ltd 83,2024-11-10,2025-11-10,48,Pending
CT0636,R0636,Dr Annie Besant Road - Sector 31,R South,C167,Apex Roads Pvt Ltd 167,2024-03-25,2025-03-25,24,Ongoing
CT0637,R0637,Market Road - Sector 40,E,C134,Urban Concrete Pvt Ltd 134,2024-12-16,2025-12-16,24,Pending
CT0638,R0638,S.V. Road - Sector 33,R Central,C244,Prime Infra Pvt Ltd 244,2024-12-31,2025-12-31,48,Pending
CT0639,R0639,LBS Marg - Sector 32,F North,C155,Western Civil Pvt Ltd 155,2024-05-08,2025-05-08,48,Ongoing
CT0640,R0640,Marine Drive - Sector 4,H West,C054,Western Civil Pvt Ltd 54,2024-06-18,2025-06-18,72,Pending
CT0641,R0641,Metro Road - Sector 25,P North,C219,Urban Concrete Pvt Ltd 219,2024-03-10,2025-03-10,24,Pending
CT0642,R0642,Station Road - Sector 29,C,C184,Urban Concrete Pvt Ltd 184,2024-08-30,2025-08-30,24,Ongoing
CT0643,R0643,Station Road - Sector 29,C,C107,Shiv Shakti Pvt Ltd 107,2024-04-01,2025-04-01,24,Ongoing
CT0644,R0644,Metro Road - Sector 2,M West,C018,Apex Roads Pvt Ltd 18,2024-01-03,2025-01-02,48,Pending
CT0645,R0645,Linking Road - Sector 36,L,C049,RoadBuild Pvt Ltd 49,2024-04-12,2025-04-12,72,Completed
CT0646,R0646,Hospital Road - Sector 40,C,C138,Prime Infra Pvt Ltd 138,2024-08-22,2025-08-22,48,Completed
CT0647,R0647,Market Road - Sector 14,N,C016,Prime Infra Pvt Ltd 16,2024-11-15,2025-11-15,48,Pending
CT0648,R0648,Veer Savarkar Road - Sector 4,H West,C041,Shiv Shakti Pvt Ltd 41,2024-02-04,2025-02-03,48,Pending
CT0649,R0649,Market Road - Sector 40,H West,C144,Prime Infra Pvt Ltd 144,2024-04-25,2025-04-25,48,Pending
CT0650,R0650,Metro Road - Sector 24,S,C004,City Build Pvt Ltd 4,2024-04-08,2025-04-08,48,Ongoing
CT0651,R0651,LBS Marg - Sector 15,D,C211,Western Civil Pvt Ltd 211,2024-08-06,2025-08-06,72,Pending
CT0652,R0652,Metro Road - Sector 19,K East,C079,City Build Pvt Ltd 79,2024-07-07,2025-07-07,72,Ongoing
CT0653,R0653,LBS Marg - Sector 3,K East,C240,Apex Roads Pvt Ltd 240,2024-05-10,2025-05-10,72,Pending
CT0654,R0654,Palm Beach Road - Sector 7,E,C165,Western Civil Pvt Ltd 165,2024-12-03,2025-12-03,24,Completed
CT0655,R0655,LBS Marg - Sector 26,F South,C152,Shiv Shakti Pvt Ltd 152,2024-03-19,2025-03-19,24,Pending
CT0656,R0656,Veer Savarkar Road - Sector 7,F South,C056,Western Civil Pvt Ltd 56,2024-05-23,2025-05-23,24,Ongoing
CT0657,R0657,Metro Road - Sector 38,R Central,C145,Urban Concrete Pvt Ltd 145,2024-02-22,2025-02-21,24,Pending
CT0658,R0658,Metro Road - Sector 38,M East,C151,Western Civil Pvt Ltd 151,2024-11-26,2025-11-26,48,Ongoing
CT0659,R0659,Linking Road - Sector 34,M West,C148,RoadBuild Pvt Ltd 148,2024-10-30,2025-10-30,72,Ongoing
CT0660,R0660,Palm Beach Road - Sector 38,P North,C248,Shiv Shakti Pvt Ltd 248,2024-11-11,2025-11-11,72,Ongoing
CT0661,R0661,Hospital Road - Sector 12,F North,C054,Western Civil Pvt Ltd 54,2024-03-27,2025-03-27,24,Completed
CT0662,R0662,Palm Beach Road - Sector 39,D,C056,Western Civil Pvt Ltd 56,2024-02-16,2025-02-15,72,Completed
CT0663,R0663,Palm Beach Road - Sector 27,N,C037,Skyline Roads Pvt Ltd 37,2024-03-25,2025-03-25,48,Completed
CT0664,R0664,Palm Beach Road - Sector 22,G South,C083,RoadBuild Pvt Ltd 83,2024-02-09,2025-02-08,24,Completed
CT0665,R0665,S.V. Road - Sector 27,E,C131,Urban Concrete Pvt Ltd 131,2024-08-13,2025-08-13,48,Pending
CT0666,R0666,Market Road - Sector 21,H East,C121,Urban Concrete Pvt Ltd 121,2024-06-16,2025-06-16,48,Pending
CT0667,R0667,Dr Annie Besant Road - Sector 13,R Central,C195,Western Civil Pvt Ltd 195,2024-03-01,2025-03-01,24,Pending
CT0668,R0668,Veer Savarkar Road - Sector 9,R South,C101,Urban Concrete Pvt Ltd 101,2024-07-12,2025-07-12,48,Pending
CT0669,R0669,Market Road - Sector 21,N,C122,Urban Concrete Pvt Ltd 122,2024-06-30,2025-06-30,48,Pending
CT0670,R0670,Market Road - Sector 31,K East,C082,City Build Pvt Ltd 82,2024-09-28,2025-09-28,24,Pending
CT0671,R0671,Market Road - Sector 19,R South,C216,Prime Infra Pvt Ltd 216,2024-04-19,2025-04-19,24,Pending
CT0672,R0672,LBS Marg - Sector 2,N,C214,Metro Asphalt Pvt Ltd 214,2024-05-22,2025-05-22,72,Completed
CT0673,R0673,Metro Road - Sector 4,B,C216,Prime Infra Pvt Ltd 216,2024-08-11,2025-08-11,72,Ongoing
CT0674,R0674,Marine Drive - Sector 17,F North,C126,City Build Pvt Ltd 126,2024-12-21,2025-12-21,48,Pending
CT0675,R0675,Marine Drive - Sector 14,S,C031,Apex Roads Pvt Ltd 31,2024-10-12,2025-10-12,48,Pending
CT0676,R0676,Station Road - Sector 7,K East,C090,Prime Infra Pvt Ltd 90,2024-04-01,2025-04-01,24,Ongoing
CT0677,R0677,Metro Road - Sector 36,T,C219,Urban Concrete Pvt Ltd 219,2024-08-26,2025-08-26,72,Ongoing
CT0678,R0678,Marine Drive - Sector 4,N,C187,Skyline Roads Pvt Ltd 187,2024-08-05,2025-08-05,24,Pending
CT0679,R0679,Metro Road - Sector 21,L,C144,Prime Infra Pvt Ltd 144,2024-04-07,2025-04-07,48,Ongoing
CT0680,R0680,Marine Drive - Sector 13,A,C046,Apex Roads Pvt Ltd 46,2024-01-06,2025-01-05,24,Ongoing
CT0681,R0681,Metro Road - Sector 24,G North,C093,Skyline Roads Pvt Ltd 93,2024-09-26,2025-09-26,24,Completed
CT0682,R0682,Hospital Road - Sector 13,T,C151,Western Civil Pvt Ltd 151,2024-06-07,2025-06-07,48,Completed
CT0683,R0683,Station Road - Sector 12,H East,C234,City Build Pvt Ltd 234,2024-07-07,2025-07-07,48,Pending
CT0684,R0684,S.V. Road - Sector 33,F North,C236,Prime Infra Pvt Ltd 236,2024-01-07,2025-01-06,72,Ongoing
CT0685,R0685,Palm Beach Road - Sector 18,B,C009,Western Civil Pvt Ltd 9,2024-11-27,2025-11-27,48,Pending
CT0686,R0686,S.V. Road - Sector 38,E,C123,Shiv Shakti Pvt Ltd 123,2024-07-22,2025-07-22,24,Pending
CT0687,R0687,Station Road - Sector 10,H West,C181,Apex Roads Pvt Ltd 181,2024-05-09,2025-05-09,48,Pending
CT0688,R0688,Hospital Road - Sector 4,H West,C015,Shiv Shakti Pvt Ltd 15,2024-10-19,2025-10-19,24,Pending
CT0689,R0689,Hospital Road - Sector 36,M West,C238,Prime Infra Pvt Ltd 238,2024-08-29,2025-08-29,72,Pending
CT0690,R0690,Veer Savarkar Road - Sector 34,S,C117,Apex Roads Pvt Ltd 117,2024-09-08,2025-09-08,24,Ongoing
CT0691,R0691,LBS Marg - Sector 33,N,C192,Metro Asphalt Pvt Ltd 192,2024-11-27,2025-11-27,72,Completed
CT0692,R0692,Market Road - Sector 26,P North,C010,Prime Infra Pvt Ltd 10,2024-07-08,2025-07-08,24,Pending
CT0693,R0693,Dr Annie Besant Road - Sector 22,G North,C229,Shiv Shakti Pvt Ltd 229,2024-12-31,2025-12-31,24,Pending
CT0694,R0694,Dr Annie Besant Road - Sector 40,H East,C189,Metro Asphalt Pvt Ltd 189,2024-03-31,2025-03-31,24,Completed
CT0695,R0695,Metro Road - Sector 1,P North,C108,Shiv Shakti Pvt Ltd 108,2024-03-02,2025-03-02,24,Ongoing
CT0696,R0696,Dr Annie Besant Road - Sector 40,M East,C164,RoadBuild Pvt Ltd 164,2024-12-29,2025-12-29,24,Ongoing
CT0697,R0697,Metro Road - Sector 21,B,C025,Prime Infra Pvt Ltd 25,2024-10-05,2025-10-05,48,Completed
CT0698,R0698,Marine Drive - Sector 35,K West,C168,Apex Roads Pvt Ltd 168,2024-11-10,2025-11-10,72,Completed
CT0699,R0699,Market Road - Sector 24,A,C086,Urban Concrete Pvt Ltd 86,2024-12-10,2025-12-10,48,Pending
CT0700,R0700,Station Road - Sector 3,M East,C044,Skyline Roads Pvt Ltd 44,2024-10-27,2025-10-27,72,Ongoing
CT0701,R0701,Market Road - Sector 6,H West,C133,Skyline Roads Pvt Ltd 133,2024-01-08,2025-01-07,72,Ongoing
CT0702,R0702,Market Road - Sector 1,P North,C107,Shiv Shakti Pvt Ltd 107,2024-12-07,2025-12-07,72,Completed
CT0703,R0703,Metro Road - Sector 14,F South,C017,Urban Concrete Pvt Ltd 17,2024-04-08,2025-04-08,72,Completed
CT0704,R0704,Dr Annie Besant Road - Sector 35,D,C187,Skyline Roads Pvt Ltd 187,2024-05-16,2025-05-16,24,Completed
CT0705,R0705,LBS Marg - Sector 10,R Central,C114,Shiv Shakti Pvt Ltd 114,2024-01-23,2025-01-22,48,Pending
CT0706,R0706,Veer Savarkar Road - Sector 3,S,C051,Urban Concrete Pvt Ltd 51,2024-12-18,2025-12-18,72,Ongoing
CT0707,R0707,S.V. Road - Sector 17,B,C045,Shiv Shakti Pvt Ltd 45,2024-11-21,2025-11-21,72,Completed
CT0708,R0708,Dr Annie Besant Road - Sector 17,P South,C080,Western Civil Pvt Ltd 80,2024-05-20,2025-05-20,72,Ongoing
CT0709,R0709,Metro Road - Sector 26,M East,C031,Apex Roads Pvt Ltd 31,2024-06-23,2025-06-23,48,Pending
CT0710,R0710,Palm Beach Road - Sector 8,A,C215,Urban Concrete Pvt Ltd 215,2024-12-22,2025-12-22,24,Pending
CT0711,R0711,Hospital Road - Sector 5,R Central,C239,Skyline Roads Pvt Ltd 239,2024-08-25,2025-08-25,24,Completed
CT0712,R0712,LBS Marg - Sector 23,S,C236,Prime Infra Pvt Ltd 236,2024-02-16,2025-02-15,24,Pending
CT0713,R0713,Metro Road - Sector 20,H East,C023,Shiv Shakti Pvt Ltd 23,2024-04-05,2025-04-05,48,Pending
CT0714,R0714,Station Road - Sector 25,H East,C161,Metro Asphalt Pvt Ltd 161,2024-01-11,2025-01-10,24,Completed
CT0715,R0715,S.V. Road - Sector 35,M West,C056,Western Civil Pvt Ltd 56,2024-11-22,2025-11-22,48,Ongoing
CT0716,R0716,Palm Beach Road - Sector 35,T,C021,City Build Pvt Ltd 21,2024-05-06,2025-05-06,48,Pending
CT0717,R0717,Metro Road - Sector 24,H East,C165,Western Civil Pvt Ltd 165,2024-04-07,2025-04-07,72,Pending
CT0718,R0718,S.V. Road - Sector 8,P North,C034,Urban Concrete Pvt Ltd 34,2024-06-07,2025-06-07,24,Ongoing
CT0719,R0719,Hospital Road - Sector 26,P South,C181,Apex Roads Pvt Ltd 181,2024-05-26,2025-05-26,24,Ongoing
CT0720,R0720,Marine Drive - Sector 14,C,C036,Prime Infra Pvt Ltd 36,2024-10-16,2025-10-16,48,Ongoing
CT0721,R0721,Palm Beach Road - Sector 33,F South,C058,Urban Concrete Pvt Ltd 58,2024-04-06,2025-04-06,48,Completed
CT0722,R0722,Dr Annie Besant Road - Sector 40,F North,C046,Apex Roads Pvt Ltd 46,2024-05-31,2025-05-31,48,Pending
CT0723,R0723,S.V. Road - Sector 37,D,C113,Shiv Shakti Pvt Ltd 113,2024-05-15,2025-05-15,24,Ongoing
CT0724,R0724,Metro Road - Sector 36,M East,C091,Apex Roads Pvt Ltd 91,2024-10-23,2025-10-23,48,Ongoing
CT0725,R0725,LBS Marg - Sector 17,R South,C198,RoadBuild Pvt Ltd 198,2024-11-24,2025-11-24,72,Ongoing
CT0726,R0726,Hospital Road - Sector 32,T,C213,Urban Concrete Pvt Ltd 213,2024-11-19,2025-11-19,72,Completed
CT0727,R0727,Metro Road - Sector 16,E,C010,Prime Infra Pvt Ltd 10,2024-10-26,2025-10-26,48,Completed
CT0728,R0728,LBS Marg - Sector 13,R North,C138,Prime Infra Pvt Ltd 138,2024-10-18,2025-10-18,24,Pending
CT0729,R0729,Veer Savarkar Road - Sector 40,M East,C112,Metro Asphalt Pvt Ltd 112,2024-06-26,2025-06-26,72,Pending
CT0730,R0730,Hospital Road - Sector 10,S,C204,Urban Concrete Pvt Ltd 204,2024-05-27,2025-05-27,24,Ongoing
CT0731,R0731,Palm Beach Road - Sector 11,H West,C180,Urban Concrete Pvt Ltd 180,2024-09-14,2025-09-14,72,Pending
CT0732,R0732,Dr Annie Besant Road - Sector 28,G North,C204,Urban Concrete Pvt Ltd 204,2024-05-17,2025-05-17,24,Pending
CT0733,R0733,Metro Road - Sector 22,E,C198,RoadBuild Pvt Ltd 198,2024-04-17,2025-04-17,48,Completed
CT0734,R0734,Veer Savarkar Road - Sector 20,M East,C120,Metro Asphalt Pvt Ltd 120,2024-05-13,2025-05-13,24,Completed
CT0735,R0735,S.V. Road - Sector 39,D,C133,Skyline Roads Pvt Ltd 133,2024-12-03,2025-12-03,72,Completed
CT0736,R0736,Market Road - Sector 13,E,C122,Urban Concrete Pvt Ltd 122,2024-03-12,2025-03-12,48,Pending
CT0737,R0737,LBS Marg - Sector 2,T,C083,RoadBuild Pvt Ltd 83,2024-07-09,2025-07-09,72,Ongoing
CT0738,R0738,Hospital Road - Sector 26,P South,C169,Prime Infra Pvt Ltd 169,2024-10-28,2025-10-28,24,Ongoing
CT0739,R0739,Market Road - Sector 17,B,C180,Urban Concrete Pvt Ltd 180,2024-02-23,2025-02-22,72,Ongoing
CT0740,R0740,Metro Road - Sector 10,M West,C223,RoadBuild Pvt Ltd 223,2024-01-05,2025-01-04,24,Ongoing
CT0741,R0741,Hospital Road - Sector 19,G North,C122,Urban Concrete Pvt Ltd 122,2024-06-20,2025-06-20,48,Pending
CT0742,R0742,Market Road - Sector 6,N,C232,City Build Pvt Ltd 232,2024-02-21,2025-02-20,24,Ongoing
CT0743,R0743,Linking Road - Sector 16,N,C079,City Build Pvt Ltd 79,2024-03-24,2025-03-24,48,Pending
CT0744,R0744,S.V. Road - Sector 29,N,C048,Skyline Roads Pvt Ltd 48,2024-01-12,2025-01-11,48,Pending
CT0745,R0745,Hospital Road - Sector 10,P South,C117,Apex Roads Pvt Ltd 117,2024-10-30,2025-10-30,72,Pending
CT0746,R0746,Linking Road - Sector 15,K East,C112,Metro Asphalt Pvt Ltd 112,2024-07-23,2025-07-23,48,Completed
CT0747,R0747,Marine Drive - Sector 24,C,C065,Urban Concrete Pvt Ltd 65,2024-07-10,2025-07-10,72,Ongoing
CT0748,R0748,Dr Annie Besant Road - Sector 34,R South,C124,Skyline Roads Pvt Ltd 124,2024-12-13,2025-12-13,48,Ongoing
CT0749,R0749,Station Road - Sector 3,M West,C011,Skyline Roads Pvt Ltd 11,2024-04-29,2025-04-29,72,Completed
CT0750,R0750,Market Road - Sector 18,D,C108,Shiv Shakti Pvt Ltd 108,2024-08-06,2025-08-06,48,Pending
CT0751,R0751,Market Road - Sector 37,P South,C103,Urban Concrete Pvt Ltd 103,2024-10-30,2025-10-30,24,Completed
CT0752,R0752,Palm Beach Road - Sector 24,R Central,C132,RoadBuild Pvt Ltd 132,2024-03-26,2025-03-26,48,Pending
CT0753,R0753,Marine Drive - Sector 25,N,C248,Shiv Shakti Pvt Ltd 248,2024-12-23,2025-12-23,72,Completed
CT0754,R0754,Veer Savarkar Road - Sector 23,K West,C244,Prime Infra Pvt Ltd 244,2024-10-17,2025-10-17,24,Completed
CT0755,R0755,Linking Road - Sector 33,R North,C170,Apex Roads Pvt Ltd 170,2024-06-19,2025-06-19,24,Completed
CT0756,R0756,Dr Annie Besant Road - Sector 5,F North,C080,Western Civil Pvt Ltd 80,2024-03-13,2025-03-13,48,Ongoing
CT0757,R0757,S.V. Road - Sector 12,F South,C102,Apex Roads Pvt Ltd 102,2024-03-25,2025-03-25,48,Completed
CT0758,R0758,LBS Marg - Sector 15,R North,C169,Prime Infra Pvt Ltd 169,2024-03-16,2025-03-16,24,Completed
CT0759,R0759,LBS Marg - Sector 31,T,C078,Prime Infra Pvt Ltd 78,2024-06-06,2025-06-06,24,Completed
CT0760,R0760,Dr Annie Besant Road - Sector 38,M West,C061,Western Civil Pvt Ltd 61,2024-04-14,2025-04-14,48,Completed
CT0761,R0761,Dr Annie Besant Road - Sector 3,A,C186,City Build Pvt Ltd 186,2024-05-05,2025-05-05,24,Pending
CT0762,R0762,Metro Road - Sector 33,E,C143,Urban Concrete Pvt Ltd 143,2024-07-10,2025-07-10,24,Ongoing
CT0763,R0763,S.V. Road - Sector 17,B,C041,Shiv Shakti Pvt Ltd 41,2024-06-25,2025-06-25,24,Ongoing
CT0764,R0764,Hospital Road - Sector 37,K West,C141,Western Civil Pvt Ltd 141,2024-12-17,2025-12-17,48,Pending
CT0765,R0765,Metro Road - Sector 19,T,C055,Western Civil Pvt Ltd 55,2024-08-29,2025-08-29,72,Ongoing
CT0766,R0766,Hospital Road - Sector 31,M East,C213,Urban Concrete Pvt Ltd 213,2024-08-25,2025-08-25,72,Completed
CT0767,R0767,Palm Beach Road - Sector 39,G North,C196,Western Civil Pvt Ltd 196,2024-02-19,2025-02-18,48,Completed
CT0768,R0768,Metro Road - Sector 33,R North,C082,City Build Pvt Ltd 82,2024-03-09,2025-03-09,48,Ongoing
CT0769,R0769,Metro Road - Sector 22,T,C230,Skyline Roads Pvt Ltd 230,2024-05-24,2025-05-24,72,Pending
CT0770,R0770,Palm Beach Road - Sector 25,G North,C224,City Build Pvt Ltd 224,2024-08-05,2025-08-05,72,Ongoing
CT0771,R0771,Dr Annie Besant Road - Sector 34,A,C137,Western Civil Pvt Ltd 137,2024-02-06,2025-02-05,48,Ongoing
CT0772,R0772,Hospital Road - Sector 7,E,C172,Shiv Shakti Pvt Ltd 172,2024-10-27,2025-10-27,24,Completed
CT0773,R0773,Hospital Road - Sector 3,R North,C227,Prime Infra Pvt Ltd 227,2024-11-07,2025-11-07,24,Completed
CT0774,R0774,LBS Marg - Sector 31,D,C095,Shiv Shakti Pvt Ltd 95,2024-07-04,2025-07-04,48,Pending
CT0775,R0775,Market Road - Sector 1,R North,C211,Western Civil Pvt Ltd 211,2024-01-01,2024-12-31,72,Pending
CT0776,R0776,Palm Beach Road - Sector 24,N,C193,Shiv Shakti Pvt Ltd 193,2024-07-22,2025-07-22,24,Pending
CT0777,R0777,Dr Annie Besant Road - Sector 31,L,C059,Prime Infra Pvt Ltd 59,2024-03-11,2025-03-11,48,Completed
CT0778,R0778,Hospital Road - Sector 7,P South,C012,Urban Concrete Pvt Ltd 12,2024-04-18,2025-04-18,48,Ongoing
CT0779,R0779,Station Road - Sector 15,G South,C024,RoadBuild Pvt Ltd 24,2024-06-22,2025-06-22,48,Pending
CT0780,R0780,Market Road - Sector 27,R North,C047,Western Civil Pvt Ltd 47,2024-08-05,2025-08-05,24,Ongoing
CT0781,R0781,Linking Road - Sector 37,A,C080,Western Civil Pvt Ltd 80,2024-07-17,2025-07-17,72,Ongoing
CT0782,R0782,Linking Road - Sector 25,N,C009,Western Civil Pvt Ltd 9,2024-05-13,2025-05-13,48,Completed
CT0783,R0783,Veer Savarkar Road - Sector 27,S,C042,Shiv Shakti Pvt Ltd 42,2024-07-22,2025-07-22,72,Pending
CT0784,R0784,Palm Beach Road - Sector 38,E,C214,Metro Asphalt Pvt Ltd 214,2024-02-24,2025-02-23,48,Completed
CT0785,R0785,Palm Beach Road - Sector 37,P North,C089,City Build Pvt Ltd 89,2024-12-17,2025-12-17,72,Completed
CT0786,R0786,Palm Beach Road - Sector 14,R South,C168,Apex Roads Pvt Ltd 168,2024-07-26,2025-07-26,24,Completed
CT0787,R0787,Station Road - Sector 12,P North,C082,City Build Pvt Ltd 82,2024-03-06,2025-03-06,72,Pending
CT0788,R0788,Station Road - Sector 17,P North,C099,Prime Infra Pvt Ltd 99,2024-12-17,2025-12-17,48,Completed
CT0789,R0789,Palm Beach Road - Sector 9,S,C125,RoadBuild Pvt Ltd 125,2024-11-30,2025-11-30,72,Ongoing
CT0790,R0790,Dr Annie Besant Road - Sector 29,T,C109,Shiv Shakti Pvt Ltd 109,2024-01-28,2025-01-27,48,Ongoing
CT0791,R0791,Dr Annie Besant Road - Sector 33,D,C067,Shiv Shakti Pvt Ltd 67,2024-11-20,2025-11-20,24,Pending
CT0792,R0792,Hospital Road - Sector 4,P North,C207,Urban Concrete Pvt Ltd 207,2024-08-18,2025-08-18,72,Ongoing
CT0793,R0793,Linking Road - Sector 6,R Central,C200,Metro Asphalt Pvt Ltd 200,2024-08-30,2025-08-30,72,Ongoing
CT0794,R0794,Palm Beach Road - Sector 6,R North,C217,Shiv Shakti Pvt Ltd 217,2024-09-30,2025-09-30,48,Completed
CT0795,R0795,Veer Savarkar Road - Sector 6,G North,C202,Urban Concrete Pvt Ltd 202,2024-04-01,2025-04-01,48,Pending
CT0796,R0796,Palm Beach Road - Sector 26,T,C195,Western Civil Pvt Ltd 195,2024-07-15,2025-07-15,72,Completed
CT0797,R0797,Hospital Road - Sector 4,H East,C039,Skyline Roads Pvt Ltd 39,2024-01-04,2025-01-03,48,Pending
CT0798,R0798,Linking Road - Sector 13,M East,C152,Shiv Shakti Pvt Ltd 152,2024-05-12,2025-05-12,24,Pending
CT0799,R0799,Dr Annie Besant Road - Sector 3,H East,C209,Apex Roads Pvt Ltd 209,2024-11-10,2025-11-10,72,Ongoing
CT0800,R0800,Dr Annie Besant Road - Sector 40,N,C112,Metro Asphalt Pvt Ltd 112,2024-01-25,2025-01-24,48,Ongoing
CT0801,R0801,Dr Annie Besant Road - Sector 1,K East,C011,Skyline Roads Pvt Ltd 11,2024-03-03,2025-03-03,48,Ongoing
CT0802,R0802,Palm Beach Road - Sector 23,G South,C094,Western Civil Pvt Ltd 94,2024-01-26,2025-01-25,72,Pending
CT0803,R0803,Hospital Road - Sector 13,K West,C095,Shiv Shakti Pvt Ltd 95,2024-05-09,2025-05-09,48,Ongoing
CT0804,R0804,LBS Marg - Sector 6,T,C173,Shiv Shakti Pvt Ltd 173,2024-05-31,2025-05-31,24,Pending
CT0805,R0805,Market Road - Sector 38,T,C069,Shiv Shakti Pvt Ltd 69,2024-04-01,2025-04-01,48,Ongoing
CT0806,R0806,Dr Annie Besant Road - Sector 39,G South,C107,Shiv Shakti Pvt Ltd 107,2024-01-09,2025-01-08,48,Ongoing
CT0807,R0807,Hospital Road - Sector 1,K West,C077,Urban Concrete Pvt Ltd 77,2024-11-21,2025-11-21,24,Pending
CT0808,R0808,Market Road - Sector 7,L,C029,Prime Infra Pvt Ltd 29,2024-07-01,2025-07-01,72,Completed
CT0809,R0809,Marine Drive - Sector 22,N,C137,Western Civil Pvt Ltd 137,2024-07-21,2025-07-21,24,Completed
CT0810,R0810,Market Road - Sector 37,G South,C022,Metro Asphalt Pvt Ltd 22,2024-09-30,2025-09-30,24,Completed
CT0811,R0811,Hospital Road - Sector 31,K West,C187,Skyline Roads Pvt Ltd 187,2024-03-15,2025-03-15,72,Ongoing
CT0812,R0812,Metro Road - Sector 30,M East,C111,RoadBuild Pvt Ltd 111,2024-05-20,2025-05-20,48,Ongoing
CT0813,R0813,LBS Marg - Sector 17,M West,C177,Metro Asphalt Pvt Ltd 177,2024-11-12,2025-11-12,24,Pending
CT0814,R0814,Dr Annie Besant Road - Sector 15,R Central,C211,Western Civil Pvt Ltd 211,2024-09-25,2025-09-25,72,Ongoing
CT0815,R0815,Market Road - Sector 35,K East,C011,Skyline Roads Pvt Ltd 11,2024-02-09,2025-02-08,48,Ongoing
CT0816,R0816,Marine Drive - Sector 6,G North,C010,Prime Infra Pvt Ltd 10,2024-03-16,2025-03-16,72,Pending
CT0817,R0817,Market Road - Sector 12,C,C164,RoadBuild Pvt Ltd 164,2024-02-21,2025-02-20,48,Pending
CT0818,R0818,Dr Annie Besant Road - Sector 37,K East,C186,City Build Pvt Ltd 186,2024-02-10,2025-02-09,48,Pending
CT0819,R0819,Metro Road - Sector 13,T,C192,Metro Asphalt Pvt Ltd 192,2024-06-03,2025-06-03,48,Ongoing
CT0820,R0820,Dr Annie Besant Road - Sector 17,G North,C006,Metro Asphalt Pvt Ltd 6,2024-04-04,2025-04-04,72,Ongoing
CT0821,R0821,Dr Annie Besant Road - Sector 40,F South,C185,Apex Roads Pvt Ltd 185,2024-11-30,2025-11-30,72,Completed
CT0822,R0822,LBS Marg - Sector 6,D,C215,Urban Concrete Pvt Ltd 215,2024-08-09,2025-08-09,24,Completed
CT0823,R0823,Linking Road - Sector 35,R North,C147,Urban Concrete Pvt Ltd 147,2024-05-13,2025-05-13,48,Pending
CT0824,R0824,Hospital Road - Sector 21,K East,C132,RoadBuild Pvt Ltd 132,2024-10-03,2025-10-03,24,Pending
CT0825,R0825,S.V. Road - Sector 33,M West,C205,Urban Concrete Pvt Ltd 205,2024-01-26,2025-01-25,48,Pending
CT0826,R0826,Hospital Road - Sector 9,G North,C122,Urban Concrete Pvt Ltd 122,2024-04-20,2025-04-20,48,Ongoing
CT0827,R0827,Station Road - Sector 35,L,C192,Metro Asphalt Pvt Ltd 192,2024-12-18,2025-12-18,24,Ongoing
CT0828,R0828,Palm Beach Road - Sector 12,K East,C129,Urban Concrete Pvt Ltd 129,2024-12-09,2025-12-09,24,Pending
CT0829,R0829,Market Road - Sector 30,S,C103,Urban Concrete Pvt Ltd 103,2024-04-02,2025-04-02,72,Ongoing
CT0830,R0830,Metro Road - Sector 14,A,C070,Metro Asphalt Pvt Ltd 70,2024-01-03,2025-01-02,48,Completed
CT0831,R0831,Veer Savarkar Road - Sector 40,H West,C005,City Build Pvt Ltd 5,2024-07-31,2025-07-31,72,Completed
CT0832,R0832,Marine Drive - Sector 16,P North,C071,Shiv Shakti Pvt Ltd 71,2024-05-16,2025-05-16,48,Pending
CT0833,R0833,Veer Savarkar Road - Sector 24,R North,C203,City Build Pvt Ltd 203,2024-11-21,2025-11-21,48,Completed
CT0834,R0834,Dr Annie Besant Road - Sector 27,L,C057,Urban Concrete Pvt Ltd 57,2024-04-25,2025-04-25,24,Pending
CT0835,R0835,Palm Beach Road - Sector 18,K East,C084,Skyline Roads Pvt Ltd 84,2024-04-23,2025-04-23,24,Pending
CT0836,R0836,S.V. Road - Sector 37,P South,C074,Metro Asphalt Pvt Ltd 74,2024-12-30,2025-12-30,72,Ongoing
CT0837,R0837,Marine Drive - Sector 16,D,C151,Western Civil Pvt Ltd 151,2024-08-03,2025-08-03,72,Pending
CT0838,R0838,Dr Annie Besant Road - Sector 10,K West,C085,Prime Infra Pvt Ltd 85,2024-10-04,2025-10-04,48,Ongoing
CT0839,R0839,Linking Road - Sector 12,M West,C239,Skyline Roads Pvt Ltd 239,2024-10-12,2025-10-12,24,Ongoing
CT0840,R0840,Metro Road - Sector 34,E,C088,Shiv Shakti Pvt Ltd 88,2024-06-12,2025-06-12,48,Ongoing
CT0841,R0841,Marine Drive - Sector 17,M West,C039,Skyline Roads Pvt Ltd 39,2024-08-24,2025-08-24,72,Ongoing
CT0842,R0842,LBS Marg - Sector 11,K West,C054,Western Civil Pvt Ltd 54,2024-09-29,2025-09-29,72,Completed
CT0843,R0843,Station Road - Sector 7,G South,C173,Shiv Shakti Pvt Ltd 173,2024-07-18,2025-07-18,48,Ongoing
CT0844,R0844,Veer Savarkar Road - Sector 24,G South,C009,Western Civil Pvt Ltd 9,2024-12-04,2025-12-04,72,Completed
CT0845,R0845,Veer Savarkar Road - Sector 2,G South,C162,Western Civil Pvt Ltd 162,2024-09-06,2025-09-06,72,Ongoing
CT0846,R0846,Metro Road - Sector 39,K East,C022,Metro Asphalt Pvt Ltd 22,2024-04-16,2025-04-16,72,Pending
CT0847,R0847,Marine Drive - Sector 23,F North,C095,Shiv Shakti Pvt Ltd 95,2024-06-04,2025-06-04,48,Ongoing
CT0848,R0848,Station Road - Sector 6,M West,C116,Prime Infra Pvt Ltd 116,2024-12-11,2025-12-11,48,Completed
CT0849,R0849,Metro Road - Sector 10,M East,C040,Metro Asphalt Pvt Ltd 40,2024-11-15,2025-11-15,72,Completed
CT0850,R0850,Metro Road - Sector 40,L,C160,Metro Asphalt Pvt Ltd 160,2024-06-29,2025-06-29,72,Ongoing
CT0851,R0851,LBS Marg - Sector 11,C,C107,Shiv Shakti Pvt Ltd 107,2024-01-12,2025-01-11,48,Pending
CT0852,R0852,Veer Savarkar Road - Sector 19,H West,C191,Apex Roads Pvt Ltd 191,2024-09-08,2025-09-08,24,Ongoing
CT0853,R0853,Metro Road - Sector 26,R North,C236,Prime Infra Pvt Ltd 236,2024-10-02,2025-10-02,24,Ongoing
CT0854,R0854,Hospital Road - Sector 34,K East,C156,Metro Asphalt Pvt Ltd 156,2024-03-04,2025-03-04,24,Ongoing
CT0855,R0855,S.V. Road - Sector 2,F North,C056,Western Civil Pvt Ltd 56,2024-04-18,2025-04-18,24,Pending
CT0856,R0856,Marine Drive - Sector 6,R South,C075,Skyline Roads Pvt Ltd 75,2024-04-01,2025-04-01,24,Pending
CT0857,R0857,LBS Marg - Sector 7,K West,C103,Urban Concrete Pvt Ltd 103,2024-10-08,2025-10-08,48,Ongoing
CT0858,R0858,Linking Road - Sector 2,P North,C193,Shiv Shakti Pvt Ltd 193,2024-04-21,2025-04-21,48,Pending
CT0859,R0859,LBS Marg - Sector 17,C,C072,Prime Infra Pvt Ltd 72,2024-06-12,2025-06-12,48,Pending
CT0860,R0860,Metro Road - Sector 25,C,C028,Prime Infra Pvt Ltd 28,2024-12-06,2025-12-06,72,Pending
CT0861,R0861,Marine Drive - Sector 29,G North,C196,Western Civil Pvt Ltd 196,2024-11-21,2025-11-21,48,Pending
CT0862,R0862,Market Road - Sector 11,E,C138,Prime Infra Pvt Ltd 138,2024-09-29,2025-09-29,48,Completed
CT0863,R0863,Veer Savarkar Road - Sector 21,R South,C220,Skyline Roads Pvt Ltd 220,2024-07-25,2025-07-25,48,Ongoing
CT0864,R0864,Marine Drive - Sector 36,P North,C074,Metro Asphalt Pvt Ltd 74,2024-08-18,2025-08-18,24,Completed
CT0865,R0865,Market Road - Sector 12,S,C103,Urban Concrete Pvt Ltd 103,2024-05-27,2025-05-27,24,Pending
CT0866,R0866,Metro Road - Sector 37,R Central,C213,Urban Concrete Pvt Ltd 213,2024-06-20,2025-06-20,48,Pending
CT0867,R0867,Metro Road - Sector 35,R Central,C045,Shiv Shakti Pvt Ltd 45,2024-12-15,2025-12-15,24,Ongoing
CT0868,R0868,Market Road - Sector 15,M West,C149,Shiv Shakti Pvt Ltd 149,2024-11-30,2025-11-30,48,Ongoing
CT0869,R0869,Veer Savarkar Road - Sector 27,H East,C106,City Build Pvt Ltd 106,2024-04-06,2025-04-06,72,Completed
CT0870,R0870,Linking Road - Sector 1,H East,C159,Skyline Roads Pvt Ltd 159,2024-04-24,2025-04-24,24,Pending
CT0871,R0871,Marine Drive - Sector 31,K East,C159,Skyline Roads Pvt Ltd 159,2024-09-14,2025-09-14,24,Pending
CT0872,R0872,Station Road - Sector 31,S,C147,Urban Concrete Pvt Ltd 147,2024-07-28,2025-07-28,24,Ongoing
CT0873,R0873,Marine Drive - Sector 39,L,C157,RoadBuild Pvt Ltd 157,2024-05-07,2025-05-07,24,Pending
CT0874,R0874,Veer Savarkar Road - Sector 13,P North,C161,Metro Asphalt Pvt Ltd 161,2024-08-29,2025-08-29,72,Completed
CT0875,R0875,Palm Beach Road - Sector 16,L,C244,Prime Infra Pvt Ltd 244,2024-07-08,2025-07-08,24,Pending
CT0876,R0876,Dr Annie Besant Road - Sector 17,K West,C154,Western Civil Pvt Ltd 154,2024-11-30,2025-11-30,48,Pending
CT0877,R0877,Dr Annie Besant Road - Sector 34,R Central,C131,Urban Concrete Pvt Ltd 131,2024-04-08,2025-04-08,24,Ongoing
CT0878,R0878,Metro Road - Sector 35,H East,C095,Shiv Shakti Pvt Ltd 95,2024-05-02,2025-05-02,24,Ongoing
CT0879,R0879,LBS Marg - Sector 12,F South,C240,Apex Roads Pvt Ltd 240,2024-12-30,2025-12-30,24,Ongoing
CT0880,R0880,Metro Road - Sector 30,D,C034,Urban Concrete Pvt Ltd 34,2024-05-30,2025-05-30,24,Completed
CT0881,R0881,Hospital Road - Sector 32,G South,C053,City Build Pvt Ltd 53,2024-10-22,2025-10-22,48,Ongoing
CT0882,R0882,S.V. Road - Sector 4,A,C063,City Build Pvt Ltd 63,2024-12-16,2025-12-16,72,Ongoing
CT0883,R0883,LBS Marg - Sector 19,F North,C062,City Build Pvt Ltd 62,2024-03-31,2025-03-31,48,Pending
CT0884,R0884,Station Road - Sector 1,S,C165,Western Civil Pvt Ltd 165,2024-02-26,2025-02-25,72,Ongoing
CT0885,R0885,Linking Road - Sector 32,E,C224,City Build Pvt Ltd 224,2024-03-22,2025-03-22,24,Ongoing
CT0886,R0886,Marine Drive - Sector 32,L,C185,Apex Roads Pvt Ltd 185,2024-02-05,2025-02-04,24,Pending
CT0887,R0887,Linking Road - Sector 22,S,C009,Western Civil Pvt Ltd 9,2024-12-15,2025-12-15,72,Ongoing
CT0888,R0888,Marine Drive - Sector 26,B,C222,Urban Concrete Pvt Ltd 222,2024-09-23,2025-09-23,48,Ongoing
CT0889,R0889,S.V. Road - Sector 13,M West,C019,Urban Concrete Pvt Ltd 19,2024-08-01,2025-08-01,48,Pending
CT0890,R0890,LBS Marg - Sector 16,A,C138,Prime Infra Pvt Ltd 138,2024-03-02,2025-03-02,72,Pending
CT0891,R0891,Linking Road - Sector 13,G North,C166,Urban Concrete Pvt Ltd 166,2024-09-30,2025-09-30,72,Completed
CT0892,R0892,Metro Road - Sector 14,N,C113,Shiv Shakti Pvt Ltd 113,2024-09-03,2025-09-03,72,Completed
CT0893,R0893,Marine Drive - Sector 21,R South,C075,Skyline Roads Pvt Ltd 75,2024-07-22,2025-07-22,72,Completed
CT0894,R0894,Market Road - Sector 34,T,C094,Western Civil Pvt Ltd 94,2024-07-23,2025-07-23,72,Pending
CT0895,R0895,Metro Road - Sector 20,M West,C162,Western Civil Pvt Ltd 162,2024-11-28,2025-11-28,48,Ongoing
CT0896,R0896,Metro Road - Sector 14,B,C202,Urban Concrete Pvt Ltd 202,2024-03-04,2025-03-04,24,Completed
CT0897,R0897,Palm Beach Road - Sector 21,R Central,C217,Shiv Shakti Pvt Ltd 217,2024-05-14,2025-05-14,72,Completed
CT0898,R0898,Hospital Road - Sector 8,G South,C185,Apex Roads Pvt Ltd 185,2024-03-27,2025-03-27,48,Ongoing
CT0899,R0899,Linking Road - Sector 38,A,C169,Prime Infra Pvt Ltd 169,2024-06-22,2025-06-22,24,Completed
CT0900,R0900,Hospital Road - Sector 10,S,C204,Urban Concrete Pvt Ltd 204,2024-09-04,2025-09-04,24,Ongoing
CT0901,R0901,S.V. Road - Sector 32,G North,C025,Prime Infra Pvt Ltd 25,2024-06-17,2025-06-17,72,Pending
CT0902,R0902,Linking Road - Sector 4,R Central,C019,Urban Concrete Pvt Ltd 19,2024-08-22,2025-08-22,72,Ongoing
CT0903,R0903,Market Road - Sector 7,S,C193,Shiv Shakti Pvt Ltd 193,2024-05-05,2025-05-05,48,Ongoing
CT0904,R0904,Veer Savarkar Road - Sector 36,G North,C076,RoadBuild Pvt Ltd 76,2024-12-18,2025-12-18,48,Ongoing
CT0905,R0905,Dr Annie Besant Road - Sector 2,M East,C202,Urban Concrete Pvt Ltd 202,2024-08-18,2025-08-18,72,Ongoing
CT0906,R0906,S.V. Road - Sector 17,K East,C146,Metro Asphalt Pvt Ltd 146,2024-05-20,2025-05-20,72,Completed
CT0907,R0907,Station Road - Sector 36,S,C195,Western Civil Pvt Ltd 195,2024-03-12,2025-03-12,24,Pending
CT0908,R0908,Station Road - Sector 13,S,C074,Metro Asphalt Pvt Ltd 74,2024-01-14,2025-01-13,24,Ongoing
CT0909,R0909,Veer Savarkar Road - Sector 21,P North,C145,Urban Concrete Pvt Ltd 145,2024-07-04,2025-07-04,72,Ongoing
CT0910,R0910,Hospital Road - Sector 36,G South,C079,City Build Pvt Ltd 79,2024-03-22,2025-03-22,72,Pending
CT0911,R0911,S.V. Road - Sector 29,N,C079,City Build Pvt Ltd 79,2024-08-31,2025-08-31,72,Ongoing
CT0912,R0912,Veer Savarkar Road - Sector 30,P North,C173,Shiv Shakti Pvt Ltd 173,2024-05-30,2025-05-30,24,Pending
CT0913,R0913,S.V. Road - Sector 2,K West,C207,Urban Concrete Pvt Ltd 207,2024-12-21,2025-12-21,24,Completed
CT0914,R0914,Dr Annie Besant Road - Sector 21,R North,C156,Metro Asphalt Pvt Ltd 156,2024-05-29,2025-05-29,48,Ongoing
CT0915,R0915,Market Road - Sector 25,R South,C164,RoadBuild Pvt Ltd 164,2024-04-26,2025-04-26,24,Completed
CT0916,R0916,Station Road - Sector 36,R South,C150,Metro Asphalt Pvt Ltd 150,2024-06-04,2025-06-04,24,Pending
CT0917,R0917,Palm Beach Road - Sector 21,H West,C004,City Build Pvt Ltd 4,2024-05-12,2025-05-12,48,Pending
CT0918,R0918,Metro Road - Sector 5,N,C131,Urban Concrete Pvt Ltd 131,2024-09-21,2025-09-21,48,Ongoing
CT0919,R0919,Linking Road - Sector 13,F North,C159,Skyline Roads Pvt Ltd 159,2024-03-28,2025-03-28,48,Pending
CT0920,R0920,LBS Marg - Sector 3,F South,C040,Metro Asphalt Pvt Ltd 40,2024-10-27,2025-10-27,72,Ongoing
CT0921,R0921,Station Road - Sector 34,R South,C134,Urban Concrete Pvt Ltd 134,2024-07-10,2025-07-10,48,Ongoing
CT0922,R0922,Veer Savarkar Road - Sector 15,B,C166,Urban Concrete Pvt Ltd 166,2024-03-27,2025-03-27,72,Ongoing
CT0923,R0923,Dr Annie Besant Road - Sector 32,A,C045,Shiv Shakti Pvt Ltd 45,2024-09-04,2025-09-04,48,Completed
CT0924,R0924,Linking Road - Sector 24,R Central,C172,Shiv Shakti Pvt Ltd 172,2024-02-03,2025-02-02,48,Completed
CT0925,R0925,Linking Road - Sector 40,K East,C080,Western Civil Pvt Ltd 80,2024-04-15,2025-04-15,24,Completed
CT0926,R0926,LBS Marg - Sector 20,B,C072,Prime Infra Pvt Ltd 72,2024-11-07,2025-11-07,72,Completed
CT0927,R0927,LBS Marg - Sector 7,N,C167,Apex Roads Pvt Ltd 167,2024-04-10,2025-04-10,48,Ongoing
CT0928,R0928,Palm Beach Road - Sector 13,P North,C118,Skyline Roads Pvt Ltd 118,2024-10-18,2025-10-18,72,Completed
CT0929,R0929,Dr Annie Besant Road - Sector 37,R South,C216,Prime Infra Pvt Ltd 216,2024-09-25,2025-09-25,24,Pending
CT0930,R0930,Market Road - Sector 27,P North,C052,Prime Infra Pvt Ltd 52,2024-07-05,2025-07-05,72,Completed
CT0931,R0931,Hospital Road - Sector 23,R Central,C103,Urban Concrete Pvt Ltd 103,2024-11-16,2025-11-16,24,Ongoing
CT0932,R0932,Metro Road - Sector 28,S,C130,Shiv Shakti Pvt Ltd 130,2024-02-04,2025-02-03,48,Pending
CT0933,R0933,Market Road - Sector 26,F North,C247,Prime Infra Pvt Ltd 247,2024-09-30,2025-09-30,72,Pending
CT0934,R0934,S.V. Road - Sector 35,R South,C224,City Build Pvt Ltd 224,2024-02-10,2025-02-09,24,Ongoing
CT0935,R0935,Veer Savarkar Road - Sector 36,K East,C146,Metro Asphalt Pvt Ltd 146,2024-09-24,2025-09-24,24,Completed
CT0936,R0936,Metro Road - Sector 28,L,C066,Urban Concrete Pvt Ltd 66,2024-04-03,2025-04-03,72,Pending
CT0937,R0937,Dr Annie Besant Road - Sector 37,R North,C220,Skyline Roads Pvt Ltd 220,2024-05-05,2025-05-05,24,Pending
CT0938,R0938,Market Road - Sector 17,K West,C184,Urban Concrete Pvt Ltd 184,2024-08-21,2025-08-21,24,Completed
CT0939,R0939,Palm Beach Road - Sector 1,M East,C156,Metro Asphalt Pvt Ltd 156,2024-05-16,2025-05-16,72,Ongoing
CT0940,R0940,Hospital Road - Sector 2,H East,C024,RoadBuild Pvt Ltd 24,2024-04-07,2025-04-07,72,Completed
CT0941,R0941,Linking Road - Sector 20,H East,C232,City Build Pvt Ltd 232,2024-03-08,2025-03-08,72,Ongoing
CT0942,R0942,Linking Road - Sector 18,H West,C016,Prime Infra Pvt Ltd 16,2024-04-16,2025-04-16,24,Completed
CT0943,R0943,Hospital Road - Sector 37,P North,C150,Metro Asphalt Pvt Ltd 150,2024-10-24,2025-10-24,48,Ongoing
CT0944,R0944,Station Road - Sector 23,B,C026,RoadBuild Pvt Ltd 26,2024-10-01,2025-10-01,24,Ongoing
CT0945,R0945,Veer Savarkar Road - Sector 38,G South,C203,City Build Pvt Ltd 203,2024-11-20,2025-11-20,24,Completed
CT0946,R0946,Marine Drive - Sector 6,G South,C123,Shiv Shakti Pvt Ltd 123,2024-02-29,2025-02-28,48,Completed
CT0947,R0947,Dr Annie Besant Road - Sector 5,P South,C122,Urban Concrete Pvt Ltd 122,2024-04-11,2025-04-11,24,Pending
CT0948,R0948,S.V. Road - Sector 32,M West,C151,Western Civil Pvt Ltd 151,2024-04-20,2025-04-20,72,Ongoing
CT0949,R0949,Metro Road - Sector 20,R North,C077,Urban Concrete Pvt Ltd 77,2024-10-18,2025-10-18,24,Pending
CT0950,R0950,Linking Road - Sector 22,C,C111,RoadBuild Pvt Ltd 111,2024-02-27,2025-02-26,72,Ongoing
CT0951,R0951,LBS Marg - Sector 15,L,C200,Metro Asphalt Pvt Ltd 200,2024-11-25,2025-11-25,24,Pending
CT0952,R0952,Metro Road - Sector 25,R Central,C207,Urban Concrete Pvt Ltd 207,2024-11-21,2025-11-21,72,Ongoing
CT0953,R0953,Linking Road - Sector 21,N,C001,Western Civil Pvt Ltd 1,2024-05-08,2025-05-08,48,Pending
CT0954,R0954,Market Road - Sector 15,H West,C070,Metro Asphalt Pvt Ltd 70,2024-09-09,2025-09-09,72,Completed
CT0955,R0955,Palm Beach Road - Sector 29,R South,C085,Prime Infra Pvt Ltd 85,2024-09-16,2025-09-16,48,Pending
CT0956,R0956,Dr Annie Besant Road - Sector 28,C,C073,City Build Pvt Ltd 73,2024-11-26,2025-11-26,48,Ongoing
CT0957,R0957,S.V. Road - Sector 22,E,C223,RoadBuild Pvt Ltd 223,2024-09-29,2025-09-29,24,Ongoing
CT0958,R0958,Linking Road - Sector 36,P South,C071,Shiv Shakti Pvt Ltd 71,2024-12-13,2025-12-13,72,Pending
CT0959,R0959,Palm Beach Road - Sector 33,C,C080,Western Civil Pvt Ltd 80,2024-11-16,2025-11-16,48,Completed
CT0960,R0960,Station Road - Sector 36,E,C194,Prime Infra Pvt Ltd 194,2024-04-03,2025-04-03,48,Completed
CT0961,R0961,Metro Road - Sector 37,K West,C082,City Build Pvt Ltd 82,2024-09-17,2025-09-17,48,Ongoing
CT0962,R0962,Market Road - Sector 16,R North,C042,Shiv Shakti Pvt Ltd 42,2024-04-01,2025-04-01,24,Ongoing
CT0963,R0963,Palm Beach Road - Sector 21,G South,C173,Shiv Shakti Pvt Ltd 173,2024-06-04,2025-06-04,24,Ongoing
CT0964,R0964,Metro Road - Sector 27,D,C088,Shiv Shakti Pvt Ltd 88,2024-11-22,2025-11-22,72,Pending
CT0965,R0965,Dr Annie Besant Road - Sector 21,K East,C211,Western Civil Pvt Ltd 211,2024-04-03,2025-04-03,24,Completed
CT0966,R0966,S.V. Road - Sector 23,H East,C196,Western Civil Pvt Ltd 196,2024-04-28,2025-04-28,24,Ongoing
CT0967,R0967,S.V. Road - Sector 29,R North,C129,Urban Concrete Pvt Ltd 129,2024-06-05,2025-06-05,48,Pending
CT0968,R0968,Metro Road - Sector 24,F South,C121,Urban Concrete Pvt Ltd 121,2024-02-22,2025-02-21,72,Ongoing
CT0969,R0969,Linking Road - Sector 16,D,C238,Prime Infra Pvt Ltd 238,2024-11-08,2025-11-08,24,Pending
CT0970,R0970,Linking Road - Sector 22,H East,C173,Shiv Shakti Pvt Ltd 173,2024-03-20,2025-03-20,48,Completed
CT0971,R0971,Station Road - Sector 31,H East,C050,City Build Pvt Ltd 50,2024-07-21,2025-07-21,24,Completed
CT0972,R0972,Market Road - Sector 14,F South,C157,RoadBuild Pvt Ltd 157,2024-12-05,2025-12-05,24,Ongoing
CT0973,R0973,Marine Drive - Sector 36,N,C245,City Build Pvt Ltd 245,2024-09-21,2025-09-21,48,Pending
CT0974,R0974,Metro Road - Sector 2,S,C153,Shiv Shakti Pvt Ltd 153,2024-08-01,2025-08-01,72,Ongoing
CT0975,R0975,Marine Drive - Sector 11,B,C059,Prime Infra Pvt Ltd 59,2024-05-14,2025-05-14,48,Ongoing
CT0976,R0976,Hospital Road - Sector 18,F South,C095,Shiv Shakti Pvt Ltd 95,2024-03-15,2025-03-15,48,Ongoing
CT0977,R0977,Linking Road - Sector 5,R Central,C187,Skyline Roads Pvt Ltd 187,2024-06-30,2025-06-30,72,Ongoing
CT0978,R0978,Metro Road - Sector 24,R South,C116,Prime Infra Pvt Ltd 116,2024-06-06,2025-06-06,48,Pending
CT0979,R0979,Metro Road - Sector 25,H East,C101,Urban Concrete Pvt Ltd 101,2024-08-01,2025-08-01,24,Ongoing
CT0980,R0980,LBS Marg - Sector 21,N,C015,Shiv Shakti Pvt Ltd 15,2024-07-28,2025-07-28,48,Pending
CT0981,R0981,S.V. Road - Sector 13,C,C207,Urban Concrete Pvt Ltd 207,2024-03-12,2025-03-12,48,Ongoing
CT0982,R0982,Linking Road - Sector 3,P North,C005,City Build Pvt Ltd 5,2024-12-26,2025-12-26,24,Completed
CT0983,R0983,Veer Savarkar Road - Sector 32,H East,C170,Apex Roads Pvt Ltd 170,2024-05-11,2025-05-11,48,Ongoing
CT0984,R0984,Veer Savarkar Road - Sector 23,A,C007,Prime Infra Pvt Ltd 7,2024-06-13,2025-06-13,48,Ongoing
CT0985,R0985,Market Road - Sector 18,G North,C084,Skyline Roads Pvt Ltd 84,2024-10-12,2025-10-12,72,Pending
CT0986,R0986,Linking Road - Sector 36,K West,C052,Prime Infra Pvt Ltd 52,2024-04-20,2025-04-20,72,Pending
CT0987,R0987,Veer Savarkar Road - Sector 26,E,C113,Shiv Shakti Pvt Ltd 113,2024-05-20,2025-05-20,24,Completed
CT0988,R0988,Palm Beach Road - Sector 34,C,C063,City Build Pvt Ltd 63,2024-03-23,2025-03-23,48,Pending
CT0989,R0989,Dr Annie Besant Road - Sector 37,L,C123,Shiv Shakti Pvt Ltd 123,2024-10-30,2025-10-30,48,Completed
CT0990,R0990,Hospital Road - Sector 22,H East,C200,Metro Asphalt Pvt Ltd 200,2024-12-03,2025-12-03,48,Pending
CT0991,R0991,Dr Annie Besant Road - Sector 9,E,C246,City Build Pvt Ltd 246,2024-12-27,2025-12-27,48,Completed
CT0992,R0992,Dr Annie Besant Road - Sector 9,R South,C072,Prime Infra Pvt Ltd 72,2024-11-06,2025-11-06,72,Ongoing
CT0993,R0993,Palm Beach Road - Sector 10,E,C016,Prime Infra Pvt Ltd 16,2024-02-21,2025-02-20,24,Pending
CT0994,R0994,LBS Marg - Sector 36,H West,C088,Shiv Shakti Pvt Ltd 88,2024-05-21,2025-05-21,72,Ongoing
CT0995,R0995,Veer Savarkar Road - Sector 10,F North,C113,Shiv Shakti Pvt Ltd 113,2024-05-25,2025-05-25,24,Ongoing
CT0996,R0996,Palm Beach Road - Sector 27,H West,C035,City Build Pvt Ltd 35,2024-02-07,2025-02-06,48,Pending
CT0997,R0997,Metro Road - Sector 18,T,C106,City Build Pvt Ltd 106,2024-03-18,2025-03-18,24,Pending
CT0998,R0998,S.V. Road - Sector 12,D,C077,Urban Concrete Pvt Ltd 77,2024-10-20,2025-10-20,24,Pending
CT0999,R0999,Hospital Road - Sector 40,R North,C023,Shiv Shakti Pvt Ltd 23,2024-08-12,2025-08-12,24,Ongoing
CT1000,R1000,Metro Road - Sector 2,G North,C147,Urban Concrete Pvt Ltd 147,2024-10-06,2025-10-06,72,Ongoing
CT1001,R1001,Station Road - Sector 9,S,C143,Urban Concrete Pvt Ltd 143,2024-09-28,2025-09-28,48,Pending
CT1002,R1002,Metro Road - Sector 24,S,C006,Metro Asphalt Pvt Ltd 6,2024-03-12,2025-03-12,24,Pending
CT1003,R1003,Station Road - Sector 9,M West,C183,Prime Infra Pvt Ltd 183,2024-06-09,2025-06-09,48,Ongoing
CT1004,R1004,Linking Road - Sector 27,G North,C192,Metro Asphalt Pvt Ltd 192,2024-04-19,2025-04-19,24,Ongoing
CT1005,R1005,Dr Annie Besant Road - Sector 13,L,C120,Metro Asphalt Pvt Ltd 120,2024-04-26,2025-04-26,48,Ongoing
CT1006,R1006,Station Road - Sector 40,F North,C086,Urban Concrete Pvt Ltd 86,2024-04-11,2025-04-11,72,Pending
CT1007,R1007,Dr Annie Besant Road - Sector 28,M East,C067,Shiv Shakti Pvt Ltd 67,2024-05-10,2025-05-10,72,Pending
CT1008,R1008,Palm Beach Road - Sector 21,R North,C239,Skyline Roads Pvt Ltd 239,2024-01-12,2025-01-11,24,Completed
CT1009,R1009,Metro Road - Sector 3,N,C165,Western Civil Pvt Ltd 165,2024-07-29,2025-07-29,48,Ongoing
CT1010,R1010,Station Road - Sector 3,M East,C207,Urban Concrete Pvt Ltd 207,2024-09-06,2025-09-06,24,Pending
CT1011,R1011,Palm Beach Road - Sector 3,P North,C016,Prime Infra Pvt Ltd 16,2024-09-19,2025-09-19,48,Completed
CT1012,R1012,Metro Road - Sector 4,N,C145,Urban Concrete Pvt Ltd 145,2024-08-11,2025-08-11,24,Pending
CT1013,R1013,Palm Beach Road - Sector 20,M East,C224,City Build Pvt Ltd 224,2024-06-16,2025-06-16,72,Ongoing
CT1014,R1014,Palm Beach Road - Sector 19,F North,C073,City Build Pvt Ltd 73,2024-10-21,2025-10-21,48,Pending
CT1015,R1015,Market Road - Sector 10,S,C018,Apex Roads Pvt Ltd 18,2024-02-08,2025-02-07,72,Completed
CT1016,R1016,Market Road - Sector 8,C,C250,Western Civil Pvt Ltd 250,2024-10-12,2025-10-12,24,Pending
CT1017,R1017,Palm Beach Road - Sector 27,E,C041,Shiv Shakti Pvt Ltd 41,2024-09-19,2025-09-19,24,Pending
CT1018,R1018,S.V. Road - Sector 30,A,C237,Shiv Shakti Pvt Ltd 237,2024-08-27,2025-08-27,72,Pending
CT1019,R1019,LBS Marg - Sector 17,M East,C049,RoadBuild Pvt Ltd 49,2024-02-07,2025-02-06,72,Ongoing
CT1020,R1020,LBS Marg - Sector 6,S,C210,Skyline Roads Pvt Ltd 210,2024-05-21,2025-05-21,48,Ongoing
CT1021,R1021,Veer Savarkar Road - Sector 6,R Central,C228,Western Civil Pvt Ltd 228,2024-03-18,2025-03-18,72,Ongoing
CT1022,R1022,Market Road - Sector 40,T,C019,Urban Concrete Pvt Ltd 19,2024-04-03,2025-04-03,72,Pending
CT1023,R1023,Palm Beach Road - Sector 3,P North,C087,Urban Concrete Pvt Ltd 87,2024-08-20,2025-08-20,72,Pending
CT1024,R1024,Metro Road - Sector 10,P South,C190,Prime Infra Pvt Ltd 190,2024-08-09,2025-08-09,24,Ongoing
CT1025,R1025,Linking Road - Sector 27,F North,C148,RoadBuild Pvt Ltd 148,2024-05-30,2025-05-30,24,Pending
CT1026,R1026,Station Road - Sector 19,T,C213,Urban Concrete Pvt Ltd 213,2024-07-18,2025-07-18,24,Completed
CT1027,R1027,S.V. Road - Sector 13,D,C058,Urban Concrete Pvt Ltd 58,2024-06-14,2025-06-14,48,Completed
CT1028,R1028,Station Road - Sector 32,A,C067,Shiv Shakti Pvt Ltd 67,2024-04-24,2025-04-24,72,Pending
CT1029,R1029,Hospital Road - Sector 32,A,C197,Metro Asphalt Pvt Ltd 197,2024-06-16,2025-06-16,72,Ongoing
CT1030,R1030,Metro Road - Sector 31,P South,C168,Apex Roads Pvt Ltd 168,2024-12-06,2025-12-06,24,Pending
CT1031,R1031,LBS Marg - Sector 39,M East,C237,Shiv Shakti Pvt Ltd 237,2024-06-30,2025-06-30,72,Pending
CT1032,R1032,Market Road - Sector 18,G North,C040,Metro Asphalt Pvt Ltd 40,2024-04-06,2025-04-06,24,Completed
CT1033,R1033,Linking Road - Sector 12,F South,C079,City Build Pvt Ltd 79,2024-04-02,2025-04-02,24,Completed
CT1034,R1034,Veer Savarkar Road - Sector 3,R Central,C137,Western Civil Pvt Ltd 137,2024-11-04,2025-11-04,24,Completed
CT1035,R1035,Hospital Road - Sector 39,R South,C139,City Build Pvt Ltd 139,2024-06-27,2025-06-27,24,Ongoing
CT1036,R1036,Linking Road - Sector 7,C,C223,RoadBuild Pvt Ltd 223,2024-06-10,2025-06-10,24,Pending
CT1037,R1037,Metro Road - Sector 19,F North,C054,Western Civil Pvt Ltd 54,2024-04-13,2025-04-13,48,Completed
CT1038,R1038,Hospital Road - Sector 24,M East,C109,Shiv Shakti Pvt Ltd 109,2024-05-18,2025-05-18,24,Completed
CT1039,R1039,Veer Savarkar Road - Sector 24,H East,C198,RoadBuild Pvt Ltd 198,2024-06-30,2025-06-30,24,Completed
CT1040,R1040,Market Road - Sector 5,L,C225,City Build Pvt Ltd 225,2024-08-13,2025-08-13,24,Ongoing
CT1041,R1041,LBS Marg - Sector 18,E,C007,Prime Infra Pvt Ltd 7,2024-08-15,2025-08-15,72,Pending
CT1042,R1042,Market Road - Sector 14,L,C054,Western Civil Pvt Ltd 54,2024-07-13,2025-07-13,24,Ongoing
CT1043,R1043,Linking Road - Sector 7,R North,C113,Shiv Shakti Pvt Ltd 113,2024-07-23,2025-07-23,24,Completed
CT1044,R1044,Station Road - Sector 39,C,C198,RoadBuild Pvt Ltd 198,2024-07-13,2025-07-13,72,Completed
CT1045,R1045,Hospital Road - Sector 21,L,C024,RoadBuild Pvt Ltd 24,2024-03-30,2025-03-30,72,Pending
CT1046,R1046,Hospital Road - Sector 23,P South,C186,City Build Pvt Ltd 186,2024-09-21,2025-09-21,24,Completed
CT1047,R1047,Metro Road - Sector 32,N,C194,Prime Infra Pvt Ltd 194,2024-04-17,2025-04-17,24,Ongoing
CT1048,R1048,Dr Annie Besant Road - Sector 19,R North,C190,Prime Infra Pvt Ltd 190,2024-11-05,2025-11-05,48,Pending
CT1049,R1049,Linking Road - Sector 30,D,C082,City Build Pvt Ltd 82,2024-07-31,2025-07-31,24,Completed
CT1050,R1050,Dr Annie Besant Road - Sector 40,T,C024,RoadBuild Pvt Ltd 24,2024-09-16,2025-09-16,48,Ongoing
CT1051,R1051,Veer Savarkar Road - Sector 23,B,C066,Urban Concrete Pvt Ltd 66,2024-09-17,2025-09-17,24,Ongoing
CT1052,R1052,Metro Road - Sector 13,A,C005,City Build Pvt Ltd 5,2024-01-04,2025-01-03,48,Ongoing
CT1053,R1053,LBS Marg - Sector 20,G South,C103,Urban Concrete Pvt Ltd 103,2024-02-21,2025-02-20,48,Ongoing
CT1054,R1054,Veer Savarkar Road - Sector 1,P North,C243,Metro Asphalt Pvt Ltd 243,2024-06-07,2025-06-07,24,Ongoing
CT1055,R1055,Palm Beach Road - Sector 37,H West,C243,Metro Asphalt Pvt Ltd 243,2024-11-29,2025-11-29,48,Completed
CT1056,R1056,Dr Annie Besant Road - Sector 22,F North,C180,Urban Concrete Pvt Ltd 180,2024-02-13,2025-02-12,72,Pending
CT1057,R1057,Linking Road - Sector 9,M West,C208,RoadBuild Pvt Ltd 208,2024-07-18,2025-07-18,48,Completed
CT1058,R1058,Station Road - Sector 35,R Central,C244,Prime Infra Pvt Ltd 244,2024-05-20,2025-05-20,72,Pending
CT1059,R1059,Linking Road - Sector 34,L,C230,Skyline Roads Pvt Ltd 230,2024-06-14,2025-06-14,24,Completed
CT1060,R1060,Market Road - Sector 2,P North,C217,Shiv Shakti Pvt Ltd 217,2024-05-07,2025-05-07,24,Pending
CT1061,R1061,LBS Marg - Sector 10,K East,C003,Shiv Shakti Pvt Ltd 3,2024-03-06,2025-03-06,72,Completed
CT1062,R1062,Palm Beach Road - Sector 35,H West,C036,Prime Infra Pvt Ltd 36,2024-12-21,2025-12-21,48,Completed
CT1063,R1063,Hospital Road - Sector 8,F North,C016,Prime Infra Pvt Ltd 16,2024-11-01,2025-11-01,24,Pending
CT1064,R1064,Linking Road - Sector 18,S,C170,Apex Roads Pvt Ltd 170,2024-05-30,2025-05-30,48,Pending
CT1065,R1065,Dr Annie Besant Road - Sector 24,M West,C107,Shiv Shakti Pvt Ltd 107,2024-03-21,2025-03-21,48,Completed
CT1066,R1066,Market Road - Sector 20,F South,C045,Shiv Shakti Pvt Ltd 45,2024-09-22,2025-09-22,24,Pending
CT1067,R1067,Linking Road - Sector 13,K East,C208,RoadBuild Pvt Ltd 208,2024-12-08,2025-12-08,24,Ongoing
CT1068,R1068,Linking Road - Sector 31,N,C226,Western Civil Pvt Ltd 226,2024-02-26,2025-02-25,24,Completed
CT1069,R1069,Veer Savarkar Road - Sector 31,F South,C128,Metro Asphalt Pvt Ltd 128,2024-04-14,2025-04-14,48,Ongoing
CT1070,R1070,Veer Savarkar Road - Sector 10,H East,C161,Metro Asphalt Pvt Ltd 161,2024-07-10,2025-07-10,48,Pending
CT1071,R1071,S.V. Road - Sector 14,R South,C083,RoadBuild Pvt Ltd 83,2024-01-15,2025-01-14,24,Ongoing
CT1072,R1072,Palm Beach Road - Sector 34,M East,C008,Prime Infra Pvt Ltd 8,2024-08-28,2025-08-28,24,Pending
CT1073,R1073,Linking Road - Sector 39,H East,C224,City Build Pvt Ltd 224,2024-03-14,2025-03-14,48,Completed
CT1074,R1074,Linking Road - Sector 7,M East,C139,City Build Pvt Ltd 139,2024-07-12,2025-07-12,72,Pending
CT1075,R1075,Hospital Road - Sector 20,A,C135,Skyline Roads Pvt Ltd 135,2024-03-27,2025-03-27,24,Completed
CT1076,R1076,Dr Annie Besant Road - Sector 13,H West,C004,City Build Pvt Ltd 4,2024-06-27,2025-06-27,24,Completed
CT1077,R1077,Veer Savarkar Road - Sector 29,P North,C108,Shiv Shakti Pvt Ltd 108,2024-02-03,2025-02-02,24,Ongoing
CT1078,R1078,S.V. Road - Sector 11,G South,C119,Skyline Roads Pvt Ltd 119,2024-07-31,2025-07-31,72,Ongoing
CT1079,R1079,Hospital Road - Sector 36,A,C035,City Build Pvt Ltd 35,2024-11-04,2025-11-04,72,Completed
CT1080,R1080,Market Road - Sector 23,F South,C080,Western Civil Pvt Ltd 80,2024-08-31,2025-08-31,48,Ongoing
CT1081,R1081,S.V. Road - Sector 19,G South,C033,Shiv Shakti Pvt Ltd 33,2024-06-14,2025-06-14,72,Pending
CT1082,R1082,LBS Marg - Sector 20,F North,C094,Western Civil Pvt Ltd 94,2024-11-10,2025-11-10,72,Pending
CT1083,R1083,Station Road - Sector 4,P North,C025,Prime Infra Pvt Ltd 25,2024-09-01,2025-09-01,48,Pending
CT1084,R1084,Metro Road - Sector 4,M West,C213,Urban Concrete Pvt Ltd 213,2024-10-19,2025-10-19,24,Completed
CT1085,R1085,LBS Marg - Sector 28,B,C057,Urban Concrete Pvt Ltd 57,2024-09-20,2025-09-20,24,Completed
CT1086,R1086,Hospital Road - Sector 38,S,C058,Urban Concrete Pvt Ltd 58,2024-12-03,2025-12-03,24,Pending
CT1087,R1087,Veer Savarkar Road - Sector 20,R North,C025,Prime Infra Pvt Ltd 25,2024-07-25,2025-07-25,48,Pending
CT1088,R1088,Metro Road - Sector 35,S,C027,Urban Concrete Pvt Ltd 27,2024-05-07,2025-05-07,24,Ongoing
CT1089,R1089,S.V. Road - Sector 6,P South,C048,Skyline Roads Pvt Ltd 48,2024-12-03,2025-12-03,48,Ongoing
CT1090,R1090,Station Road - Sector 20,D,C182,City Build Pvt Ltd 182,2024-08-24,2025-08-24,72,Pending
CT1091,R1091,Dr Annie Besant Road - Sector 15,M West,C134,Urban Concrete Pvt Ltd 134,2024-09-21,2025-09-21,72,Ongoing
CT1092,R1092,Palm Beach Road - Sector 12,K East,C195,Western Civil Pvt Ltd 195,2024-03-08,2025-03-08,48,Ongoing
CT1093,R1093,Station Road - Sector 32,H West,C096,RoadBuild Pvt Ltd 96,2024-12-04,2025-12-04,24,Pending
CT1094,R1094,LBS Marg - Sector 23,M West,C189,Metro Asphalt Pvt Ltd 189,2024-01-18,2025-01-17,72,Ongoing
CT1095,R1095,Marine Drive - Sector 23,F North,C162,Western Civil Pvt Ltd 162,2024-01-25,2025-01-24,24,Completed
CT1096,R1096,LBS Marg - Sector 26,N,C004,City Build Pvt Ltd 4,2024-03-14,2025-03-14,72,Completed
CT1097,R1097,Market Road - Sector 5,H West,C214,Metro Asphalt Pvt Ltd 214,2024-05-01,2025-05-01,24,Ongoing
CT1098,R1098,Palm Beach Road - Sector 38,M East,C083,RoadBuild Pvt Ltd 83,2024-01-06,2025-01-05,72,Ongoing
CT1099,R1099,Dr Annie Besant Road - Sector 36,R North,C124,Skyline Roads Pvt Ltd 124,2024-06-25,2025-06-25,24,Pending
CT1100,R1100,LBS Marg - Sector 22,K West,C223,RoadBuild Pvt Ltd 223,2024-10-22,2025-10-22,48,Ongoing
CT1101,R1101,Hospital Road - Sector 22,L,C055,Western Civil Pvt Ltd 55,2024-08-20,2025-08-20,72,Ongoing
CT1102,R1102,Metro Road - Sector 5,F North,C140,Urban Concrete Pvt Ltd 140,2024-08-13,2025-08-13,24,Pending
CT1103,R1103,Hospital Road - Sector 39,D,C072,Prime Infra Pvt Ltd 72,2024-12-01,2025-12-01,72,Ongoing
CT1104,R1104,LBS Marg - Sector 29,P North,C087,Urban Concrete Pvt Ltd 87,2024-04-05,2025-04-05,48,Ongoing
CT1105,R1105,LBS Marg - Sector 39,K West,C207,Urban Concrete Pvt Ltd 207,2024-09-06,2025-09-06,72,Ongoing
CT1106,R1106,Station Road - Sector 4,H West,C170,Apex Roads Pvt Ltd 170,2024-02-19,2025-02-18,72,Ongoing
CT1107,R1107,Hospital Road - Sector 1,E,C196,Western Civil Pvt Ltd 196,2024-09-22,2025-09-22,48,Completed
CT1108,R1108,Market Road - Sector 19,M East,C201,Metro Asphalt Pvt Ltd 201,2024-07-06,2025-07-06,48,Pending
CT1109,R1109,Dr Annie Besant Road - Sector 21,F South,C007,Prime Infra Pvt Ltd 7,2024-10-05,2025-10-05,24,Completed
CT1110,R1110,Veer Savarkar Road - Sector 6,L,C059,Prime Infra Pvt Ltd 59,2024-08-22,2025-08-22,24,Completed
CT1111,R1111,Market Road - Sector 26,R North,C141,Western Civil Pvt Ltd 141,2024-12-30,2025-12-30,48,Completed
CT1112,R1112,Veer Savarkar Road - Sector 36,B,C224,City Build Pvt Ltd 224,2024-06-26,2025-06-26,48,Ongoing
CT1113,R1113,Market Road - Sector 23,S,C112,Metro Asphalt Pvt Ltd 112,2024-10-10,2025-10-10,24,Pending
CT1114,R1114,Dr Annie Besant Road - Sector 28,A,C047,Western Civil Pvt Ltd 47,2024-07-22,2025-07-22,72,Completed
CT1115,R1115,Veer Savarkar Road - Sector 25,R Central,C037,Skyline Roads Pvt Ltd 37,2024-12-14,2025-12-14,24,Completed
CT1116,R1116,Market Road - Sector 14,L,C051,Urban Concrete Pvt Ltd 51,2024-06-30,2025-06-30,72,Pending
CT1117,R1117,S.V. Road - Sector 13,M West,C200,Metro Asphalt Pvt Ltd 200,2024-03-18,2025-03-18,72,Pending
CT1118,R1118,Palm Beach Road - Sector 10,K East,C135,Skyline Roads Pvt Ltd 135,2024-01-25,2025-01-24,72,Ongoing
CT1119,R1119,Linking Road - Sector 5,E,C139,City Build Pvt Ltd 139,2024-04-27,2025-04-27,72,Pending
CT1120,R1120,Station Road - Sector 28,E,C043,Western Civil Pvt Ltd 43,2024-07-10,2025-07-10,24,Completed
CT1121,R1121,Metro Road - Sector 27,E,C175,City Build Pvt Ltd 175,2024-03-25,2025-03-25,72,Pending
CT1122,R1122,S.V. Road - Sector 30,R North,C220,Skyline Roads Pvt Ltd 220,2024-11-12,2025-11-12,24,Pending
CT1123,R1123,Station Road - Sector 25,P North,C039,Skyline Roads Pvt Ltd 39,2024-10-03,2025-10-03,72,Ongoing
CT1124,R1124,Palm Beach Road - Sector 39,F North,C220,Skyline Roads Pvt Ltd 220,2024-04-13,2025-04-13,48,Completed
CT1125,R1125,Dr Annie Besant Road - Sector 33,T,C246,City Build Pvt Ltd 246,2024-07-24,2025-07-24,48,Ongoing
CT1126,R1126,Hospital Road - Sector 24,P North,C231,Prime Infra Pvt Ltd 231,2024-09-24,2025-09-24,48,Ongoing
CT1127,R1127,Station Road - Sector 24,P South,C120,Metro Asphalt Pvt Ltd 120,2024-06-13,2025-06-13,24,Pending
CT1128,R1128,LBS Marg - Sector 10,S,C241,Shiv Shakti Pvt Ltd 241,2024-06-02,2025-06-02,24,Completed
CT1129,R1129,Station Road - Sector 34,G South,C065,Urban Concrete Pvt Ltd 65,2024-12-28,2025-12-28,72,Pending
CT1130,R1130,LBS Marg - Sector 16,R North,C080,Western Civil Pvt Ltd 80,2024-04-16,2025-04-16,72,Pending
CT1131,R1131,Metro Road - Sector 35,R South,C153,Shiv Shakti Pvt Ltd 153,2024-02-04,2025-02-03,24,Ongoing
CT1132,R1132,Linking Road - Sector 22,R North,C036,Prime Infra Pvt Ltd 36,2024-03-14,2025-03-14,48,Completed
CT1133,R1133,Station Road - Sector 33,M West,C196,Western Civil Pvt Ltd 196,2024-05-04,2025-05-04,48,Completed
CT1134,R1134,Veer Savarkar Road - Sector 19,L,C166,Urban Concrete Pvt Ltd 166,2024-08-02,2025-08-02,48,Pending
CT1135,R1135,Hospital Road - Sector 20,B,C050,City Build Pvt Ltd 50,2024-05-07,2025-05-07,48,Completed
CT1136,R1136,Metro Road - Sector 31,B,C058,Urban Concrete Pvt Ltd 58,2024-05-21,2025-05-21,24,Ongoing
CT1137,R1137,Linking Road - Sector 19,P South,C032,Apex Roads Pvt Ltd 32,2024-10-26,2025-10-26,72,Completed
CT1138,R1138,Station Road - Sector 6,H East,C053,City Build Pvt Ltd 53,2024-08-15,2025-08-15,24,Pending
CT1139,R1139,Marine Drive - Sector 17,C,C071,Shiv Shakti Pvt Ltd 71,2024-06-16,2025-06-16,24,Pending
CT1140,R1140,Marine Drive - Sector 1,G South,C031,Apex Roads Pvt Ltd 31,2024-09-23,2025-09-23,48,Pending
CT1141,R1141,S.V. Road - Sector 38,R North,C027,Urban Concrete Pvt Ltd 27,2024-11-17,2025-11-17,72,Ongoing
CT1142,R1142,Station Road - Sector 24,R South,C060,City Build Pvt Ltd 60,2024-12-04,2025-12-04,48,Ongoing
CT1143,R1143,Dr Annie Besant Road - Sector 32,S,C211,Western Civil Pvt Ltd 211,2024-03-04,2025-03-04,72,Pending
CT1144,R1144,Veer Savarkar Road - Sector 6,B,C157,RoadBuild Pvt Ltd 157,2024-08-20,2025-08-20,24,Completed
CT1145,R1145,Palm Beach Road - Sector 25,M West,C226,Western Civil Pvt Ltd 226,2024-06-23,2025-06-23,48,Completed
CT1146,R1146,Metro Road - Sector 11,T,C098,Apex Roads Pvt Ltd 98,2024-05-10,2025-05-10,24,Pending
CT1147,R1147,Metro Road - Sector 17,B,C120,Metro Asphalt Pvt Ltd 120,2024-08-06,2025-08-06,72,Completed
CT1148,R1148,Station Road - Sector 26,F North,C225,City Build Pvt Ltd 225,2024-12-29,2025-12-29,72,Ongoing
CT1149,R1149,Market Road - Sector 15,M West,C195,Western Civil Pvt Ltd 195,2024-05-29,2025-05-29,24,Pending
CT1150,R1150,Marine Drive - Sector 10,M West,C027,Urban Concrete Pvt Ltd 27,2024-02-15,2025-02-14,72,Pending
CT1151,R1151,Marine Drive - Sector 29,A,C246,City Build Pvt Ltd 246,2024-11-02,2025-11-02,48,Completed
CT1152,R1152,Metro Road - Sector 3,N,C223,RoadBuild Pvt Ltd 223,2024-12-06,2025-12-06,48,Pending
CT1153,R1153,Veer Savarkar Road - Sector 28,R Central,C247,Prime Infra Pvt Ltd 247,2024-08-09,2025-08-09,48,Completed
CT1154,R1154,Marine Drive - Sector 18,H West,C164,RoadBuild Pvt Ltd 164,2024-02-23,2025-02-22,48,Pending
CT1155,R1155,Hospital Road - Sector 26,R Central,C188,Prime Infra Pvt Ltd 188,2024-05-21,2025-05-21,48,Pending
CT1156,R1156,Metro Road - Sector 38,T,C131,Urban Concrete Pvt Ltd 131,2024-06-17,2025-06-17,48,Pending
CT1157,R1157,Metro Road - Sector 12,H West,C215,Urban Concrete Pvt Ltd 215,2024-05-08,2025-05-08,48,Completed
CT1158,R1158,Metro Road - Sector 1,A,C004,City Build Pvt Ltd 4,2024-02-21,2025-02-20,72,Ongoing
CT1159,R1159,LBS Marg - Sector 34,L,C063,City Build Pvt Ltd 63,2024-10-26,2025-10-26,48,Completed
CT1160,R1160,Dr Annie Besant Road - Sector 19,K East,C152,Shiv Shakti Pvt Ltd 152,2024-08-10,2025-08-10,72,Ongoing
CT1161,R1161,Linking Road - Sector 40,B,C027,Urban Concrete Pvt Ltd 27,2024-12-28,2025-12-28,48,Pending
CT1162,R1162,Metro Road - Sector 14,R North,C156,Metro Asphalt Pvt Ltd 156,2024-10-16,2025-10-16,48,Pending
CT1163,R1163,LBS Marg - Sector 6,S,C133,Skyline Roads Pvt Ltd 133,2024-12-07,2025-12-07,48,Completed
CT1164,R1164,Metro Road - Sector 37,K West,C155,Western Civil Pvt Ltd 155,2024-02-25,2025-02-24,72,Pending
CT1165,R1165,S.V. Road - Sector 17,S,C245,City Build Pvt Ltd 245,2024-02-20,2025-02-19,72,Completed
CT1166,R1166,LBS Marg - Sector 30,R South,C031,Apex Roads Pvt Ltd 31,2024-05-02,2025-05-02,48,Pending
CT1167,R1167,Metro Road - Sector 21,S,C173,Shiv Shakti Pvt Ltd 173,2024-12-29,2025-12-29,72,Ongoing
CT1168,R1168,Marine Drive - Sector 4,C,C209,Apex Roads Pvt Ltd 209,2024-07-20,2025-07-20,72,Pending
CT1169,R1169,Linking Road - Sector 17,H West,C011,Skyline Roads Pvt Ltd 11,2024-06-26,2025-06-26,72,Ongoing
CT1170,R1170,LBS Marg - Sector 32,M East,C219,Urban Concrete Pvt Ltd 219,2024-08-23,2025-08-23,72,Pending
CT1171,R1171,Metro Road - Sector 32,F North,C010,Prime Infra Pvt Ltd 10,2024-07-23,2025-07-23,72,Pending
CT1172,R1172,Palm Beach Road - Sector 14,P North,C200,Metro Asphalt Pvt Ltd 200,2024-08-09,2025-08-09,72,Completed
CT1173,R1173,Marine Drive - Sector 7,M East,C056,Western Civil Pvt Ltd 56,2024-10-17,2025-10-17,24,Completed
CT1174,R1174,Hospital Road - Sector 17,C,C162,Western Civil Pvt Ltd 162,2024-06-17,2025-06-17,24,Ongoing
CT1175,R1175,S.V. Road - Sector 1,M West,C236,Prime Infra Pvt Ltd 236,2024-07-30,2025-07-30,24,Pending
CT1176,R1176,S.V. Road - Sector 22,G South,C117,Apex Roads Pvt Ltd 117,2024-05-09,2025-05-09,48,Pending
CT1177,R1177,Station Road - Sector 31,N,C089,City Build Pvt Ltd 89,2024-06-29,2025-06-29,24,Ongoing
CT1178,R1178,LBS Marg - Sector 35,T,C115,Urban Concrete Pvt Ltd 115,2024-01-25,2025-01-24,48,Ongoing
CT1179,R1179,Station Road - Sector 8,K West,C179,Metro Asphalt Pvt Ltd 179,2024-11-21,2025-11-21,48,Completed
CT1180,R1180,Veer Savarkar Road - Sector 20,K East,C054,Western Civil Pvt Ltd 54,2024-10-12,2025-10-12,72,Pending
CT1181,R1181,Metro Road - Sector 6,R Central,C083,RoadBuild Pvt Ltd 83,2024-07-24,2025-07-24,48,Completed
CT1182,R1182,LBS Marg - Sector 30,H West,C217,Shiv Shakti Pvt Ltd 217,2024-09-12,2025-09-12,24,Ongoing
CT1183,R1183,Market Road - Sector 3,F North,C091,Apex Roads Pvt Ltd 91,2024-11-11,2025-11-11,72,Pending
CT1184,R1184,Palm Beach Road - Sector 7,H East,C207,Urban Concrete Pvt Ltd 207,2024-04-26,2025-04-26,48,Ongoing
CT1185,R1185,LBS Marg - Sector 29,M West,C026,RoadBuild Pvt Ltd 26,2024-02-16,2025-02-15,72,Ongoing
CT1186,R1186,Linking Road - Sector 13,E,C081,Western Civil Pvt Ltd 81,2024-11-14,2025-11-14,48,Pending
CT1187,R1187,Palm Beach Road - Sector 5,M West,C048,Skyline Roads Pvt Ltd 48,2024-07-14,2025-07-14,24,Ongoing
CT1188,R1188,Market Road - Sector 29,M West,C220,Skyline Roads Pvt Ltd 220,2024-12-28,2025-12-28,48,Ongoing
CT1189,R1189,Linking Road - Sector 22,H West,C087,Urban Concrete Pvt Ltd 87,2024-08-12,2025-08-12,48,Completed
CT1190,R1190,LBS Marg - Sector 14,K West,C246,City Build Pvt Ltd 246,2024-03-27,2025-03-27,48,Completed
CT1191,R1191,Metro Road - Sector 35,M East,C029,Prime Infra Pvt Ltd 29,2024-04-07,2025-04-07,72,Ongoing
CT1192,R1192,Linking Road - Sector 10,C,C233,Metro Asphalt Pvt Ltd 233,2024-09-16,2025-09-16,72,Pending
CT1193,R1193,Hospital Road - Sector 3,M West,C144,Prime Infra Pvt Ltd 144,2024-05-31,2025-05-31,72,Pending
CT1194,R1194,S.V. Road - Sector 4,A,C046,Apex Roads Pvt Ltd 46,2024-07-22,2025-07-22,72,Pending
CT1195,R1195,Hospital Road - Sector 11,M East,C020,Shiv Shakti Pvt Ltd 20,2024-04-11,2025-04-11,24,Completed
CT1196,R1196,LBS Marg - Sector 32,D,C183,Prime Infra Pvt Ltd 183,2024-11-02,2025-11-02,72,Ongoing
CT1197,R1197,Dr Annie Besant Road - Sector 28,C,C219,Urban Concrete Pvt Ltd 219,2024-05-14,2025-05-14,24,Pending
CT1198,R1198,LBS Marg - Sector 37,H West,C088,Shiv Shakti Pvt Ltd 88,2024-09-29,2025-09-29,48,Ongoing
CT1199,R1199,Dr Annie Besant Road - Sector 3,H West,C035,City Build Pvt Ltd 35,2024-07-16,2025-07-16,24,Pending
CT1200,R1200,LBS Marg - Sector 8,H West,C209,Apex Roads Pvt Ltd 209,2024-05-30,2025-05-30,72,Pending
CT1201,R1201,S.V. Road - Sector 24,L,C249,Apex Roads Pvt Ltd 249,2024-02-12,2025-02-11,48,Completed
CT1202,R1202,Dr Annie Besant Road - Sector 38,M East,C114,Shiv Shakti Pvt Ltd 114,2024-01-21,2025-01-20,24,Pending
CT1203,R1203,Metro Road - Sector 40,D,C040,Metro Asphalt Pvt Ltd 40,2024-12-07,2025-12-07,48,Completed
CT1204,R1204,Station Road - Sector 6,A,C127,Western Civil Pvt Ltd 127,2024-04-24,2025-04-24,72,Completed
CT1205,R1205,LBS Marg - Sector 38,F North,C063,City Build Pvt Ltd 63,2024-04-25,2025-04-25,48,Pending
CT1206,R1206,Station Road - Sector 9,S,C208,RoadBuild Pvt Ltd 208,2024-04-20,2025-04-20,24,Completed
CT1207,R1207,Marine Drive - Sector 34,R Central,C076,RoadBuild Pvt Ltd 76,2024-05-04,2025-05-04,24,Pending
CT1208,R1208,S.V. Road - Sector 40,G North,C124,Skyline Roads Pvt Ltd 124,2024-08-12,2025-08-12,48,Pending
CT1209,R1209,S.V. Road - Sector 32,R North,C142,Skyline Roads Pvt Ltd 142,2024-10-17,2025-10-17,24,Ongoing
CT1210,R1210,Marine Drive - Sector 23,R Central,C048,Skyline Roads Pvt Ltd 48,2024-09-22,2025-09-22,72,Ongoing
CT1211,R1211,Dr Annie Besant Road - Sector 13,P North,C161,Metro Asphalt Pvt Ltd 161,2024-10-21,2025-10-21,48,Pending
CT1212,R1212,Hospital Road - Sector 24,D,C067,Shiv Shakti Pvt Ltd 67,2024-12-27,2025-12-27,48,Ongoing
CT1213,R1213,Station Road - Sector 14,G North,C111,RoadBuild Pvt Ltd 111,2024-07-08,2025-07-08,48,Completed
CT1214,R1214,LBS Marg - Sector 10,F South,C082,City Build Pvt Ltd 82,2024-10-03,2025-10-03,48,Completed
CT1215,R1215,S.V. Road - Sector 11,M West,C246,City Build Pvt Ltd 246,2024-12-20,2025-12-20,24,Ongoing
CT1216,R1216,Metro Road - Sector 24,B,C221,Skyline Roads Pvt Ltd 221,2024-12-25,2025-12-25,24,Pending
CT1217,R1217,Marine Drive - Sector 22,L,C149,Shiv Shakti Pvt Ltd 149,2024-03-06,2025-03-06,24,Pending
CT1218,R1218,LBS Marg - Sector 4,B,C182,City Build Pvt Ltd 182,2024-08-31,2025-08-31,72,Ongoing
CT1219,R1219,Linking Road - Sector 32,F North,C027,Urban Concrete Pvt Ltd 27,2024-11-05,2025-11-05,24,Pending
CT1220,R1220,Dr Annie Besant Road - Sector 29,C,C090,Prime Infra Pvt Ltd 90,2024-12-25,2025-12-25,72,Pending
CT1221,R1221,Dr Annie Besant Road - Sector 21,L,C211,Western Civil Pvt Ltd 211,2024-04-24,2025-04-24,48,Ongoing
CT1222,R1222,Dr Annie Besant Road - Sector 7,H West,C148,RoadBuild Pvt Ltd 148,2024-01-28,2025-01-27,48,Pending
CT1223,R1223,Palm Beach Road - Sector 15,F South,C113,Shiv Shakti Pvt Ltd 113,2024-09-11,2025-09-11,72,Ongoing
CT1224,R1224,Station Road - Sector 4,P South,C017,Urban Concrete Pvt Ltd 17,2024-03-28,2025-03-28,24,Pending
CT1225,R1225,Hospital Road - Sector 30,F South,C115,Urban Concrete Pvt Ltd 115,2024-10-13,2025-10-13,72,Completed
CT1226,R1226,S.V. Road - Sector 30,K East,C230,Skyline Roads Pvt Ltd 230,2024-06-26,2025-06-26,48,Pending
CT1227,R1227,Veer Savarkar Road - Sector 18,R Central,C038,Western Civil Pvt Ltd 38,2024-02-02,2025-02-01,72,Ongoing
CT1228,R1228,Linking Road - Sector 37,E,C017,Urban Concrete Pvt Ltd 17,2024-05-21,2025-05-21,72,Ongoing
CT1229,R1229,LBS Marg - Sector 30,E,C243,Metro Asphalt Pvt Ltd 243,2024-01-15,2025-01-14,72,Pending
CT1230,R1230,Veer Savarkar Road - Sector 15,F North,C126,City Build Pvt Ltd 126,2024-08-08,2025-08-08,72,Completed
CT1231,R1231,Hospital Road - Sector 11,R Central,C102,Apex Roads Pvt Ltd 102,2024-04-20,2025-04-20,72,Ongoing
CT1232,R1232,LBS Marg - Sector 27,G North,C080,Western Civil Pvt Ltd 80,2024-10-02,2025-10-02,72,Pending
CT1233,R1233,Hospital Road - Sector 31,F South,C078,Prime Infra Pvt Ltd 78,2024-06-18,2025-06-18,24,Pending
CT1234,R1234,Palm Beach Road - Sector 16,A,C205,Urban Concrete Pvt Ltd 205,2024-09-17,2025-09-17,48,Completed
CT1235,R1235,Hospital Road - Sector 15,L,C197,Metro Asphalt Pvt Ltd 197,2024-10-03,2025-10-03,72,Pending
CT1236,R1236,Linking Road - Sector 27,P South,C081,Western Civil Pvt Ltd 81,2024-01-04,2025-01-03,72,Completed
CT1237,R1237,Market Road - Sector 3,M West,C183,Prime Infra Pvt Ltd 183,2024-07-02,2025-07-02,72,Completed
CT1238,R1238,Station Road - Sector 7,K West,C199,Skyline Roads Pvt Ltd 199,2024-02-06,2025-02-05,72,Completed
CT1239,R1239,LBS Marg - Sector 36,G North,C136,Apex Roads Pvt Ltd 136,2024-07-30,2025-07-30,72,Completed
CT1240,R1240,S.V. Road - Sector 23,F South,C188,Prime Infra Pvt Ltd 188,2024-04-09,2025-04-09,24,Pending
CT1241,R1241,LBS Marg - Sector 2,R Central,C199,Skyline Roads Pvt Ltd 199,2024-04-01,2025-04-01,24,Completed
CT1242,R1242,Station Road - Sector 37,F North,C167,Apex Roads Pvt Ltd 167,2024-09-10,2025-09-10,72,Completed
CT1243,R1243,Station Road - Sector 9,M East,C085,Prime Infra Pvt Ltd 85,2024-02-15,2025-02-14,24,Ongoing
CT1244,R1244,Veer Savarkar Road - Sector 30,F North,C147,Urban Concrete Pvt Ltd 147,2024-12-24,2025-12-24,72,Ongoing
CT1245,R1245,LBS Marg - Sector 25,R Central,C207,Urban Concrete Pvt Ltd 207,2024-07-27,2025-07-27,48,Pending
CT1246,R1246,Linking Road - Sector 19,N,C122,Urban Concrete Pvt Ltd 122,2024-03-11,2025-03-11,48,Completed
CT1247,R1247,Hospital Road - Sector 35,S,C025,Prime Infra Pvt Ltd 25,2024-06-08,2025-06-08,48,Completed
CT1248,R1248,LBS Marg - Sector 40,R South,C182,City Build Pvt Ltd 182,2024-08-08,2025-08-08,48,Ongoing
CT1249,R1249,Metro Road - Sector 24,N,C024,RoadBuild Pvt Ltd 24,2024-04-04,2025-04-04,48,Ongoing
CT1250,R1250,Veer Savarkar Road - Sector 30,K West,C052,Prime Infra Pvt Ltd 52,2024-04-26,2025-04-26,48,Pending
CT1251,R1251,Veer Savarkar Road - Sector 12,K East,C163,City Build Pvt Ltd 163,2024-02-11,2025-02-10,48,Ongoing
CT1252,R1252,LBS Marg - Sector 36,S,C193,Shiv Shakti Pvt Ltd 193,2024-02-18,2025-02-17,72,Ongoing
CT1253,R1253,Veer Savarkar Road - Sector 16,E,C006,Metro Asphalt Pvt Ltd 6,2024-11-06,2025-11-06,24,Pending
CT1254,R1254,Station Road - Sector 38,R Central,C016,Prime Infra Pvt Ltd 16,2024-12-15,2025-12-15,48,Completed
CT1255,R1255,Dr Annie Besant Road - Sector 21,T,C044,Skyline Roads Pvt Ltd 44,2024-01-01,2024-12-31,72,Completed
CT1256,R1256,Metro Road - Sector 28,N,C002,Metro Asphalt Pvt Ltd 2,2024-06-16,2025-06-16,48,Ongoing
CT1257,R1257,Veer Savarkar Road - Sector 23,C,C008,Prime Infra Pvt Ltd 8,2024-10-17,2025-10-17,72,Ongoing
CT1258,R1258,Market Road - Sector 8,N,C220,Skyline Roads Pvt Ltd 220,2024-02-05,2025-02-04,24,Completed
CT1259,R1259,Market Road - Sector 19,R South,C163,City Build Pvt Ltd 163,2024-11-13,2025-11-13,48,Completed
CT1260,R1260,LBS Marg - Sector 13,R South,C138,Prime Infra Pvt Ltd 138,2024-04-21,2025-04-21,48,Completed
CT1261,R1261,Palm Beach Road - Sector 12,C,C224,City Build Pvt Ltd 224,2024-12-15,2025-12-15,24,Pending
CT1262,R1262,S.V. Road - Sector 18,D,C096,RoadBuild Pvt Ltd 96,2024-10-20,2025-10-20,24,Ongoing
CT1263,R1263,S.V. Road - Sector 14,M West,C181,Apex Roads Pvt Ltd 181,2024-03-31,2025-03-31,72,Completed
CT1264,R1264,Palm Beach Road - Sector 35,H East,C209,Apex Roads Pvt Ltd 209,2024-08-15,2025-08-15,24,Pending
CT1265,R1265,Palm Beach Road - Sector 29,K East,C010,Prime Infra Pvt Ltd 10,2024-10-02,2025-10-02,24,Ongoing
CT1266,R1266,Dr Annie Besant Road - Sector 5,H East,C240,Apex Roads Pvt Ltd 240,2024-05-29,2025-05-29,24,Ongoing
CT1267,R1267,Metro Road - Sector 22,N,C175,City Build Pvt Ltd 175,2024-04-02,2025-04-02,72,Pending
CT1268,R1268,Metro Road - Sector 21,R Central,C043,Western Civil Pvt Ltd 43,2024-02-21,2025-02-20,48,Completed
CT1269,R1269,Station Road - Sector 30,P North,C155,Western Civil Pvt Ltd 155,2024-03-20,2025-03-20,72,Ongoing
CT1270,R1270,S.V. Road - Sector 17,H East,C241,Shiv Shakti Pvt Ltd 241,2024-08-20,2025-08-20,72,Pending
CT1271,R1271,Marine Drive - Sector 4,K East,C213,Urban Concrete Pvt Ltd 213,2024-07-18,2025-07-18,48,Completed
CT1272,R1272,Station Road - Sector 11,H East,C172,Shiv Shakti Pvt Ltd 172,2024-10-10,2025-10-10,24,Ongoing
CT1273,R1273,Market Road - Sector 19,S,C064,Urban Concrete Pvt Ltd 64,2024-07-06,2025-07-06,24,Completed
CT1274,R1274,Metro Road - Sector 10,S,C246,City Build Pvt Ltd 246,2024-09-08,2025-09-08,24,Ongoing
CT1275,R1275,Linking Road - Sector 21,D,C011,Skyline Roads Pvt Ltd 11,2024-07-02,2025-07-02,24,Ongoing
CT1276,R1276,Marine Drive - Sector 24,M East,C208,RoadBuild Pvt Ltd 208,2024-12-03,2025-12-03,72,Pending
CT1277,R1277,Linking Road - Sector 21,P North,C026,RoadBuild Pvt Ltd 26,2024-09-23,2025-09-23,24,Pending
CT1278,R1278,Station Road - Sector 35,K East,C168,Apex Roads Pvt Ltd 168,2024-06-13,2025-06-13,72,Pending
CT1279,R1279,LBS Marg - Sector 2,H East,C148,RoadBuild Pvt Ltd 148,2024-12-25,2025-12-25,72,Pending
CT1280,R1280,Station Road - Sector 21,E,C101,Urban Concrete Pvt Ltd 101,2024-10-06,2025-10-06,72,Completed
CT1281,R1281,Market Road - Sector 33,T,C073,City Build Pvt Ltd 73,2024-06-13,2025-06-13,24,Ongoing
CT1282,R1282,Marine Drive - Sector 37,M West,C196,Western Civil Pvt Ltd 196,2024-04-11,2025-04-11,48,Pending
CT1283,R1283,Station Road - Sector 22,P South,C110,Skyline Roads Pvt Ltd 110,2024-07-25,2025-07-25,48,Ongoing
CT1284,R1284,Station Road - Sector 3,T,C022,Metro Asphalt Pvt Ltd 22,2024-09-08,2025-09-08,24,Ongoing
CT1285,R1285,Marine Drive - Sector 2,D,C027,Urban Concrete Pvt Ltd 27,2024-06-13,2025-06-13,72,Ongoing
CT1286,R1286,Veer Savarkar Road - Sector 6,M East,C157,RoadBuild Pvt Ltd 157,2024-07-18,2025-07-18,48,Ongoing
CT1287,R1287,Metro Road - Sector 13,R North,C202,Urban Concrete Pvt Ltd 202,2024-05-27,2025-05-27,72,Pending
CT1288,R1288,Marine Drive - Sector 13,G North,C015,Shiv Shakti Pvt Ltd 15,2024-09-27,2025-09-27,24,Completed
CT1289,R1289,Station Road - Sector 6,P North,C243,Metro Asphalt Pvt Ltd 243,2024-02-15,2025-02-14,48,Pending
CT1290,R1290,Station Road - Sector 21,F South,C192,Metro Asphalt Pvt Ltd 192,2024-10-19,2025-10-19,72,Completed
CT1291,R1291,Metro Road - Sector 24,B,C165,Western Civil Pvt Ltd 165,2024-06-09,2025-06-09,72,Completed
CT1292,R1292,Palm Beach Road - Sector 24,S,C137,Western Civil Pvt Ltd 137,2024-01-15,2025-01-14,24,Ongoing
CT1293,R1293,Marine Drive - Sector 23,A,C099,Prime Infra Pvt Ltd 99,2024-04-06,2025-04-06,48,Pending
CT1294,R1294,Market Road - Sector 6,M East,C014,Metro Asphalt Pvt Ltd 14,2024-12-16,2025-12-16,48,Pending
CT1295,R1295,Palm Beach Road - Sector 29,T,C131,Urban Concrete Pvt Ltd 131,2024-09-25,2025-09-25,24,Pending
CT1296,R1296,Palm Beach Road - Sector 27,T,C095,Shiv Shakti Pvt Ltd 95,2024-12-14,2025-12-14,72,Completed
CT1297,R1297,Dr Annie Besant Road - Sector 20,E,C234,City Build Pvt Ltd 234,2024-04-19,2025-04-19,24,Ongoing
CT1298,R1298,LBS Marg - Sector 38,H West,C244,Prime Infra Pvt Ltd 244,2024-04-05,2025-04-05,24,Pending
CT1299,R1299,Palm Beach Road - Sector 18,A,C082,City Build Pvt Ltd 82,2024-02-07,2025-02-06,72,Completed
CT1300,R1300,Station Road - Sector 37,P North,C127,Western Civil Pvt Ltd 127,2024-04-15,2025-04-15,72,Pending
CT1301,R1301,Palm Beach Road - Sector 19,F North,C157,RoadBuild Pvt Ltd 157,2024-01-08,2025-01-07,24,Ongoing
CT1302,R1302,Marine Drive - Sector 38,B,C053,City Build Pvt Ltd 53,2024-12-18,2025-12-18,24,Ongoing
CT1303,R1303,Station Road - Sector 15,P North,C002,Metro Asphalt Pvt Ltd 2,2024-05-03,2025-05-03,72,Ongoing
CT1304,R1304,Marine Drive - Sector 20,E,C046,Apex Roads Pvt Ltd 46,2024-07-18,2025-07-18,24,Ongoing
CT1305,R1305,Metro Road - Sector 19,D,C235,RoadBuild Pvt Ltd 235,2024-07-24,2025-07-24,24,Completed
CT1306,R1306,Metro Road - Sector 16,M West,C037,Skyline Roads Pvt Ltd 37,2024-11-02,2025-11-02,24,Pending
CT1307,R1307,Station Road - Sector 5,G South,C172,Shiv Shakti Pvt Ltd 172,2024-05-12,2025-05-12,48,Pending
CT1308,R1308,Station Road - Sector 37,P South,C147,Urban Concrete Pvt Ltd 147,2024-12-29,2025-12-29,72,Ongoing
CT1309,R1309,Metro Road - Sector 31,R Central,C053,City Build Pvt Ltd 53,2024-11-30,2025-11-30,72,Ongoing
CT1310,R1310,Market Road - Sector 37,K East,C105,Metro Asphalt Pvt Ltd 105,2024-12-19,2025-12-19,24,Ongoing
CT1311,R1311,Hospital Road - Sector 4,F North,C211,Western Civil Pvt Ltd 211,2024-07-30,2025-07-30,48,Ongoing
CT1312,R1312,S.V. Road - Sector 23,M East,C216,Prime Infra Pvt Ltd 216,2024-04-07,2025-04-07,48,Ongoing
CT1313,R1313,Veer Savarkar Road - Sector 27,G South,C154,Western Civil Pvt Ltd 154,2024-01-06,2025-01-05,72,Pending
CT1314,R1314,Marine Drive - Sector 19,B,C102,Apex Roads Pvt Ltd 102,2024-01-22,2025-01-21,72,Ongoing
CT1315,R1315,Dr Annie Besant Road - Sector 12,N,C033,Shiv Shakti Pvt Ltd 33,2024-12-05,2025-12-05,72,Completed
CT1316,R1316,Veer Savarkar Road - Sector 21,P North,C019,Urban Concrete Pvt Ltd 19,2024-11-22,2025-11-22,24,Completed
CT1317,R1317,Metro Road - Sector 24,G South,C041,Shiv Shakti Pvt Ltd 41,2024-09-07,2025-09-07,24,Completed
CT1318,R1318,Veer Savarkar Road - Sector 10,P South,C138,Prime Infra Pvt Ltd 138,2024-06-16,2025-06-16,24,Pending
CT1319,R1319,Marine Drive - Sector 24,N,C066,Urban Concrete Pvt Ltd 66,2024-12-14,2025-12-14,72,Pending
CT1320,R1320,S.V. Road - Sector 7,H West,C102,Apex Roads Pvt Ltd 102,2024-05-25,2025-05-25,72,Ongoing
CT1321,R1321,Dr Annie Besant Road - Sector 13,N,C073,City Build Pvt Ltd 73,2024-10-18,2025-10-18,48,Completed
CT1322,R1322,Market Road - Sector 8,P North,C195,Western Civil Pvt Ltd 195,2024-03-02,2025-03-02,48,Completed
CT1323,R1323,LBS Marg - Sector 9,C,C244,Prime Infra Pvt Ltd 244,2024-02-14,2025-02-13,72,Ongoing
CT1324,R1324,Marine Drive - Sector 24,K East,C052,Prime Infra Pvt Ltd 52,2024-03-06,2025-03-06,72,Completed
CT1325,R1325,Market Road - Sector 22,R North,C121,Urban Concrete Pvt Ltd 121,2024-09-02,2025-09-02,24,Completed
CT1326,R1326,LBS Marg - Sector 15,A,C059,Prime Infra Pvt Ltd 59,2024-01-20,2025-01-19,48,Completed
CT1327,R1327,Dr Annie Besant Road - Sector 20,S,C022,Metro Asphalt Pvt Ltd 22,2024-12-21,2025-12-21,24,Completed
CT1328,R1328,LBS Marg - Sector 28,E,C112,Metro Asphalt Pvt Ltd 112,2024-11-11,2025-11-11,48,Ongoing
CT1329,R1329,Linking Road - Sector 31,C,C190,Prime Infra Pvt Ltd 190,2024-03-14,2025-03-14,48,Pending
CT1330,R1330,LBS Marg - Sector 3,F South,C197,Metro Asphalt Pvt Ltd 197,2024-01-22,2025-01-21,72,Pending
CT1331,R1331,Linking Road - Sector 31,P South,C197,Metro Asphalt Pvt Ltd 197,2024-04-06,2025-04-06,24,Pending
CT1332,R1332,LBS Marg - Sector 20,B,C082,City Build Pvt Ltd 82,2024-01-23,2025-01-22,72,Completed
CT1333,R1333,LBS Marg - Sector 39,D,C243,Metro Asphalt Pvt Ltd 243,2024-03-19,2025-03-19,48,Ongoing
CT1334,R1334,Metro Road - Sector 23,F North,C236,Prime Infra Pvt Ltd 236,2024-03-30,2025-03-30,48,Ongoing
CT1335,R1335,Marine Drive - Sector 38,E,C052,Prime Infra Pvt Ltd 52,2024-11-25,2025-11-25,24,Ongoing
CT1336,R1336,Market Road - Sector 40,F North,C098,Apex Roads Pvt Ltd 98,2024-03-19,2025-03-19,48,Pending
CT1337,R1337,LBS Marg - Sector 7,P South,C017,Urban Concrete Pvt Ltd 17,2024-04-25,2025-04-25,24,Pending
CT1338,R1338,Dr Annie Besant Road - Sector 13,N,C050,City Build Pvt Ltd 50,2024-06-20,2025-06-20,72,Pending
CT1339,R1339,Linking Road - Sector 7,P North,C113,Shiv Shakti Pvt Ltd 113,2024-01-13,2025-01-12,48,Completed
CT1340,R1340,Station Road - Sector 24,S,C216,Prime Infra Pvt Ltd 216,2024-05-05,2025-05-05,72,Pending
CT1341,R1341,Metro Road - Sector 7,M East,C074,Metro Asphalt Pvt Ltd 74,2024-10-12,2025-10-12,24,Completed
CT1342,R1342,Palm Beach Road - Sector 14,K West,C141,Western Civil Pvt Ltd 141,2024-06-11,2025-06-11,24,Completed
CT1343,R1343,LBS Marg - Sector 21,L,C176,Apex Roads Pvt Ltd 176,2024-02-03,2025-02-02,48,Pending
CT1344,R1344,Market Road - Sector 9,D,C137,Western Civil Pvt Ltd 137,2024-01-09,2025-01-08,72,Pending
CT1345,R1345,Marine Drive - Sector 36,S,C044,Skyline Roads Pvt Ltd 44,2024-06-13,2025-06-13,48,Completed
CT1346,R1346,Veer Savarkar Road - Sector 32,C,C037,Skyline Roads Pvt Ltd 37,2024-02-23,2025-02-22,72,Completed
CT1347,R1347,Station Road - Sector 39,H East,C002,Metro Asphalt Pvt Ltd 2,2024-07-14,2025-07-14,24,Pending
CT1348,R1348,Station Road - Sector 15,R South,C015,Shiv Shakti Pvt Ltd 15,2024-07-17,2025-07-17,72,Completed
CT1349,R1349,Palm Beach Road - Sector 13,H East,C220,Skyline Roads Pvt Ltd 220,2024-04-24,2025-04-24,72,Completed
CT1350,R1350,Veer Savarkar Road - Sector 12,R South,C145,Urban Concrete Pvt Ltd 145,2024-10-06,2025-10-06,24,Completed
CT1351,R1351,LBS Marg - Sector 26,R South,C167,Apex Roads Pvt Ltd 167,2024-08-31,2025-08-31,72,Pending
CT1352,R1352,Metro Road - Sector 6,R South,C099,Prime Infra Pvt Ltd 99,2024-05-24,2025-05-24,72,Pending
CT1353,R1353,Palm Beach Road - Sector 38,K West,C100,City Build Pvt Ltd 100,2024-08-18,2025-08-18,72,Completed
CT1354,R1354,Veer Savarkar Road - Sector 13,C,C175,City Build Pvt Ltd 175,2024-09-08,2025-09-08,72,Ongoing
CT1355,R1355,Palm Beach Road - Sector 8,R North,C089,City Build Pvt Ltd 89,2024-11-21,2025-11-21,48,Ongoing
CT1356,R1356,Station Road - Sector 18,T,C236,Prime Infra Pvt Ltd 236,2024-03-19,2025-03-19,48,Pending
CT1357,R1357,Palm Beach Road - Sector 23,R Central,C226,Western Civil Pvt Ltd 226,2024-07-03,2025-07-03,24,Completed
CT1358,R1358,Market Road - Sector 18,M West,C074,Metro Asphalt Pvt Ltd 74,2024-11-22,2025-11-22,72,Completed
CT1359,R1359,LBS Marg - Sector 17,D,C247,Prime Infra Pvt Ltd 247,2024-07-17,2025-07-17,48,Completed
CT1360,R1360,Metro Road - Sector 9,G North,C095,Shiv Shakti Pvt Ltd 95,2024-01-11,2025-01-10,48,Ongoing
CT1361,R1361,Linking Road - Sector 5,T,C037,Skyline Roads Pvt Ltd 37,2024-01-22,2025-01-21,48,Ongoing
CT1362,R1362,Palm Beach Road - Sector 39,F North,C182,City Build Pvt Ltd 182,2024-10-04,2025-10-04,24,Ongoing
CT1363,R1363,Marine Drive - Sector 40,E,C033,Shiv Shakti Pvt Ltd 33,2024-11-16,2025-11-16,48,Completed
CT1364,R1364,Metro Road - Sector 34,C,C242,Apex Roads Pvt Ltd 242,2024-07-26,2025-07-26,48,Ongoing
CT1365,R1365,Marine Drive - Sector 32,F South,C118,Skyline Roads Pvt Ltd 118,2024-08-19,2025-08-19,48,Ongoing
CT1366,R1366,Market Road - Sector 22,G South,C119,Skyline Roads Pvt Ltd 119,2024-07-05,2025-07-05,48,Ongoing
CT1367,R1367,Linking Road - Sector 28,A,C171,Apex Roads Pvt Ltd 171,2024-07-23,2025-07-23,24,Pending
CT1368,R1368,Veer Savarkar Road - Sector 25,M East,C136,Apex Roads Pvt Ltd 136,2024-04-15,2025-04-15,24,Completed
CT1369,R1369,Linking Road - Sector 12,B,C183,Prime Infra Pvt Ltd 183,2024-04-07,2025-04-07,72,Completed
CT1370,R1370,S.V. Road - Sector 32,S,C243,Metro Asphalt Pvt Ltd 243,2024-12-03,2025-12-03,72,Ongoing
CT1371,R1371,Palm Beach Road - Sector 32,H East,C231,Prime Infra Pvt Ltd 231,2024-08-25,2025-08-25,72,Ongoing
CT1372,R1372,Market Road - Sector 35,R South,C096,RoadBuild Pvt Ltd 96,2024-11-25,2025-11-25,48,Completed
CT1373,R1373,Market Road - Sector 11,M West,C101,Urban Concrete Pvt Ltd 101,2024-03-13,2025-03-13,48,Completed
CT1374,R1374,Marine Drive - Sector 32,K West,C139,City Build Pvt Ltd 139,2024-11-29,2025-11-29,48,Ongoing
CT1375,R1375,Metro Road - Sector 23,R North,C232,City Build Pvt Ltd 232,2024-11-15,2025-11-15,48,Completed
CT1376,R1376,Linking Road - Sector 38,B,C052,Prime Infra Pvt Ltd 52,2024-04-21,2025-04-21,48,Pending
CT1377,R1377,Veer Savarkar Road - Sector 38,K East,C228,Western Civil Pvt Ltd 228,2024-03-21,2025-03-21,72,Ongoing
CT1378,R1378,LBS Marg - Sector 28,K West,C240,Apex Roads Pvt Ltd 240,2024-09-21,2025-09-21,48,Completed
CT1379,R1379,Veer Savarkar Road - Sector 4,L,C242,Apex Roads Pvt Ltd 242,2024-08-14,2025-08-14,24,Pending
CT1380,R1380,Dr Annie Besant Road - Sector 20,G North,C053,City Build Pvt Ltd 53,2024-07-16,2025-07-16,72,Pending
CT1381,R1381,LBS Marg - Sector 20,S,C045,Shiv Shakti Pvt Ltd 45,2024-05-19,2025-05-19,72,Pending
CT1382,R1382,Linking Road - Sector 35,F North,C145,Urban Concrete Pvt Ltd 145,2024-03-20,2025-03-20,72,Ongoing
CT1383,R1383,Metro Road - Sector 28,M East,C148,RoadBuild Pvt Ltd 148,2024-04-11,2025-04-11,24,Ongoing
CT1384,R1384,Marine Drive - Sector 2,L,C082,City Build Pvt Ltd 82,2024-08-27,2025-08-27,24,Pending
CT1385,R1385,Linking Road - Sector 21,P South,C034,Urban Concrete Pvt Ltd 34,2024-09-06,2025-09-06,48,Pending
CT1386,R1386,Hospital Road - Sector 7,H West,C239,Skyline Roads Pvt Ltd 239,2024-11-09,2025-11-09,72,Pending
CT1387,R1387,Metro Road - Sector 14,S,C161,Metro Asphalt Pvt Ltd 161,2024-01-19,2025-01-18,72,Completed
CT1388,R1388,Metro Road - Sector 22,N,C202,Urban Concrete Pvt Ltd 202,2024-02-03,2025-02-02,24,Completed
CT1389,R1389,Palm Beach Road - Sector 13,K East,C003,Shiv Shakti Pvt Ltd 3,2024-01-28,2025-01-27,48,Completed
CT1390,R1390,Dr Annie Besant Road - Sector 19,P North,C081,Western Civil Pvt Ltd 81,2024-07-01,2025-07-01,24,Pending
CT1391,R1391,Hospital Road - Sector 26,H East,C039,Skyline Roads Pvt Ltd 39,2024-04-19,2025-04-19,48,Completed
CT1392,R1392,Hospital Road - Sector 7,S,C093,Skyline Roads Pvt Ltd 93,2024-11-15,2025-11-15,48,Pending
CT1393,R1393,LBS Marg - Sector 37,G South,C232,City Build Pvt Ltd 232,2024-08-16,2025-08-16,48,Ongoing
CT1394,R1394,Dr Annie Besant Road - Sector 23,L,C181,Apex Roads Pvt Ltd 181,2024-03-30,2025-03-30,48,Ongoing
CT1395,R1395,Marine Drive - Sector 28,N,C026,RoadBuild Pvt Ltd 26,2024-10-14,2025-10-14,24,Completed
CT1396,R1396,Dr Annie Besant Road - Sector 27,H West,C042,Shiv Shakti Pvt Ltd 42,2024-07-31,2025-07-31,24,Pending
CT1397,R1397,Market Road - Sector 30,R North,C234,City Build Pvt Ltd 234,2024-11-12,2025-11-12,48,Completed
CT1398,R1398,Linking Road - Sector 34,F North,C144,Prime Infra Pvt Ltd 144,2024-10-09,2025-10-09,72,Ongoing
CT1399,R1399,Metro Road - Sector 30,F South,C180,Urban Concrete Pvt Ltd 180,2024-05-23,2025-05-23,72,Completed
CT1400,R1400,Palm Beach Road - Sector 37,R North,C250,Western Civil Pvt Ltd 250,2024-02-28,2025-02-27,72,Completed
CT1401,R1401,Dr Annie Besant Road - Sector 24,N,C233,Metro Asphalt Pvt Ltd 233,2024-08-15,2025-08-15,24,Completed
CT1402,R1402,S.V. Road - Sector 20,G North,C035,City Build Pvt Ltd 35,2024-07-14,2025-07-14,48,Ongoing
CT1403,R1403,LBS Marg - Sector 14,H West,C123,Shiv Shakti Pvt Ltd 123,2024-03-28,2025-03-28,24,Pending
CT1404,R1404,Metro Road - Sector 11,H East,C177,Metro Asphalt Pvt Ltd 177,2024-07-04,2025-07-04,48,Pending
CT1405,R1405,Dr Annie Besant Road - Sector 8,K West,C147,Urban Concrete Pvt Ltd 147,2024-04-03,2025-04-03,48,Completed
CT1406,R1406,Dr Annie Besant Road - Sector 20,A,C249,Apex Roads Pvt Ltd 249,2024-09-08,2025-09-08,72,Pending
CT1407,R1407,Palm Beach Road - Sector 28,P North,C089,City Build Pvt Ltd 89,2024-06-22,2025-06-22,24,Ongoing
CT1408,R1408,S.V. Road - Sector 18,F South,C018,Apex Roads Pvt Ltd 18,2024-03-31,2025-03-31,24,Pending
CT1409,R1409,Marine Drive - Sector 36,G South,C077,Urban Concrete Pvt Ltd 77,2024-12-12,2025-12-12,48,Completed
CT1410,R1410,Station Road - Sector 2,T,C029,Prime Infra Pvt Ltd 29,2024-12-08,2025-12-08,24,Pending
CT1411,R1411,Hospital Road - Sector 20,H West,C083,RoadBuild Pvt Ltd 83,2024-05-29,2025-05-29,72,Completed
CT1412,R1412,Metro Road - Sector 6,K East,C091,Apex Roads Pvt Ltd 91,2024-11-04,2025-11-04,48,Completed
CT1413,R1413,LBS Marg - Sector 37,G North,C160,Metro Asphalt Pvt Ltd 160,2024-10-29,2025-10-29,48,Completed
CT1414,R1414,Market Road - Sector 38,D,C094,Western Civil Pvt Ltd 94,2024-05-09,2025-05-09,24,Pending
CT1415,R1415,LBS Marg - Sector 16,M West,C072,Prime Infra Pvt Ltd 72,2024-09-23,2025-09-23,24,Ongoing
CT1416,R1416,Veer Savarkar Road - Sector 38,H West,C082,City Build Pvt Ltd 82,2024-03-26,2025-03-26,24,Pending
CT1417,R1417,Dr Annie Besant Road - Sector 28,T,C062,City Build Pvt Ltd 62,2024-12-24,2025-12-24,48,Ongoing
CT1418,R1418,S.V. Road - Sector 14,D,C115,Urban Concrete Pvt Ltd 115,2024-08-09,2025-08-09,48,Completed
CT1419,R1419,Marine Drive - Sector 38,L,C070,Metro Asphalt Pvt Ltd 70,2024-12-02,2025-12-02,48,Pending
CT1420,R1420,Veer Savarkar Road - Sector 8,P North,C021,City Build Pvt Ltd 21,2024-06-19,2025-06-19,72,Completed
CT1421,R1421,Station Road - Sector 16,L,C034,Urban Concrete Pvt Ltd 34,2024-11-15,2025-11-15,24,Pending
CT1422,R1422,Station Road - Sector 24,K East,C147,Urban Concrete Pvt Ltd 147,2024-01-10,2025-01-09,48,Ongoing
CT1423,R1423,Hospital Road - Sector 3,R Central,C052,Prime Infra Pvt Ltd 52,2024-08-28,2025-08-28,48,Ongoing
CT1424,R1424,Metro Road - Sector 16,S,C010,Prime Infra Pvt Ltd 10,2024-12-21,2025-12-21,72,Ongoing
CT1425,R1425,Marine Drive - Sector 24,K West,C179,Metro Asphalt Pvt Ltd 179,2024-07-11,2025-07-11,48,Ongoing
CT1426,R1426,Dr Annie Besant Road - Sector 29,P North,C206,Shiv Shakti Pvt Ltd 206,2024-09-19,2025-09-19,48,Ongoing
CT1427,R1427,Marine Drive - Sector 20,K West,C182,City Build Pvt Ltd 182,2024-06-24,2025-06-24,24,Ongoing
CT1428,R1428,Dr Annie Besant Road - Sector 11,H East,C185,Apex Roads Pvt Ltd 185,2024-05-13,2025-05-13,72,Completed
CT1429,R1429,Palm Beach Road - Sector 3,R Central,C126,City Build Pvt Ltd 126,2024-05-24,2025-05-24,48,Completed
CT1430,R1430,Station Road - Sector 27,M West,C234,City Build Pvt Ltd 234,2024-08-18,2025-08-18,72,Completed
CT1431,R1431,S.V. Road - Sector 17,D,C207,Urban Concrete Pvt Ltd 207,2024-12-07,2025-12-07,48,Pending
CT1432,R1432,Palm Beach Road - Sector 39,K East,C230,Skyline Roads Pvt Ltd 230,2024-02-28,2025-02-27,24,Completed
CT1433,R1433,Veer Savarkar Road - Sector 30,T,C207,Urban Concrete Pvt Ltd 207,2024-02-24,2025-02-23,24,Completed
CT1434,R1434,Metro Road - Sector 12,B,C046,Apex Roads Pvt Ltd 46,2024-07-10,2025-07-10,24,Completed
CT1435,R1435,S.V. Road - Sector 1,R Central,C147,Urban Concrete Pvt Ltd 147,2024-05-01,2025-05-01,24,Completed
CT1436,R1436,Marine Drive - Sector 21,R Central,C003,Shiv Shakti Pvt Ltd 3,2024-01-07,2025-01-06,72,Ongoing
CT1437,R1437,S.V. Road - Sector 16,D,C223,RoadBuild Pvt Ltd 223,2024-11-12,2025-11-12,24,Completed
CT1438,R1438,Metro Road - Sector 27,R North,C150,Metro Asphalt Pvt Ltd 150,2024-11-16,2025-11-16,48,Pending
CT1439,R1439,S.V. Road - Sector 17,M West,C224,City Build Pvt Ltd 224,2024-06-18,2025-06-18,72,Completed
CT1440,R1440,Dr Annie Besant Road - Sector 6,H East,C157,RoadBuild Pvt Ltd 157,2024-03-03,2025-03-03,24,Pending
CT1441,R1441,Palm Beach Road - Sector 25,F North,C036,Prime Infra Pvt Ltd 36,2024-04-12,2025-04-12,72,Completed
CT1442,R1442,Linking Road - Sector 36,A,C048,Skyline Roads Pvt Ltd 48,2024-02-16,2025-02-15,72,Completed
CT1443,R1443,Station Road - Sector 13,C,C001,Western Civil Pvt Ltd 1,2024-08-09,2025-08-09,72,Completed
CT1444,R1444,Palm Beach Road - Sector 40,B,C054,Western Civil Pvt Ltd 54,2024-01-26,2025-01-25,72,Completed
CT1445,R1445,LBS Marg - Sector 24,E,C100,City Build Pvt Ltd 100,2024-06-13,2025-06-13,72,Pending
CT1446,R1446,Market Road - Sector 28,A,C050,City Build Pvt Ltd 50,2024-08-31,2025-08-31,24,Pending
CT1447,R1447,Dr Annie Besant Road - Sector 14,D,C127,Western Civil Pvt Ltd 127,2024-11-05,2025-11-05,72,Completed
CT1448,R1448,Station Road - Sector 25,H East,C121,Urban Concrete Pvt Ltd 121,2024-05-27,2025-05-27,72,Pending
CT1449,R1449,Hospital Road - Sector 14,F South,C152,Shiv Shakti Pvt Ltd 152,2024-02-01,2025-01-31,48,Completed
CT1450,R1450,S.V. Road - Sector 27,L,C130,Shiv Shakti Pvt Ltd 130,2024-01-04,2025-01-03,24,Completed
CT1451,R1451,Marine Drive - Sector 16,H East,C250,Western Civil Pvt Ltd 250,2024-04-11,2025-04-11,48,Completed
CT1452,R1452,Veer Savarkar Road - Sector 38,G North,C225,City Build Pvt Ltd 225,2024-10-04,2025-10-04,72,Completed
CT1453,R1453,Linking Road - Sector 31,C,C180,Urban Concrete Pvt Ltd 180,2024-03-04,2025-03-04,72,Completed
CT1454,R1454,Palm Beach Road - Sector 14,S,C049,RoadBuild Pvt Ltd 49,2024-04-05,2025-04-05,48,Completed
CT1455,R1455,Palm Beach Road - Sector 39,S,C042,Shiv Shakti Pvt Ltd 42,2024-07-21,2025-07-21,72,Pending
CT1456,R1456,Market Road - Sector 4,D,C076,RoadBuild Pvt Ltd 76,2024-11-03,2025-11-03,48,Pending
CT1457,R1457,Station Road - Sector 23,G North,C164,RoadBuild Pvt Ltd 164,2024-05-26,2025-05-26,24,Ongoing
CT1458,R1458,Marine Drive - Sector 33,A,C065,Urban Concrete Pvt Ltd 65,2024-06-25,2025-06-25,72,Completed
CT1459,R1459,Palm Beach Road - Sector 24,H East,C136,Apex Roads Pvt Ltd 136,2024-01-04,2025-01-03,72,Pending
CT1460,R1460,Hospital Road - Sector 12,B,C065,Urban Concrete Pvt Ltd 65,2024-05-24,2025-05-24,24,Completed
CT1461,R1461,Station Road - Sector 22,N,C016,Prime Infra Pvt Ltd 16,2024-02-02,2025-02-01,48,Ongoing
CT1462,R1462,Veer Savarkar Road - Sector 34,C,C232,City Build Pvt Ltd 232,2024-01-31,2025-01-30,72,Ongoing
CT1463,R1463,LBS Marg - Sector 21,G South,C021,City Build Pvt Ltd 21,2024-12-11,2025-12-11,72,Ongoing
CT1464,R1464,Marine Drive - Sector 24,M West,C004,City Build Pvt Ltd 4,2024-12-11,2025-12-11,24,Ongoing
CT1465,R1465,Hospital Road - Sector 17,G South,C151,Western Civil Pvt Ltd 151,2024-07-04,2025-07-04,72,Pending
CT1466,R1466,S.V. Road - Sector 21,L,C156,Metro Asphalt Pvt Ltd 156,2024-12-13,2025-12-13,24,Pending
CT1467,R1467,Market Road - Sector 29,E,C068,Urban Concrete Pvt Ltd 68,2024-06-12,2025-06-12,48,Ongoing
CT1468,R1468,Linking Road - Sector 15,E,C191,Apex Roads Pvt Ltd 191,2024-09-02,2025-09-02,48,Ongoing
CT1469,R1469,Marine Drive - Sector 11,M West,C077,Urban Concrete Pvt Ltd 77,2024-09-07,2025-09-07,48,Pending
CT1470,R1470,LBS Marg - Sector 32,L,C191,Apex Roads Pvt Ltd 191,2024-04-07,2025-04-07,24,Pending
CT1471,R1471,Market Road - Sector 32,K East,C044,Skyline Roads Pvt Ltd 44,2024-01-22,2025-01-21,72,Ongoing
CT1472,R1472,S.V. Road - Sector 8,D,C105,Metro Asphalt Pvt Ltd 105,2024-08-26,2025-08-26,48,Ongoing
CT1473,R1473,Marine Drive - Sector 12,F South,C237,Shiv Shakti Pvt Ltd 237,2024-07-25,2025-07-25,48,Ongoing
CT1474,R1474,Hospital Road - Sector 38,G South,C116,Prime Infra Pvt Ltd 116,2024-03-19,2025-03-19,24,Pending
CT1475,R1475,Hospital Road - Sector 12,N,C193,Shiv Shakti Pvt Ltd 193,2024-07-16,2025-07-16,48,Completed
CT1476,R1476,Station Road - Sector 7,G North,C224,City Build Pvt Ltd 224,2024-03-12,2025-03-12,48,Ongoing
CT1477,R1477,Metro Road - Sector 8,H East,C223,RoadBuild Pvt Ltd 223,2024-11-19,2025-11-19,24,Ongoing
CT1478,R1478,LBS Marg - Sector 21,P South,C094,Western Civil Pvt Ltd 94,2024-01-08,2025-01-07,48,Pending
CT1479,R1479,Station Road - Sector 31,C,C232,City Build Pvt Ltd 232,2024-03-29,2025-03-29,24,Pending
CT1480,R1480,Metro Road - Sector 1,R North,C243,Metro Asphalt Pvt Ltd 243,2024-04-04,2025-04-04,24,Completed
CT1481,R1481,Hospital Road - Sector 29,R Central,C005,City Build Pvt Ltd 5,2024-07-19,2025-07-19,48,Completed
CT1482,R1482,Linking Road - Sector 19,F South,C070,Metro Asphalt Pvt Ltd 70,2024-06-21,2025-06-21,24,Completed
CT1483,R1483,LBS Marg - Sector 36,T,C128,Metro Asphalt Pvt Ltd 128,2024-07-19,2025-07-19,24,Ongoing
CT1484,R1484,Palm Beach Road - Sector 17,C,C213,Urban Concrete Pvt Ltd 213,2024-10-08,2025-10-08,48,Completed
CT1485,R1485,LBS Marg - Sector 2,K West,C049,RoadBuild Pvt Ltd 49,2024-09-06,2025-09-06,72,Pending
CT1486,R1486,Palm Beach Road - Sector 19,K West,C128,Metro Asphalt Pvt Ltd 128,2024-08-09,2025-08-09,48,Completed
CT1487,R1487,Marine Drive - Sector 32,D,C125,RoadBuild Pvt Ltd 125,2024-12-06,2025-12-06,24,Ongoing
CT1488,R1488,Hospital Road - Sector 9,R South,C247,Prime Infra Pvt Ltd 247,2024-02-24,2025-02-23,24,Ongoing
CT1489,R1489,Market Road - Sector 13,K East,C181,Apex Roads Pvt Ltd 181,2024-09-01,2025-09-01,72,Ongoing
CT1490,R1490,Station Road - Sector 18,K West,C037,Skyline Roads Pvt Ltd 37,2024-04-30,2025-04-30,72,Ongoing
CT1491,R1491,Palm Beach Road - Sector 24,C,C206,Shiv Shakti Pvt Ltd 206,2024-04-20,2025-04-20,48,Ongoing
CT1492,R1492,Metro Road - Sector 28,L,C004,City Build Pvt Ltd 4,2024-06-06,2025-06-06,72,Completed
CT1493,R1493,Veer Savarkar Road - Sector 30,N,C087,Urban Concrete Pvt Ltd 87,2024-11-18,2025-11-18,48,Pending
CT1494,R1494,Metro Road - Sector 10,R Central,C159,Skyline Roads Pvt Ltd 159,2024-08-07,2025-08-07,72,Completed
CT1495,R1495,Metro Road - Sector 34,R Central,C154,Western Civil Pvt Ltd 154,2024-03-07,2025-03-07,72,Ongoing
CT1496,R1496,Palm Beach Road - Sector 6,M East,C088,Shiv Shakti Pvt Ltd 88,2024-07-10,2025-07-10,72,Completed
CT1497,R1497,S.V. Road - Sector 20,E,C095,Shiv Shakti Pvt Ltd 95,2024-10-16,2025-10-16,48,Completed
CT1498,R1498,Marine Drive - Sector 37,L,C005,City Build Pvt Ltd 5,2024-08-16,2025-08-16,48,Ongoing
CT1499,R1499,Linking Road - Sector 33,C,C064,Urban Concrete Pvt Ltd 64,2024-04-17,2025-04-17,48,Pending
CT1500,R1500,Palm Beach Road - Sector 7,L,C060,City Build Pvt Ltd 60,2024-06-09,2025-06-09,72,Ongoing
CT1501,R1501,Marine Drive - Sector 38,K East,C202,Urban Concrete Pvt Ltd 202,2024-05-23,2025-05-23,72,Ongoing
CT1502,R1502,LBS Marg - Sector 30,A,C148,RoadBuild Pvt Ltd 148,2024-06-18,2025-06-18,72,Completed
CT1503,R1503,Linking Road - Sector 6,K West,C231,Prime Infra Pvt Ltd 231,2024-03-06,2025-03-06,48,Pending
CT1504,R1504,Hospital Road - Sector 30,H West,C147,Urban Concrete Pvt Ltd 147,2024-04-27,2025-04-27,72,Pending
CT1505,R1505,Marine Drive - Sector 22,R North,C157,RoadBuild Pvt Ltd 157,2024-05-01,2025-05-01,24,Ongoing
CT1506,R1506,LBS Marg - Sector 39,F North,C145,Urban Concrete Pvt Ltd 145,2024-08-28,2025-08-28,24,Ongoing
CT1507,R1507,Market Road - Sector 2,L,C131,Urban Concrete Pvt Ltd 131,2024-02-18,2025-02-17,48,Completed
CT1508,R1508,Linking Road - Sector 11,D,C160,Metro Asphalt Pvt Ltd 160,2024-06-13,2025-06-13,24,Pending
CT1509,R1509,Palm Beach Road - Sector 39,M East,C126,City Build Pvt Ltd 126,2024-08-24,2025-08-24,72,Pending
CT1510,R1510,Hospital Road - Sector 40,H East,C069,Shiv Shakti Pvt Ltd 69,2024-02-04,2025-02-03,48,Ongoing
CT1511,R1511,LBS Marg - Sector 9,H East,C200,Metro Asphalt Pvt Ltd 200,2024-04-08,2025-04-08,48,Pending
CT1512,R1512,LBS Marg - Sector 2,F South,C037,Skyline Roads Pvt Ltd 37,2024-07-05,2025-07-05,24,Ongoing
CT1513,R1513,Dr Annie Besant Road - Sector 31,A,C064,Urban Concrete Pvt Ltd 64,2024-04-24,2025-04-24,72,Completed
CT1514,R1514,Dr Annie Besant Road - Sector 28,R Central,C084,Skyline Roads Pvt Ltd 84,2024-07-01,2025-07-01,72,Ongoing
CT1515,R1515,LBS Marg - Sector 20,F South,C144,Prime Infra Pvt Ltd 144,2024-03-15,2025-03-15,48,Ongoing
CT1516,R1516,Palm Beach Road - Sector 2,M West,C125,RoadBuild Pvt Ltd 125,2024-06-09,2025-06-09,72,Pending
CT1517,R1517,Station Road - Sector 32,E,C052,Prime Infra Pvt Ltd 52,2024-11-26,2025-11-26,24,Pending
CT1518,R1518,Hospital Road - Sector 16,M East,C155,Western Civil Pvt Ltd 155,2024-03-02,2025-03-02,48,Pending
CT1519,R1519,Palm Beach Road - Sector 4,P South,C016,Prime Infra Pvt Ltd 16,2024-04-09,2025-04-09,72,Pending
CT1520,R1520,Metro Road - Sector 28,D,C073,City Build Pvt Ltd 73,2024-05-07,2025-05-07,48,Ongoing
CT1521,R1521,Hospital Road - Sector 39,T,C180,Urban Concrete Pvt Ltd 180,2024-01-06,2025-01-05,48,Ongoing
CT1522,R1522,Linking Road - Sector 32,H East,C053,City Build Pvt Ltd 53,2024-03-14,2025-03-14,48,Completed
CT1523,R1523,Hospital Road - Sector 40,N,C008,Prime Infra Pvt Ltd 8,2024-11-29,2025-11-29,72,Ongoing
CT1524,R1524,Linking Road - Sector 34,G North,C021,City Build Pvt Ltd 21,2024-07-07,2025-07-07,48,Completed
CT1525,R1525,Veer Savarkar Road - Sector 36,P South,C115,Urban Concrete Pvt Ltd 115,2024-11-16,2025-11-16,48,Pending
CT1526,R1526,Palm Beach Road - Sector 31,R Central,C041,Shiv Shakti Pvt Ltd 41,2024-10-31,2025-10-31,48,Ongoing
CT1527,R1527,Metro Road - Sector 23,R North,C028,Prime Infra Pvt Ltd 28,2024-05-20,2025-05-20,48,Ongoing
CT1528,R1528,S.V. Road - Sector 19,A,C051,Urban Concrete Pvt Ltd 51,2024-12-27,2025-12-27,72,Ongoing
CT1529,R1529,Veer Savarkar Road - Sector 29,M West,C073,City Build Pvt Ltd 73,2024-03-24,2025-03-24,72,Completed
CT1530,R1530,Hospital Road - Sector 22,G North,C083,RoadBuild Pvt Ltd 83,2024-01-09,2025-01-08,24,Completed
CT1531,R1531,Marine Drive - Sector 25,E,C223,RoadBuild Pvt Ltd 223,2024-06-16,2025-06-16,72,Ongoing
CT1532,R1532,S.V. Road - Sector 40,M West,C095,Shiv Shakti Pvt Ltd 95,2024-03-13,2025-03-13,48,Pending
CT1533,R1533,LBS Marg - Sector 31,S,C097,City Build Pvt Ltd 97,2024-10-08,2025-10-08,24,Pending
CT1534,R1534,S.V. Road - Sector 39,F South,C112,Metro Asphalt Pvt Ltd 112,2024-11-26,2025-11-26,48,Ongoing
CT1535,R1535,Station Road - Sector 20,L,C046,Apex Roads Pvt Ltd 46,2024-06-16,2025-06-16,72,Completed
CT1536,R1536,Linking Road - Sector 2,P North,C165,Western Civil Pvt Ltd 165,2024-05-24,2025-05-24,48,Pending
CT1537,R1537,Metro Road - Sector 11,K East,C194,Prime Infra Pvt Ltd 194,2024-10-18,2025-10-18,24,Pending
CT1538,R1538,LBS Marg - Sector 22,B,C015,Shiv Shakti Pvt Ltd 15,2024-12-31,2025-12-31,24,Ongoing
CT1539,R1539,Dr Annie Besant Road - Sector 8,R North,C017,Urban Concrete Pvt Ltd 17,2024-02-04,2025-02-03,24,Completed
CT1540,R1540,Marine Drive - Sector 22,M West,C027,Urban Concrete Pvt Ltd 27,2024-09-24,2025-09-24,24,Pending
CT1541,R1541,Marine Drive - Sector 10,P North,C061,Western Civil Pvt Ltd 61,2024-02-17,2025-02-16,48,Ongoing
CT1542,R1542,Metro Road - Sector 7,R North,C087,Urban Concrete Pvt Ltd 87,2024-02-11,2025-02-10,48,Ongoing
CT1543,R1543,Station Road - Sector 8,M East,C193,Shiv Shakti Pvt Ltd 193,2024-02-05,2025-02-04,48,Ongoing
CT1544,R1544,Linking Road - Sector 33,P North,C140,Urban Concrete Pvt Ltd 140,2024-02-01,2025-01-31,72,Ongoing
CT1545,R1545,LBS Marg - Sector 14,R Central,C165,Western Civil Pvt Ltd 165,2024-07-21,2025-07-21,72,Completed
CT1546,R1546,Marine Drive - Sector 29,T,C141,Western Civil Pvt Ltd 141,2024-02-15,2025-02-14,24,Ongoing
CT1547,R1547,LBS Marg - Sector 10,T,C041,Shiv Shakti Pvt Ltd 41,2024-02-29,2025-02-28,48,Completed
CT1548,R1548,S.V. Road - Sector 8,H West,C062,City Build Pvt Ltd 62,2024-01-29,2025-01-28,72,Pending
CT1549,R1549,Linking Road - Sector 16,L,C143,Urban Concrete Pvt Ltd 143,2024-01-13,2025-01-12,24,Pending
CT1550,R1550,Market Road - Sector 11,H East,C216,Prime Infra Pvt Ltd 216,2024-12-23,2025-12-23,24,Ongoing
CT1551,R1551,Palm Beach Road - Sector 24,K East,C011,Skyline Roads Pvt Ltd 11,2024-01-22,2025-01-21,24,Completed
CT1552,R1552,Market Road - Sector 27,E,C244,Prime Infra Pvt Ltd 244,2024-03-19,2025-03-19,24,Pending
CT1553,R1553,Palm Beach Road - Sector 27,L,C082,City Build Pvt Ltd 82,2024-06-14,2025-06-14,48,Pending
CT1554,R1554,Veer Savarkar Road - Sector 2,R South,C172,Shiv Shakti Pvt Ltd 172,2024-07-21,2025-07-21,24,Pending
CT1555,R1555,Market Road - Sector 5,A,C196,Western Civil Pvt Ltd 196,2024-05-28,2025-05-28,48,Completed
CT1556,R1556,Palm Beach Road - Sector 11,H West,C172,Shiv Shakti Pvt Ltd 172,2024-12-31,2025-12-31,72,Ongoing
CT1557,R1557,Linking Road - Sector 10,K West,C141,Western Civil Pvt Ltd 141,2024-02-04,2025-02-03,24,Completed
CT1558,R1558,Metro Road - Sector 34,R Central,C151,Western Civil Pvt Ltd 151,2024-01-19,2025-01-18,24,Completed
CT1559,R1559,Metro Road - Sector 36,K West,C150,Metro Asphalt Pvt Ltd 150,2024-09-08,2025-09-08,24,Ongoing
CT1560,R1560,Linking Road - Sector 18,K East,C180,Urban Concrete Pvt Ltd 180,2024-02-11,2025-02-10,72,Ongoing
CT1561,R1561,Palm Beach Road - Sector 29,S,C131,Urban Concrete Pvt Ltd 131,2024-03-25,2025-03-25,48,Completed
CT1562,R1562,Hospital Road - Sector 40,P North,C039,Skyline Roads Pvt Ltd 39,2024-10-01,2025-10-01,24,Pending
CT1563,R1563,Veer Savarkar Road - Sector 26,S,C191,Apex Roads Pvt Ltd 191,2024-11-14,2025-11-14,48,Ongoing
CT1564,R1564,Linking Road - Sector 35,C,C143,Urban Concrete Pvt Ltd 143,2024-07-10,2025-07-10,72,Ongoing
CT1565,R1565,S.V. Road - Sector 34,T,C041,Shiv Shakti Pvt Ltd 41,2024-04-13,2025-04-13,72,Ongoing
CT1566,R1566,LBS Marg - Sector 33,F South,C086,Urban Concrete Pvt Ltd 86,2024-04-10,2025-04-10,48,Ongoing
CT1567,R1567,Veer Savarkar Road - Sector 11,N,C101,Urban Concrete Pvt Ltd 101,2024-03-02,2025-03-02,72,Ongoing
CT1568,R1568,Hospital Road - Sector 17,P North,C116,Prime Infra Pvt Ltd 116,2024-01-15,2025-01-14,48,Pending
CT1569,R1569,Palm Beach Road - Sector 33,T,C248,Shiv Shakti Pvt Ltd 248,2024-11-29,2025-11-29,72,Pending
CT1570,R1570,Marine Drive - Sector 33,K East,C198,RoadBuild Pvt Ltd 198,2024-07-26,2025-07-26,24,Completed
CT1571,R1571,Metro Road - Sector 8,B,C029,Prime Infra Pvt Ltd 29,2024-01-22,2025-01-21,48,Completed
CT1572,R1572,Linking Road - Sector 30,P South,C191,Apex Roads Pvt Ltd 191,2024-04-15,2025-04-15,24,Pending
CT1573,R1573,Hospital Road - Sector 37,T,C189,Metro Asphalt Pvt Ltd 189,2024-06-01,2025-06-01,72,Pending
CT1574,R1574,Dr Annie Besant Road - Sector 23,R North,C055,Western Civil Pvt Ltd 55,2024-10-30,2025-10-30,48,Ongoing
CT1575,R1575,Hospital Road - Sector 9,R South,C119,Skyline Roads Pvt Ltd 119,2024-01-28,2025-01-27,72,Pending
CT1576,R1576,Dr Annie Besant Road - Sector 7,N,C059,Prime Infra Pvt Ltd 59,2024-10-17,2025-10-17,48,Completed
CT1577,R1577,Dr Annie Besant Road - Sector 24,P South,C131,Urban Concrete Pvt Ltd 131,2024-01-13,2025-01-12,48,Completed
CT1578,R1578,Palm Beach Road - Sector 27,E,C056,Western Civil Pvt Ltd 56,2024-04-02,2025-04-02,48,Completed
CT1579,R1579,Palm Beach Road - Sector 9,B,C128,Metro Asphalt Pvt Ltd 128,2024-07-17,2025-07-17,72,Ongoing
CT1580,R1580,LBS Marg - Sector 24,M East,C118,Skyline Roads Pvt Ltd 118,2024-07-19,2025-07-19,72,Completed
CT1581,R1581,Hospital Road - Sector 36,K West,C236,Prime Infra Pvt Ltd 236,2024-09-08,2025-09-08,48,Pending
CT1582,R1582,Hospital Road - Sector 32,G South,C153,Shiv Shakti Pvt Ltd 153,2024-05-26,2025-05-26,72,Completed
CT1583,R1583,Station Road - Sector 27,M East,C020,Shiv Shakti Pvt Ltd 20,2024-11-11,2025-11-11,24,Completed
CT1584,R1584,S.V. Road - Sector 32,N,C219,Urban Concrete Pvt Ltd 219,2024-01-16,2025-01-15,72,Completed
CT1585,R1585,Market Road - Sector 34,E,C220,Skyline Roads Pvt Ltd 220,2024-01-06,2025-01-05,48,Completed
CT1586,R1586,Station Road - Sector 3,M East,C078,Prime Infra Pvt Ltd 78,2024-08-15,2025-08-15,48,Pending
CT1587,R1587,Veer Savarkar Road - Sector 8,P North,C146,Metro Asphalt Pvt Ltd 146,2024-03-22,2025-03-22,24,Completed
CT1588,R1588,LBS Marg - Sector 24,D,C095,Shiv Shakti Pvt Ltd 95,2024-04-20,2025-04-20,72,Completed
CT1589,R1589,Market Road - Sector 10,B,C249,Apex Roads Pvt Ltd 249,2024-08-04,2025-08-04,72,Ongoing
CT1590,R1590,Veer Savarkar Road - Sector 20,H East,C020,Shiv Shakti Pvt Ltd 20,2024-05-23,2025-05-23,48,Pending
CT1591,R1591,S.V. Road - Sector 10,A,C006,Metro Asphalt Pvt Ltd 6,2024-06-01,2025-06-01,24,Completed
CT1592,R1592,Marine Drive - Sector 19,B,C078,Prime Infra Pvt Ltd 78,2024-03-13,2025-03-13,48,Ongoing
CT1593,R1593,Station Road - Sector 1,T,C239,Skyline Roads Pvt Ltd 239,2024-04-14,2025-04-14,24,Pending
CT1594,R1594,LBS Marg - Sector 3,K East,C191,Apex Roads Pvt Ltd 191,2024-12-15,2025-12-15,24,Ongoing
CT1595,R1595,Marine Drive - Sector 37,P South,C045,Shiv Shakti Pvt Ltd 45,2024-01-08,2025-01-07,24,Completed
CT1596,R1596,Station Road - Sector 39,K West,C186,City Build Pvt Ltd 186,2024-04-30,2025-04-30,48,Pending
CT1597,R1597,Metro Road - Sector 30,N,C178,Western Civil Pvt Ltd 178,2024-10-12,2025-10-12,48,Ongoing
CT1598,R1598,Veer Savarkar Road - Sector 6,E,C006,Metro Asphalt Pvt Ltd 6,2024-12-25,2025-12-25,72,Ongoing
CT1599,R1599,Dr Annie Besant Road - Sector 26,K West,C017,Urban Concrete Pvt Ltd 17,2024-12-20,2025-12-20,24,Completed
CT1600,R1600,Metro Road - Sector 29,B,C017,Urban Concrete Pvt Ltd 17,2024-07-22,2025-07-22,72,Ongoing
CT1601,R1601,LBS Marg - Sector 11,R Central,C008,Prime Infra Pvt Ltd 8,2024-01-20,2025-01-19,48,Ongoing
CT1602,R1602,Metro Road - Sector 20,P South,C213,Urban Concrete Pvt Ltd 213,2024-08-26,2025-08-26,48,Completed
CT1603,R1603,Market Road - Sector 6,R Central,C250,Western Civil Pvt Ltd 250,2024-01-07,2025-01-06,72,Completed
CT1604,R1604,Linking Road - Sector 37,P South,C169,Prime Infra Pvt Ltd 169,2024-02-02,2025-02-01,48,Pending
CT1605,R1605,Market Road - Sector 2,M West,C073,City Build Pvt Ltd 73,2024-09-02,2025-09-02,24,Ongoing
CT1606,R1606,Linking Road - Sector 18,F North,C007,Prime Infra Pvt Ltd 7,2024-12-09,2025-12-09,48,Completed
CT1607,R1607,Hospital Road - Sector 29,S,C061,Western Civil Pvt Ltd 61,2024-12-19,2025-12-19,48,Completed
CT1608,R1608,Veer Savarkar Road - Sector 26,R North,C167,Apex Roads Pvt Ltd 167,2024-01-23,2025-01-22,72,Ongoing
CT1609,R1609,Linking Road - Sector 22,M West,C144,Prime Infra Pvt Ltd 144,2024-12-25,2025-12-25,48,Completed
CT1610,R1610,Linking Road - Sector 34,L,C184,Urban Concrete Pvt Ltd 184,2024-01-25,2025-01-24,48,Ongoing
CT1611,R1611,LBS Marg - Sector 8,G South,C023,Shiv Shakti Pvt Ltd 23,2024-11-02,2025-11-02,48,Ongoing
CT1612,R1612,Marine Drive - Sector 10,F North,C211,Western Civil Pvt Ltd 211,2024-08-29,2025-08-29,72,Completed
CT1613,R1613,S.V. Road - Sector 20,C,C096,RoadBuild Pvt Ltd 96,2024-12-03,2025-12-03,48,Pending
CT1614,R1614,Hospital Road - Sector 21,B,C142,Skyline Roads Pvt Ltd 142,2024-10-03,2025-10-03,24,Ongoing
CT1615,R1615,Linking Road - Sector 20,S,C189,Metro Asphalt Pvt Ltd 189,2024-11-23,2025-11-23,48,Ongoing
CT1616,R1616,S.V. Road - Sector 27,H West,C045,Shiv Shakti Pvt Ltd 45,2024-10-24,2025-10-24,48,Ongoing
CT1617,R1617,LBS Marg - Sector 4,K West,C120,Metro Asphalt Pvt Ltd 120,2024-06-26,2025-06-26,48,Completed
CT1618,R1618,Hospital Road - Sector 16,R North,C209,Apex Roads Pvt Ltd 209,2024-12-10,2025-12-10,48,Pending
CT1619,R1619,Palm Beach Road - Sector 8,N,C139,City Build Pvt Ltd 139,2024-07-27,2025-07-27,48,Ongoing
CT1620,R1620,Station Road - Sector 36,H West,C023,Shiv Shakti Pvt Ltd 23,2024-11-04,2025-11-04,48,Completed
CT1621,R1621,Linking Road - Sector 27,M West,C086,Urban Concrete Pvt Ltd 86,2024-07-02,2025-07-02,72,Ongoing
CT1622,R1622,Marine Drive - Sector 36,A,C116,Prime Infra Pvt Ltd 116,2024-10-03,2025-10-03,72,Completed
CT1623,R1623,Market Road - Sector 9,G North,C228,Western Civil Pvt Ltd 228,2024-01-22,2025-01-21,48,Pending
CT1624,R1624,LBS Marg - Sector 33,M East,C236,Prime Infra Pvt Ltd 236,2024-11-16,2025-11-16,24,Pending
CT1625,R1625,Market Road - Sector 11,K East,C088,Shiv Shakti Pvt Ltd 88,2024-10-03,2025-10-03,72,Pending
CT1626,R1626,Market Road - Sector 29,L,C041,Shiv Shakti Pvt Ltd 41,2024-10-20,2025-10-20,24,Completed
CT1627,R1627,Hospital Road - Sector 19,M East,C212,RoadBuild Pvt Ltd 212,2024-12-20,2025-12-20,48,Completed
CT1628,R1628,Linking Road - Sector 31,A,C211,Western Civil Pvt Ltd 211,2024-08-02,2025-08-02,24,Pending
CT1629,R1629,Palm Beach Road - Sector 23,R South,C140,Urban Concrete Pvt Ltd 140,2024-01-22,2025-01-21,72,Completed
CT1630,R1630,Market Road - Sector 19,P South,C148,RoadBuild Pvt Ltd 148,2024-01-03,2025-01-02,48,Pending
CT1631,R1631,Market Road - Sector 37,T,C171,Apex Roads Pvt Ltd 171,2024-03-25,2025-03-25,72,Completed
CT1632,R1632,Palm Beach Road - Sector 8,C,C176,Apex Roads Pvt Ltd 176,2024-12-29,2025-12-29,48,Ongoing
CT1633,R1633,Palm Beach Road - Sector 14,G South,C030,Skyline Roads Pvt Ltd 30,2024-06-15,2025-06-15,72,Ongoing
CT1634,R1634,Metro Road - Sector 22,H West,C141,Western Civil Pvt Ltd 141,2024-07-21,2025-07-21,72,Pending
CT1635,R1635,Station Road - Sector 18,S,C210,Skyline Roads Pvt Ltd 210,2024-07-20,2025-07-20,24,Pending
CT1636,R1636,Dr Annie Besant Road - Sector 30,H West,C090,Prime Infra Pvt Ltd 90,2024-07-27,2025-07-27,72,Completed
CT1637,R1637,S.V. Road - Sector 1,A,C058,Urban Concrete Pvt Ltd 58,2024-11-23,2025-11-23,72,Ongoing
CT1638,R1638,Linking Road - Sector 12,A,C040,Metro Asphalt Pvt Ltd 40,2024-12-21,2025-12-21,24,Pending
CT1639,R1639,Station Road - Sector 26,S,C001,Western Civil Pvt Ltd 1,2024-09-15,2025-09-15,24,Ongoing
CT1640,R1640,Metro Road - Sector 5,R Central,C037,Skyline Roads Pvt Ltd 37,2024-02-06,2025-02-05,72,Ongoing
CT1641,R1641,Station Road - Sector 8,R South,C062,City Build Pvt Ltd 62,2024-07-26,2025-07-26,48,Completed
CT1642,R1642,Veer Savarkar Road - Sector 25,R North,C139,City Build Pvt Ltd 139,2024-11-22,2025-11-22,24,Completed
CT1643,R1643,Station Road - Sector 24,D,C007,Prime Infra Pvt Ltd 7,2024-01-09,2025-01-08,24,Ongoing
CT1644,R1644,Dr Annie Besant Road - Sector 2,A,C031,Apex Roads Pvt Ltd 31,2024-04-16,2025-04-16,24,Pending
CT1645,R1645,LBS Marg - Sector 40,F South,C019,Urban Concrete Pvt Ltd 19,2024-02-04,2025-02-03,48,Ongoing
CT1646,R1646,Dr Annie Besant Road - Sector 15,S,C244,Prime Infra Pvt Ltd 244,2024-03-01,2025-03-01,48,Ongoing
CT1647,R1647,Marine Drive - Sector 32,B,C170,Apex Roads Pvt Ltd 170,2024-07-25,2025-07-25,24,Pending
CT1648,R1648,Dr Annie Besant Road - Sector 26,A,C153,Shiv Shakti Pvt Ltd 153,2024-06-02,2025-06-02,48,Ongoing
CT1649,R1649,Market Road - Sector 32,P South,C096,RoadBuild Pvt Ltd 96,2024-04-16,2025-04-16,48,Ongoing
CT1650,R1650,Metro Road - Sector 37,F South,C159,Skyline Roads Pvt Ltd 159,2024-10-28,2025-10-28,48,Pending
CT1651,R1651,Hospital Road - Sector 9,C,C158,Apex Roads Pvt Ltd 158,2024-10-30,2025-10-30,24,Pending
CT1652,R1652,Marine Drive - Sector 37,E,C126,City Build Pvt Ltd 126,2024-01-17,2025-01-16,48,Ongoing
CT1653,R1653,Marine Drive - Sector 13,T,C090,Prime Infra Pvt Ltd 90,2024-01-16,2025-01-15,48,Pending
CT1654,R1654,Metro Road - Sector 35,S,C122,Urban Concrete Pvt Ltd 122,2024-07-15,2025-07-15,72,Completed
CT1655,R1655,Market Road - Sector 30,R South,C109,Shiv Shakti Pvt Ltd 109,2024-12-18,2025-12-18,72,Pending
CT1656,R1656,Metro Road - Sector 4,R Central,C226,Western Civil Pvt Ltd 226,2024-06-28,2025-06-28,72,Ongoing
CT1657,R1657,Marine Drive - Sector 8,L,C007,Prime Infra Pvt Ltd 7,2024-07-13,2025-07-13,24,Ongoing
CT1658,R1658,Station Road - Sector 24,M East,C195,Western Civil Pvt Ltd 195,2024-02-14,2025-02-13,48,Ongoing
CT1659,R1659,Dr Annie Besant Road - Sector 4,T,C140,Urban Concrete Pvt Ltd 140,2024-02-17,2025-02-16,24,Completed
CT1660,R1660,Station Road - Sector 21,P North,C186,City Build Pvt Ltd 186,2024-11-19,2025-11-19,24,Ongoing
CT1661,R1661,Veer Savarkar Road - Sector 6,F South,C098,Apex Roads Pvt Ltd 98,2024-06-21,2025-06-21,24,Pending
CT1662,R1662,Dr Annie Besant Road - Sector 28,T,C121,Urban Concrete Pvt Ltd 121,2024-01-18,2025-01-17,48,Ongoing
CT1663,R1663,S.V. Road - Sector 22,F South,C142,Skyline Roads Pvt Ltd 142,2024-12-26,2025-12-26,48,Completed
CT1664,R1664,Metro Road - Sector 7,R Central,C158,Apex Roads Pvt Ltd 158,2024-07-29,2025-07-29,24,Completed
CT1665,R1665,Linking Road - Sector 38,L,C176,Apex Roads Pvt Ltd 176,2024-03-06,2025-03-06,72,Pending
CT1666,R1666,Dr Annie Besant Road - Sector 7,G South,C200,Metro Asphalt Pvt Ltd 200,2024-01-15,2025-01-14,72,Ongoing
CT1667,R1667,Linking Road - Sector 22,H West,C018,Apex Roads Pvt Ltd 18,2024-09-14,2025-09-14,24,Ongoing
CT1668,R1668,Hospital Road - Sector 40,C,C071,Shiv Shakti Pvt Ltd 71,2024-12-22,2025-12-22,72,Ongoing
CT1669,R1669,Station Road - Sector 38,R Central,C206,Shiv Shakti Pvt Ltd 206,2024-10-01,2025-10-01,72,Pending
CT1670,R1670,Linking Road - Sector 25,B,C013,Prime Infra Pvt Ltd 13,2024-05-09,2025-05-09,72,Completed
CT1671,R1671,Linking Road - Sector 29,E,C179,Metro Asphalt Pvt Ltd 179,2024-09-21,2025-09-21,48,Completed
CT1672,R1672,Metro Road - Sector 28,R North,C231,Prime Infra Pvt Ltd 231,2024-08-19,2025-08-19,48,Completed
CT1673,R1673,Linking Road - Sector 36,R South,C011,Skyline Roads Pvt Ltd 11,2024-05-28,2025-05-28,72,Ongoing
CT1674,R1674,Palm Beach Road - Sector 7,K West,C110,Skyline Roads Pvt Ltd 110,2024-02-26,2025-02-25,72,Completed
CT1675,R1675,Hospital Road - Sector 40,G North,C248,Shiv Shakti Pvt Ltd 248,2024-02-09,2025-02-08,24,Ongoing
CT1676,R1676,Station Road - Sector 28,K West,C125,RoadBuild Pvt Ltd 125,2024-05-07,2025-05-07,24,Ongoing
CT1677,R1677,Metro Road - Sector 2,H West,C199,Skyline Roads Pvt Ltd 199,2024-11-30,2025-11-30,24,Ongoing
CT1678,R1678,Hospital Road - Sector 13,H West,C012,Urban Concrete Pvt Ltd 12,2024-06-03,2025-06-03,24,Completed
CT1679,R1679,Hospital Road - Sector 5,A,C088,Shiv Shakti Pvt Ltd 88,2024-12-15,2025-12-15,72,Ongoing
CT1680,R1680,S.V. Road - Sector 33,P South,C059,Prime Infra Pvt Ltd 59,2024-12-31,2025-12-31,48,Pending
CT1681,R1681,Station Road - Sector 40,L,C243,Metro Asphalt Pvt Ltd 243,2024-02-29,2025-02-28,24,Completed
CT1682,R1682,S.V. Road - Sector 3,G North,C036,Prime Infra Pvt Ltd 36,2024-03-08,2025-03-08,72,Pending
CT1683,R1683,Hospital Road - Sector 28,H East,C145,Urban Concrete Pvt Ltd 145,2024-01-13,2025-01-12,48,Ongoing
CT1684,R1684,Hospital Road - Sector 35,H East,C094,Western Civil Pvt Ltd 94,2024-12-23,2025-12-23,48,Completed
CT1685,R1685,Marine Drive - Sector 39,M West,C182,City Build Pvt Ltd 182,2024-09-25,2025-09-25,72,Ongoing
CT1686,R1686,Linking Road - Sector 34,K East,C163,City Build Pvt Ltd 163,2024-10-05,2025-10-05,24,Ongoing
CT1687,R1687,Dr Annie Besant Road - Sector 33,B,C122,Urban Concrete Pvt Ltd 122,2024-01-18,2025-01-17,48,Ongoing
CT1688,R1688,Veer Savarkar Road - Sector 13,L,C143,Urban Concrete Pvt Ltd 143,2024-12-25,2025-12-25,48,Completed
CT1689,R1689,Veer Savarkar Road - Sector 13,C,C017,Urban Concrete Pvt Ltd 17,2024-02-14,2025-02-13,48,Pending
CT1690,R1690,Station Road - Sector 39,S,C092,Prime Infra Pvt Ltd 92,2024-08-31,2025-08-31,48,Pending
CT1691,R1691,Hospital Road - Sector 22,P South,C236,Prime Infra Pvt Ltd 236,2024-05-04,2025-05-04,24,Completed
CT1692,R1692,Veer Savarkar Road - Sector 11,L,C007,Prime Infra Pvt Ltd 7,2024-03-23,2025-03-23,24,Pending
CT1693,R1693,Station Road - Sector 15,B,C048,Skyline Roads Pvt Ltd 48,2024-12-06,2025-12-06,24,Ongoing
CT1694,R1694,Dr Annie Besant Road - Sector 30,S,C169,Prime Infra Pvt Ltd 169,2024-10-06,2025-10-06,48,Pending
CT1695,R1695,Station Road - Sector 22,G North,C068,Urban Concrete Pvt Ltd 68,2024-09-01,2025-09-01,24,Pending
CT1696,R1696,Palm Beach Road - Sector 12,F South,C048,Skyline Roads Pvt Ltd 48,2024-10-25,2025-10-25,48,Completed
CT1697,R1697,LBS Marg - Sector 23,A,C144,Prime Infra Pvt Ltd 144,2024-01-21,2025-01-20,24,Completed
CT1698,R1698,S.V. Road - Sector 19,D,C038,Western Civil Pvt Ltd 38,2024-06-02,2025-06-02,24,Pending
CT1699,R1699,Hospital Road - Sector 24,R Central,C180,Urban Concrete Pvt Ltd 180,2024-07-19,2025-07-19,24,Ongoing
CT1700,R1700,Dr Annie Besant Road - Sector 19,F South,C016,Prime Infra Pvt Ltd 16,2024-09-18,2025-09-18,24,Completed
CT1701,R1701,S.V. Road - Sector 22,G South,C135,Skyline Roads Pvt Ltd 135,2024-12-06,2025-12-06,48,Pending
CT1702,R1702,Dr Annie Besant Road - Sector 2,F North,C136,Apex Roads Pvt Ltd 136,2024-01-05,2025-01-04,48,Completed
CT1703,R1703,Linking Road - Sector 9,D,C082,City Build Pvt Ltd 82,2024-05-04,2025-05-04,48,Completed
CT1704,R1704,Dr Annie Besant Road - Sector 20,H West,C049,RoadBuild Pvt Ltd 49,2024-12-05,2025-12-05,48,Ongoing
CT1705,R1705,Veer Savarkar Road - Sector 11,K East,C123,Shiv Shakti Pvt Ltd 123,2024-04-19,2025-04-19,24,Completed
CT1706,R1706,LBS Marg - Sector 8,S,C100,City Build Pvt Ltd 100,2024-10-10,2025-10-10,72,Pending
CT1707,R1707,Dr Annie Besant Road - Sector 35,F South,C139,City Build Pvt Ltd 139,2024-02-06,2025-02-05,24,Pending
CT1708,R1708,Hospital Road - Sector 28,H West,C033,Shiv Shakti Pvt Ltd 33,2024-09-18,2025-09-18,24,Completed
CT1709,R1709,Hospital Road - Sector 38,B,C123,Shiv Shakti Pvt Ltd 123,2024-09-19,2025-09-19,24,Pending
CT1710,R1710,S.V. Road - Sector 21,H East,C043,Western Civil Pvt Ltd 43,2024-05-06,2025-05-06,72,Ongoing
CT1711,R1711,Marine Drive - Sector 9,R Central,C215,Urban Concrete Pvt Ltd 215,2024-11-16,2025-11-16,48,Completed
CT1712,R1712,LBS Marg - Sector 31,F South,C212,RoadBuild Pvt Ltd 212,2024-05-14,2025-05-14,48,Completed
CT1713,R1713,Market Road - Sector 25,F North,C193,Shiv Shakti Pvt Ltd 193,2024-08-09,2025-08-09,24,Ongoing
CT1714,R1714,Station Road - Sector 34,K East,C200,Metro Asphalt Pvt Ltd 200,2024-07-21,2025-07-21,24,Completed
CT1715,R1715,Veer Savarkar Road - Sector 34,H West,C172,Shiv Shakti Pvt Ltd 172,2024-07-10,2025-07-10,48,Ongoing
CT1716,R1716,Station Road - Sector 31,S,C156,Metro Asphalt Pvt Ltd 156,2024-04-25,2025-04-25,72,Completed
CT1717,R1717,Hospital Road - Sector 3,R Central,C123,Shiv Shakti Pvt Ltd 123,2024-11-10,2025-11-10,72,Ongoing
CT1718,R1718,Station Road - Sector 16,F South,C166,Urban Concrete Pvt Ltd 166,2024-11-21,2025-11-21,24,Completed
CT1719,R1719,Palm Beach Road - Sector 25,H East,C154,Western Civil Pvt Ltd 154,2024-09-23,2025-09-23,48,Ongoing
CT1720,R1720,Marine Drive - Sector 36,K East,C198,RoadBuild Pvt Ltd 198,2024-02-08,2025-02-07,48,Pending
CT1721,R1721,Marine Drive - Sector 29,C,C008,Prime Infra Pvt Ltd 8,2024-08-01,2025-08-01,24,Pending
CT1722,R1722,Hospital Road - Sector 3,G North,C022,Metro Asphalt Pvt Ltd 22,2024-12-26,2025-12-26,24,Pending
CT1723,R1723,Veer Savarkar Road - Sector 28,R North,C011,Skyline Roads Pvt Ltd 11,2024-07-08,2025-07-08,48,Ongoing
CT1724,R1724,Palm Beach Road - Sector 24,L,C072,Prime Infra Pvt Ltd 72,2024-08-25,2025-08-25,72,Ongoing
CT1725,R1725,Palm Beach Road - Sector 2,G South,C078,Prime Infra Pvt Ltd 78,2024-10-01,2025-10-01,72,Ongoing
CT1726,R1726,Marine Drive - Sector 5,G North,C236,Prime Infra Pvt Ltd 236,2024-06-06,2025-06-06,48,Pending
CT1727,R1727,Market Road - Sector 33,H East,C125,RoadBuild Pvt Ltd 125,2024-07-16,2025-07-16,72,Pending
CT1728,R1728,Dr Annie Besant Road - Sector 7,G South,C178,Western Civil Pvt Ltd 178,2024-10-13,2025-10-13,72,Pending
CT1729,R1729,Linking Road - Sector 35,K East,C154,Western Civil Pvt Ltd 154,2024-12-04,2025-12-04,72,Completed
CT1730,R1730,Metro Road - Sector 22,F South,C121,Urban Concrete Pvt Ltd 121,2024-06-21,2025-06-21,24,Pending
CT1731,R1731,Metro Road - Sector 18,T,C126,City Build Pvt Ltd 126,2024-06-24,2025-06-24,72,Pending
CT1732,R1732,Market Road - Sector 17,S,C158,Apex Roads Pvt Ltd 158,2024-11-19,2025-11-19,24,Ongoing
CT1733,R1733,Veer Savarkar Road - Sector 26,H East,C162,Western Civil Pvt Ltd 162,2024-05-17,2025-05-17,48,Ongoing
CT1734,R1734,Metro Road - Sector 33,M West,C153,Shiv Shakti Pvt Ltd 153,2024-09-19,2025-09-19,24,Ongoing
CT1735,R1735,Dr Annie Besant Road - Sector 14,G North,C238,Prime Infra Pvt Ltd 238,2024-06-14,2025-06-14,24,Pending
CT1736,R1736,Hospital Road - Sector 36,N,C049,RoadBuild Pvt Ltd 49,2024-06-27,2025-06-27,48,Completed
CT1737,R1737,LBS Marg - Sector 21,H West,C212,RoadBuild Pvt Ltd 212,2024-06-20,2025-06-20,72,Pending
CT1738,R1738,Palm Beach Road - Sector 14,S,C106,City Build Pvt Ltd 106,2024-05-22,2025-05-22,48,Pending
CT1739,R1739,Linking Road - Sector 24,P North,C109,Shiv Shakti Pvt Ltd 109,2024-12-08,2025-12-08,72,Completed
CT1740,R1740,Linking Road - Sector 32,H East,C197,Metro Asphalt Pvt Ltd 197,2024-11-09,2025-11-09,24,Pending
CT1741,R1741,Dr Annie Besant Road - Sector 27,H West,C076,RoadBuild Pvt Ltd 76,2024-04-07,2025-04-07,72,Pending
CT1742,R1742,Market Road - Sector 20,S,C093,Skyline Roads Pvt Ltd 93,2024-12-30,2025-12-30,72,Pending
CT1743,R1743,Linking Road - Sector 9,P South,C083,RoadBuild Pvt Ltd 83,2024-04-14,2025-04-14,48,Pending
CT1744,R1744,Metro Road - Sector 39,P South,C134,Urban Concrete Pvt Ltd 134,2024-03-29,2025-03-29,24,Pending
CT1745,R1745,Dr Annie Besant Road - Sector 26,K West,C186,City Build Pvt Ltd 186,2024-05-29,2025-05-29,72,Completed
CT1746,R1746,Dr Annie Besant Road - Sector 31,K West,C053,City Build Pvt Ltd 53,2024-11-02,2025-11-02,72,Ongoing
CT1747,R1747,Station Road - Sector 20,P South,C047,Western Civil Pvt Ltd 47,2024-11-27,2025-11-27,48,Ongoing
CT1748,R1748,Metro Road - Sector 36,D,C063,City Build Pvt Ltd 63,2024-07-19,2025-07-19,48,Pending
CT1749,R1749,Hospital Road - Sector 32,S,C070,Metro Asphalt Pvt Ltd 70,2024-10-17,2025-10-17,48,Pending
CT1750,R1750,LBS Marg - Sector 25,F South,C088,Shiv Shakti Pvt Ltd 88,2024-03-15,2025-03-15,48,Pending
CT1751,R1751,Marine Drive - Sector 34,G North,C019,Urban Concrete Pvt Ltd 19,2024-05-09,2025-05-09,24,Ongoing
CT1752,R1752,Veer Savarkar Road - Sector 34,B,C209,Apex Roads Pvt Ltd 209,2024-10-08,2025-10-08,48,Completed
CT1753,R1753,Palm Beach Road - Sector 26,H West,C018,Apex Roads Pvt Ltd 18,2024-04-06,2025-04-06,48,Ongoing
CT1754,R1754,Market Road - Sector 27,E,C117,Apex Roads Pvt Ltd 117,2024-10-08,2025-10-08,72,Ongoing
CT1755,R1755,Dr Annie Besant Road - Sector 9,K West,C131,Urban Concrete Pvt Ltd 131,2024-10-17,2025-10-17,48,Completed
CT1756,R1756,Metro Road - Sector 31,L,C069,Shiv Shakti Pvt Ltd 69,2024-01-27,2025-01-26,48,Pending
CT1757,R1757,Dr Annie Besant Road - Sector 33,P South,C126,City Build Pvt Ltd 126,2024-10-31,2025-10-31,24,Ongoing
CT1758,R1758,Dr Annie Besant Road - Sector 1,G South,C112,Metro Asphalt Pvt Ltd 112,2024-07-17,2025-07-17,48,Completed
CT1759,R1759,Palm Beach Road - Sector 39,C,C036,Prime Infra Pvt Ltd 36,2024-04-02,2025-04-02,24,Ongoing
CT1760,R1760,Hospital Road - Sector 32,H West,C195,Western Civil Pvt Ltd 195,2024-01-28,2025-01-27,24,Completed
CT1761,R1761,Linking Road - Sector 6,P South,C072,Prime Infra Pvt Ltd 72,2024-02-25,2025-02-24,72,Pending
CT1762,R1762,Marine Drive - Sector 26,K East,C069,Shiv Shakti Pvt Ltd 69,2024-03-06,2025-03-06,24,Pending
CT1763,R1763,Dr Annie Besant Road - Sector 12,L,C176,Apex Roads Pvt Ltd 176,2024-08-04,2025-08-04,24,Completed
CT1764,R1764,Palm Beach Road - Sector 12,M East,C229,Shiv Shakti Pvt Ltd 229,2024-12-04,2025-12-04,72,Completed
CT1765,R1765,Linking Road - Sector 16,K West,C003,Shiv Shakti Pvt Ltd 3,2024-02-27,2025-02-26,48,Pending
CT1766,R1766,Market Road - Sector 19,R Central,C185,Apex Roads Pvt Ltd 185,2024-05-21,2025-05-21,48,Ongoing
CT1767,R1767,Dr Annie Besant Road - Sector 32,S,C062,City Build Pvt Ltd 62,2024-04-28,2025-04-28,24,Pending
CT1768,R1768,Veer Savarkar Road - Sector 5,D,C155,Western Civil Pvt Ltd 155,2024-10-19,2025-10-19,48,Pending
CT1769,R1769,Palm Beach Road - Sector 29,H West,C091,Apex Roads Pvt Ltd 91,2024-05-01,2025-05-01,24,Completed
CT1770,R1770,Market Road - Sector 3,F South,C142,Skyline Roads Pvt Ltd 142,2024-10-26,2025-10-26,48,Completed
CT1771,R1771,Metro Road - Sector 30,C,C044,Skyline Roads Pvt Ltd 44,2024-07-15,2025-07-15,24,Pending
CT1772,R1772,Palm Beach Road - Sector 13,T,C158,Apex Roads Pvt Ltd 158,2024-01-09,2025-01-08,24,Completed
CT1773,R1773,Marine Drive - Sector 8,A,C147,Urban Concrete Pvt Ltd 147,2024-11-10,2025-11-10,48,Ongoing
CT1774,R1774,Metro Road - Sector 30,H West,C032,Apex Roads Pvt Ltd 32,2024-02-18,2025-02-17,24,Ongoing
CT1775,R1775,LBS Marg - Sector 36,C,C057,Urban Concrete Pvt Ltd 57,2024-05-03,2025-05-03,48,Pending
CT1776,R1776,Station Road - Sector 9,S,C043,Western Civil Pvt Ltd 43,2024-03-29,2025-03-29,24,Ongoing
CT1777,R1777,S.V. Road - Sector 2,F North,C028,Prime Infra Pvt Ltd 28,2024-01-02,2025-01-01,24,Pending
CT1778,R1778,Marine Drive - Sector 8,F North,C079,City Build Pvt Ltd 79,2024-08-10,2025-08-10,72,Pending
CT1779,R1779,LBS Marg - Sector 1,F North,C218,Urban Concrete Pvt Ltd 218,2024-07-16,2025-07-16,48,Completed
CT1780,R1780,Station Road - Sector 23,E,C060,City Build Pvt Ltd 60,2024-02-21,2025-02-20,24,Ongoing
CT1781,R1781,Linking Road - Sector 35,S,C183,Prime Infra Pvt Ltd 183,2024-08-15,2025-08-15,48,Completed
CT1782,R1782,Linking Road - Sector 34,S,C190,Prime Infra Pvt Ltd 190,2024-07-15,2025-07-15,72,Ongoing
CT1783,R1783,Marine Drive - Sector 29,K West,C006,Metro Asphalt Pvt Ltd 6,2024-10-04,2025-10-04,48,Completed
CT1784,R1784,Palm Beach Road - Sector 13,B,C226,Western Civil Pvt Ltd 226,2024-12-10,2025-12-10,48,Ongoing
CT1785,R1785,Dr Annie Besant Road - Sector 6,G North,C203,City Build Pvt Ltd 203,2024-09-25,2025-09-25,48,Ongoing
CT1786,R1786,Linking Road - Sector 22,A,C006,Metro Asphalt Pvt Ltd 6,2024-09-12,2025-09-12,72,Pending
CT1787,R1787,LBS Marg - Sector 11,G North,C100,City Build Pvt Ltd 100,2024-08-14,2025-08-14,72,Completed
CT1788,R1788,Palm Beach Road - Sector 33,B,C096,RoadBuild Pvt Ltd 96,2024-03-14,2025-03-14,72,Completed
CT1789,R1789,Market Road - Sector 13,H West,C154,Western Civil Pvt Ltd 154,2024-12-23,2025-12-23,72,Ongoing
CT1790,R1790,Palm Beach Road - Sector 28,P North,C044,Skyline Roads Pvt Ltd 44,2024-07-25,2025-07-25,24,Completed
CT1791,R1791,LBS Marg - Sector 23,F South,C081,Western Civil Pvt Ltd 81,2024-06-29,2025-06-29,48,Ongoing
CT1792,R1792,Palm Beach Road - Sector 21,A,C064,Urban Concrete Pvt Ltd 64,2024-05-28,2025-05-28,24,Ongoing
CT1793,R1793,Station Road - Sector 15,F South,C154,Western Civil Pvt Ltd 154,2024-08-28,2025-08-28,24,Pending
CT1794,R1794,Hospital Road - Sector 24,R Central,C240,Apex Roads Pvt Ltd 240,2024-10-15,2025-10-15,24,Pending
CT1795,R1795,Palm Beach Road - Sector 20,F South,C179,Metro Asphalt Pvt Ltd 179,2024-02-03,2025-02-02,48,Pending
CT1796,R1796,Market Road - Sector 37,D,C205,Urban Concrete Pvt Ltd 205,2024-01-12,2025-01-11,48,Pending
CT1797,R1797,Hospital Road - Sector 21,D,C089,City Build Pvt Ltd 89,2024-07-03,2025-07-03,48,Completed
CT1798,R1798,S.V. Road - Sector 22,R South,C126,City Build Pvt Ltd 126,2024-08-11,2025-08-11,72,Ongoing
CT1799,R1799,Station Road - Sector 5,R South,C233,Metro Asphalt Pvt Ltd 233,2024-08-05,2025-08-05,24,Ongoing
CT1800,R1800,Hospital Road - Sector 29,R North,C066,Urban Concrete Pvt Ltd 66,2024-06-27,2025-06-27,24,Ongoing
CT1801,R1801,Dr Annie Besant Road - Sector 33,R Central,C094,Western Civil Pvt Ltd 94,2024-05-13,2025-05-13,48,Completed
CT1802,R1802,Linking Road - Sector 40,G North,C044,Skyline Roads Pvt Ltd 44,2024-04-22,2025-04-22,72,Pending
CT1803,R1803,Palm Beach Road - Sector 16,G North,C133,Skyline Roads Pvt Ltd 133,2024-11-02,2025-11-02,72,Completed
CT1804,R1804,S.V. Road - Sector 24,B,C217,Shiv Shakti Pvt Ltd 217,2024-01-19,2025-01-18,48,Ongoing
CT1805,R1805,S.V. Road - Sector 25,F South,C013,Prime Infra Pvt Ltd 13,2024-04-27,2025-04-27,24,Pending
CT1806,R1806,Hospital Road - Sector 29,G North,C235,RoadBuild Pvt Ltd 235,2024-03-22,2025-03-22,24,Pending
CT1807,R1807,Marine Drive - Sector 21,E,C179,Metro Asphalt Pvt Ltd 179,2024-10-10,2025-10-10,24,Ongoing
CT1808,R1808,Palm Beach Road - Sector 19,N,C021,City Build Pvt Ltd 21,2024-09-25,2025-09-25,48,Ongoing
CT1809,R1809,Veer Savarkar Road - Sector 22,T,C039,Skyline Roads Pvt Ltd 39,2024-05-30,2025-05-30,24,Ongoing
CT1810,R1810,Linking Road - Sector 16,P North,C072,Prime Infra Pvt Ltd 72,2024-04-05,2025-04-05,24,Ongoing
CT1811,R1811,Palm Beach Road - Sector 34,R North,C080,Western Civil Pvt Ltd 80,2024-03-26,2025-03-26,72,Completed
CT1812,R1812,Metro Road - Sector 1,M East,C060,City Build Pvt Ltd 60,2024-02-17,2025-02-16,72,Completed
CT1813,R1813,Dr Annie Besant Road - Sector 4,C,C147,Urban Concrete Pvt Ltd 147,2024-12-01,2025-12-01,72,Completed
CT1814,R1814,S.V. Road - Sector 6,F South,C074,Metro Asphalt Pvt Ltd 74,2024-10-07,2025-10-07,48,Ongoing
CT1815,R1815,Dr Annie Besant Road - Sector 33,F South,C230,Skyline Roads Pvt Ltd 230,2024-03-26,2025-03-26,24,Completed
CT1816,R1816,Station Road - Sector 20,T,C207,Urban Concrete Pvt Ltd 207,2024-04-10,2025-04-10,72,Pending
CT1817,R1817,Palm Beach Road - Sector 12,G North,C020,Shiv Shakti Pvt Ltd 20,2024-02-04,2025-02-03,24,Ongoing
CT1818,R1818,Marine Drive - Sector 37,H East,C210,Skyline Roads Pvt Ltd 210,2024-04-01,2025-04-01,72,Completed
CT1819,R1819,Station Road - Sector 6,G South,C200,Metro Asphalt Pvt Ltd 200,2024-08-24,2025-08-24,72,Ongoing
CT1820,R1820,S.V. Road - Sector 31,K West,C186,City Build Pvt Ltd 186,2024-04-01,2025-04-01,24,Pending
CT1821,R1821,Hospital Road - Sector 28,N,C239,Skyline Roads Pvt Ltd 239,2024-04-05,2025-04-05,24,Completed
CT1822,R1822,Palm Beach Road - Sector 28,A,C084,Skyline Roads Pvt Ltd 84,2024-03-28,2025-03-28,48,Pending
CT1823,R1823,Market Road - Sector 10,R North,C209,Apex Roads Pvt Ltd 209,2024-01-11,2025-01-10,72,Pending
CT1824,R1824,Palm Beach Road - Sector 30,G South,C230,Skyline Roads Pvt Ltd 230,2024-01-30,2025-01-29,48,Completed
CT1825,R1825,Palm Beach Road - Sector 36,H East,C043,Western Civil Pvt Ltd 43,2024-01-25,2025-01-24,48,Completed
CT1826,R1826,Veer Savarkar Road - Sector 9,C,C217,Shiv Shakti Pvt Ltd 217,2024-03-08,2025-03-08,24,Pending
CT1827,R1827,S.V. Road - Sector 13,F South,C214,Metro Asphalt Pvt Ltd 214,2024-07-07,2025-07-07,72,Ongoing
CT1828,R1828,Veer Savarkar Road - Sector 32,N,C119,Skyline Roads Pvt Ltd 119,2024-05-05,2025-05-05,48,Completed
CT1829,R1829,Veer Savarkar Road - Sector 25,K West,C182,City Build Pvt Ltd 182,2024-02-26,2025-02-25,72,Completed
CT1830,R1830,Hospital Road - Sector 5,R Central,C042,Shiv Shakti Pvt Ltd 42,2024-11-23,2025-11-23,72,Completed
CT1831,R1831,Palm Beach Road - Sector 37,D,C018,Apex Roads Pvt Ltd 18,2024-07-12,2025-07-12,24,Completed
CT1832,R1832,Marine Drive - Sector 23,L,C074,Metro Asphalt Pvt Ltd 74,2024-08-23,2025-08-23,72,Ongoing
CT1833,R1833,Veer Savarkar Road - Sector 4,R Central,C174,Apex Roads Pvt Ltd 174,2024-07-21,2025-07-21,72,Pending
CT1834,R1834,Dr Annie Besant Road - Sector 16,L,C186,City Build Pvt Ltd 186,2024-07-25,2025-07-25,72,Ongoing
CT1835,R1835,Metro Road - Sector 2,K East,C247,Prime Infra Pvt Ltd 247,2024-11-27,2025-11-27,72,Ongoing
CT1836,R1836,Hospital Road - Sector 30,G South,C202,Urban Concrete Pvt Ltd 202,2024-11-06,2025-11-06,72,Pending
CT1837,R1837,Dr Annie Besant Road - Sector 39,G South,C215,Urban Concrete Pvt Ltd 215,2024-07-26,2025-07-26,48,Pending
CT1838,R1838,LBS Marg - Sector 6,A,C240,Apex Roads Pvt Ltd 240,2024-07-27,2025-07-27,24,Pending
CT1839,R1839,Hospital Road - Sector 6,K West,C220,Skyline Roads Pvt Ltd 220,2024-09-12,2025-09-12,24,Completed
CT1840,R1840,S.V. Road - Sector 28,L,C053,City Build Pvt Ltd 53,2024-02-07,2025-02-06,72,Ongoing
CT1841,R1841,Market Road - Sector 25,N,C216,Prime Infra Pvt Ltd 216,2024-06-01,2025-06-01,24,Pending
CT1842,R1842,Palm Beach Road - Sector 6,T,C232,City Build Pvt Ltd 232,2024-07-30,2025-07-30,48,Ongoing
CT1843,R1843,Marine Drive - Sector 14,E,C077,Urban Concrete Pvt Ltd 77,2024-07-10,2025-07-10,24,Ongoing
CT1844,R1844,Marine Drive - Sector 1,S,C125,RoadBuild Pvt Ltd 125,2024-04-11,2025-04-11,24,Completed
CT1845,R1845,LBS Marg - Sector 5,A,C112,Metro Asphalt Pvt Ltd 112,2024-11-22,2025-11-22,24,Ongoing
CT1846,R1846,Palm Beach Road - Sector 19,N,C222,Urban Concrete Pvt Ltd 222,2024-10-29,2025-10-29,72,Completed
CT1847,R1847,S.V. Road - Sector 24,F North,C167,Apex Roads Pvt Ltd 167,2024-06-03,2025-06-03,48,Completed
CT1848,R1848,Station Road - Sector 12,F South,C037,Skyline Roads Pvt Ltd 37,2024-01-09,2025-01-08,24,Ongoing
CT1849,R1849,Hospital Road - Sector 14,M East,C065,Urban Concrete Pvt Ltd 65,2024-09-06,2025-09-06,48,Ongoing
CT1850,R1850,S.V. Road - Sector 13,B,C183,Prime Infra Pvt Ltd 183,2024-08-26,2025-08-26,48,Completed
CT1851,R1851,Metro Road - Sector 40,M East,C119,Skyline Roads Pvt Ltd 119,2024-03-07,2025-03-07,48,Completed
CT1852,R1852,Marine Drive - Sector 6,C,C063,City Build Pvt Ltd 63,2024-03-15,2025-03-15,72,Completed
CT1853,R1853,LBS Marg - Sector 22,G South,C076,RoadBuild Pvt Ltd 76,2024-07-10,2025-07-10,24,Ongoing
CT1854,R1854,Station Road - Sector 7,M West,C120,Metro Asphalt Pvt Ltd 120,2024-07-16,2025-07-16,72,Ongoing
CT1855,R1855,Linking Road - Sector 38,G South,C020,Shiv Shakti Pvt Ltd 20,2024-11-02,2025-11-02,48,Ongoing
CT1856,R1856,Market Road - Sector 1,F South,C211,Western Civil Pvt Ltd 211,2024-09-19,2025-09-19,72,Ongoing
CT1857,R1857,Station Road - Sector 31,G South,C011,Skyline Roads Pvt Ltd 11,2024-09-02,2025-09-02,24,Ongoing
CT1858,R1858,Veer Savarkar Road - Sector 22,H West,C085,Prime Infra Pvt Ltd 85,2024-04-09,2025-04-09,48,Pending
CT1859,R1859,Metro Road - Sector 26,K East,C043,Western Civil Pvt Ltd 43,2024-01-06,2025-01-05,24,Completed
CT1860,R1860,Veer Savarkar Road - Sector 7,K East,C191,Apex Roads Pvt Ltd 191,2024-12-30,2025-12-30,72,Ongoing
CT1861,R1861,Palm Beach Road - Sector 9,S,C016,Prime Infra Pvt Ltd 16,2024-01-13,2025-01-12,72,Completed
CT1862,R1862,Marine Drive - Sector 16,N,C162,Western Civil Pvt Ltd 162,2024-09-23,2025-09-23,48,Completed
CT1863,R1863,Metro Road - Sector 31,R North,C115,Urban Concrete Pvt Ltd 115,2024-07-25,2025-07-25,48,Pending
CT1864,R1864,Dr Annie Besant Road - Sector 1,R South,C118,Skyline Roads Pvt Ltd 118,2024-06-26,2025-06-26,72,Ongoing
CT1865,R1865,Metro Road - Sector 24,A,C073,City Build Pvt Ltd 73,2024-07-07,2025-07-07,24,Pending
CT1866,R1866,Station Road - Sector 15,R South,C150,Metro Asphalt Pvt Ltd 150,2024-03-04,2025-03-04,48,Ongoing
CT1867,R1867,Hospital Road - Sector 6,K West,C111,RoadBuild Pvt Ltd 111,2024-09-20,2025-09-20,24,Pending
CT1868,R1868,Metro Road - Sector 7,M West,C200,Metro Asphalt Pvt Ltd 200,2024-10-07,2025-10-07,72,Pending
CT1869,R1869,Hospital Road - Sector 13,H East,C145,Urban Concrete Pvt Ltd 145,2024-09-16,2025-09-16,24,Completed
CT1870,R1870,Hospital Road - Sector 33,N,C239,Skyline Roads Pvt Ltd 239,2024-07-12,2025-07-12,48,Pending
CT1871,R1871,LBS Marg - Sector 20,M West,C183,Prime Infra Pvt Ltd 183,2024-08-13,2025-08-13,72,Pending
CT1872,R1872,S.V. Road - Sector 29,M East,C163,City Build Pvt Ltd 163,2024-05-16,2025-05-16,24,Completed
CT1873,R1873,Market Road - Sector 16,R South,C196,Western Civil Pvt Ltd 196,2024-04-10,2025-04-10,24,Pending
CT1874,R1874,Metro Road - Sector 6,F North,C099,Prime Infra Pvt Ltd 99,2024-05-21,2025-05-21,48,Completed
CT1875,R1875,Linking Road - Sector 11,S,C011,Skyline Roads Pvt Ltd 11,2024-01-23,2025-01-22,48,Completed
CT1876,R1876,Dr Annie Besant Road - Sector 17,G South,C245,City Build Pvt Ltd 245,2024-03-09,2025-03-09,24,Ongoing
CT1877,R1877,LBS Marg - Sector 9,R South,C146,Metro Asphalt Pvt Ltd 146,2024-04-09,2025-04-09,48,Completed
CT1878,R1878,Veer Savarkar Road - Sector 15,C,C110,Skyline Roads Pvt Ltd 110,2024-10-07,2025-10-07,72,Ongoing
CT1879,R1879,Veer Savarkar Road - Sector 25,R Central,C235,RoadBuild Pvt Ltd 235,2024-04-17,2025-04-17,24,Completed
CT1880,R1880,Metro Road - Sector 36,R Central,C042,Shiv Shakti Pvt Ltd 42,2024-01-20,2025-01-19,48,Pending
CT1881,R1881,Marine Drive - Sector 8,G North,C124,Skyline Roads Pvt Ltd 124,2024-02-03,2025-02-02,24,Ongoing
CT1882,R1882,LBS Marg - Sector 22,D,C235,RoadBuild Pvt Ltd 235,2024-03-25,2025-03-25,72,Ongoing
CT1883,R1883,LBS Marg - Sector 37,T,C030,Skyline Roads Pvt Ltd 30,2024-02-10,2025-02-09,72,Ongoing
CT1884,R1884,Palm Beach Road - Sector 37,H West,C208,RoadBuild Pvt Ltd 208,2024-06-24,2025-06-24,72,Pending
CT1885,R1885,Linking Road - Sector 38,H East,C096,RoadBuild Pvt Ltd 96,2024-08-28,2025-08-28,48,Pending
CT1886,R1886,Palm Beach Road - Sector 21,K West,C143,Urban Concrete Pvt Ltd 143,2024-10-07,2025-10-07,72,Ongoing
CT1887,R1887,Metro Road - Sector 39,N,C162,Western Civil Pvt Ltd 162,2024-12-06,2025-12-06,48,Pending
CT1888,R1888,Palm Beach Road - Sector 1,D,C040,Metro Asphalt Pvt Ltd 40,2024-12-07,2025-12-07,72,Pending
CT1889,R1889,S.V. Road - Sector 19,H West,C151,Western Civil Pvt Ltd 151,2024-09-23,2025-09-23,72,Ongoing
CT1890,R1890,Station Road - Sector 10,R South,C207,Urban Concrete Pvt Ltd 207,2024-10-31,2025-10-31,24,Completed
CT1891,R1891,Metro Road - Sector 3,E,C209,Apex Roads Pvt Ltd 209,2024-01-12,2025-01-11,48,Ongoing
CT1892,R1892,Market Road - Sector 8,H East,C070,Metro Asphalt Pvt Ltd 70,2024-06-17,2025-06-17,72,Ongoing
CT1893,R1893,Dr Annie Besant Road - Sector 32,R Central,C128,Metro Asphalt Pvt Ltd 128,2024-07-26,2025-07-26,24,Pending
CT1894,R1894,Veer Savarkar Road - Sector 10,B,C077,Urban Concrete Pvt Ltd 77,2024-05-11,2025-05-11,24,Completed
CT1895,R1895,Dr Annie Besant Road - Sector 4,T,C143,Urban Concrete Pvt Ltd 143,2024-04-24,2025-04-24,24,Completed
CT1896,R1896,Palm Beach Road - Sector 20,T,C119,Skyline Roads Pvt Ltd 119,2024-03-19,2025-03-19,24,Pending
CT1897,R1897,Market Road - Sector 26,A,C139,City Build Pvt Ltd 139,2024-09-15,2025-09-15,48,Ongoing
CT1898,R1898,Station Road - Sector 23,R South,C191,Apex Roads Pvt Ltd 191,2024-07-23,2025-07-23,48,Pending
CT1899,R1899,Market Road - Sector 19,C,C085,Prime Infra Pvt Ltd 85,2024-06-02,2025-06-02,24,Completed
CT1900,R1900,Market Road - Sector 26,S,C042,Shiv Shakti Pvt Ltd 42,2024-11-15,2025-11-15,48,Pending
CT1901,R1901,Hospital Road - Sector 4,H West,C017,Urban Concrete Pvt Ltd 17,2024-06-09,2025-06-09,24,Ongoing
CT1902,R1902,Metro Road - Sector 11,M East,C104,Western Civil Pvt Ltd 104,2024-08-09,2025-08-09,24,Ongoing
CT1903,R1903,Station Road - Sector 19,M East,C122,Urban Concrete Pvt Ltd 122,2024-01-16,2025-01-15,48,Ongoing
CT1904,R1904,Dr Annie Besant Road - Sector 1,F South,C031,Apex Roads Pvt Ltd 31,2024-06-06,2025-06-06,24,Ongoing
CT1905,R1905,S.V. Road - Sector 25,R South,C226,Western Civil Pvt Ltd 226,2024-09-08,2025-09-08,48,Pending
CT1906,R1906,LBS Marg - Sector 23,B,C055,Western Civil Pvt Ltd 55,2024-07-26,2025-07-26,48,Completed
CT1907,R1907,LBS Marg - Sector 33,B,C074,Metro Asphalt Pvt Ltd 74,2024-05-04,2025-05-04,72,Completed
CT1908,R1908,Palm Beach Road - Sector 10,P South,C087,Urban Concrete Pvt Ltd 87,2024-03-22,2025-03-22,72,Ongoing
CT1909,R1909,Linking Road - Sector 8,G North,C152,Shiv Shakti Pvt Ltd 152,2024-07-11,2025-07-11,24,Completed
CT1910,R1910,Marine Drive - Sector 39,M West,C022,Metro Asphalt Pvt Ltd 22,2024-02-12,2025-02-11,72,Completed
CT1911,R1911,Metro Road - Sector 6,S,C039,Skyline Roads Pvt Ltd 39,2024-10-03,2025-10-03,48,Ongoing
CT1912,R1912,Metro Road - Sector 29,G South,C230,Skyline Roads Pvt Ltd 230,2024-02-17,2025-02-16,72,Pending
CT1913,R1913,LBS Marg - Sector 6,D,C039,Skyline Roads Pvt Ltd 39,2024-01-27,2025-01-26,24,Ongoing
CT1914,R1914,Metro Road - Sector 33,R Central,C046,Apex Roads Pvt Ltd 46,2024-01-17,2025-01-16,24,Ongoing
CT1915,R1915,Hospital Road - Sector 37,P South,C216,Prime Infra Pvt Ltd 216,2024-07-06,2025-07-06,72,Pending
CT1916,R1916,LBS Marg - Sector 38,S,C236,Prime Infra Pvt Ltd 236,2024-12-24,2025-12-24,48,Pending
CT1917,R1917,Metro Road - Sector 28,M West,C147,Urban Concrete Pvt Ltd 147,2024-02-14,2025-02-13,24,Completed
CT1918,R1918,Veer Savarkar Road - Sector 5,D,C229,Shiv Shakti Pvt Ltd 229,2024-06-07,2025-06-07,48,Completed
CT1919,R1919,Palm Beach Road - Sector 2,F North,C010,Prime Infra Pvt Ltd 10,2024-10-25,2025-10-25,24,Completed
CT1920,R1920,Market Road - Sector 32,P North,C158,Apex Roads Pvt Ltd 158,2024-01-01,2024-12-31,24,Completed
CT1921,R1921,Market Road - Sector 8,P South,C230,Skyline Roads Pvt Ltd 230,2024-07-19,2025-07-19,48,Completed
CT1922,R1922,Hospital Road - Sector 12,F North,C069,Shiv Shakti Pvt Ltd 69,2024-10-30,2025-10-30,48,Pending
CT1923,R1923,Veer Savarkar Road - Sector 8,M East,C215,Urban Concrete Pvt Ltd 215,2024-09-26,2025-09-26,24,Pending
CT1924,R1924,Dr Annie Besant Road - Sector 11,P South,C073,City Build Pvt Ltd 73,2024-03-11,2025-03-11,24,Ongoing
CT1925,R1925,LBS Marg - Sector 8,B,C156,Metro Asphalt Pvt Ltd 156,2024-05-13,2025-05-13,24,Pending
CT1926,R1926,Market Road - Sector 11,K East,C199,Skyline Roads Pvt Ltd 199,2024-12-24,2025-12-24,72,Completed
CT1927,R1927,Marine Drive - Sector 3,G North,C128,Metro Asphalt Pvt Ltd 128,2024-11-06,2025-11-06,24,Pending
CT1928,R1928,Market Road - Sector 29,R South,C073,City Build Pvt Ltd 73,2024-01-17,2025-01-16,48,Ongoing
CT1929,R1929,Veer Savarkar Road - Sector 34,S,C171,Apex Roads Pvt Ltd 171,2024-03-24,2025-03-24,72,Ongoing
CT1930,R1930,Dr Annie Besant Road - Sector 7,N,C208,RoadBuild Pvt Ltd 208,2024-08-19,2025-08-19,48,Pending
CT1931,R1931,Linking Road - Sector 13,G North,C079,City Build Pvt Ltd 79,2024-05-30,2025-05-30,72,Pending
CT1932,R1932,S.V. Road - Sector 39,F South,C209,Apex Roads Pvt Ltd 209,2024-07-24,2025-07-24,48,Completed
CT1933,R1933,Veer Savarkar Road - Sector 18,P South,C204,Urban Concrete Pvt Ltd 204,2024-06-07,2025-06-07,72,Ongoing
CT1934,R1934,Market Road - Sector 17,C,C054,Western Civil Pvt Ltd 54,2024-05-03,2025-05-03,48,Completed
CT1935,R1935,S.V. Road - Sector 26,R Central,C181,Apex Roads Pvt Ltd 181,2024-03-20,2025-03-20,24,Completed
CT1936,R1936,Metro Road - Sector 28,G South,C016,Prime Infra Pvt Ltd 16,2024-10-27,2025-10-27,24,Completed
CT1937,R1937,Dr Annie Besant Road - Sector 5,P North,C028,Prime Infra Pvt Ltd 28,2024-08-17,2025-08-17,24,Completed
CT1938,R1938,Metro Road - Sector 13,R Central,C186,City Build Pvt Ltd 186,2024-02-07,2025-02-06,48,Ongoing
CT1939,R1939,Metro Road - Sector 33,P South,C177,Metro Asphalt Pvt Ltd 177,2024-06-12,2025-06-12,72,Completed
CT1940,R1940,S.V. Road - Sector 21,L,C184,Urban Concrete Pvt Ltd 184,2024-09-03,2025-09-03,48,Ongoing
CT1941,R1941,Hospital Road - Sector 16,A,C032,Apex Roads Pvt Ltd 32,2024-11-25,2025-11-25,72,Pending
CT1942,R1942,Market Road - Sector 8,D,C142,Skyline Roads Pvt Ltd 142,2024-10-27,2025-10-27,48,Pending
CT1943,R1943,LBS Marg - Sector 22,L,C054,Western Civil Pvt Ltd 54,2024-08-30,2025-08-30,72,Completed
CT1944,R1944,Veer Savarkar Road - Sector 18,K East,C094,Western Civil Pvt Ltd 94,2024-03-21,2025-03-21,48,Completed
CT1945,R1945,Linking Road - Sector 7,G South,C089,City Build Pvt Ltd 89,2024-02-03,2025-02-02,24,Completed
CT1946,R1946,LBS Marg - Sector 8,K West,C216,Prime Infra Pvt Ltd 216,2024-05-09,2025-05-09,48,Completed
CT1947,R1947,Marine Drive - Sector 38,T,C209,Apex Roads Pvt Ltd 209,2024-09-11,2025-09-11,48,Pending
CT1948,R1948,Veer Savarkar Road - Sector 37,N,C248,Shiv Shakti Pvt Ltd 248,2024-07-22,2025-07-22,72,Ongoing
CT1949,R1949,Hospital Road - Sector 7,G South,C116,Prime Infra Pvt Ltd 116,2024-03-09,2025-03-09,48,Pending
CT1950,R1950,Palm Beach Road - Sector 12,H West,C248,Shiv Shakti Pvt Ltd 248,2024-12-28,2025-12-28,48,Pending
CT1951,R1951,Hospital Road - Sector 26,P North,C081,Western Civil Pvt Ltd 81,2024-10-17,2025-10-17,72,Completed
CT1952,R1952,Linking Road - Sector 33,G South,C002,Metro Asphalt Pvt Ltd 2,2024-03-25,2025-03-25,48,Ongoing
CT1953,R1953,S.V. Road - Sector 10,R South,C024,RoadBuild Pvt Ltd 24,2024-09-06,2025-09-06,48,Completed
CT1954,R1954,Metro Road - Sector 24,B,C011,Skyline Roads Pvt Ltd 11,2024-03-12,2025-03-12,24,Pending
CT1955,R1955,Hospital Road - Sector 27,R South,C155,Western Civil Pvt Ltd 155,2024-09-10,2025-09-10,48,Completed
CT1956,R1956,Station Road - Sector 23,F North,C185,Apex Roads Pvt Ltd 185,2024-04-02,2025-04-02,48,Completed
CT1957,R1957,Marine Drive - Sector 28,H East,C198,RoadBuild Pvt Ltd 198,2024-01-05,2025-01-04,72,Ongoing
CT1958,R1958,Metro Road - Sector 6,H East,C183,Prime Infra Pvt Ltd 183,2024-06-24,2025-06-24,72,Ongoing
CT1959,R1959,LBS Marg - Sector 6,H West,C087,Urban Concrete Pvt Ltd 87,2024-01-02,2025-01-01,24,Ongoing
CT1960,R1960,S.V. Road - Sector 37,C,C198,RoadBuild Pvt Ltd 198,2024-09-13,2025-09-13,24,Completed
CT1961,R1961,Marine Drive - Sector 36,T,C038,Western Civil Pvt Ltd 38,2024-06-19,2025-06-19,72,Pending
CT1962,R1962,Metro Road - Sector 33,L,C220,Skyline Roads Pvt Ltd 220,2024-09-15,2025-09-15,48,Pending
CT1963,R1963,Station Road - Sector 33,M West,C101,Urban Concrete Pvt Ltd 101,2024-09-27,2025-09-27,72,Pending
CT1964,R1964,LBS Marg - Sector 26,S,C238,Prime Infra Pvt Ltd 238,2024-11-09,2025-11-09,24,Ongoing
CT1965,R1965,Linking Road - Sector 28,T,C198,RoadBuild Pvt Ltd 198,2024-01-21,2025-01-20,48,Pending
CT1966,R1966,Veer Savarkar Road - Sector 16,T,C152,Shiv Shakti Pvt Ltd 152,2024-10-07,2025-10-07,48,Pending
CT1967,R1967,Hospital Road - Sector 3,R South,C194,Prime Infra Pvt Ltd 194,2024-08-21,2025-08-21,24,Ongoing
CT1968,R1968,Metro Road - Sector 34,F North,C086,Urban Concrete Pvt Ltd 86,2024-01-10,2025-01-09,48,Pending
CT1969,R1969,Veer Savarkar Road - Sector 9,C,C161,Metro Asphalt Pvt Ltd 161,2024-02-02,2025-02-01,48,Ongoing
CT1970,R1970,Palm Beach Road - Sector 32,B,C238,Prime Infra Pvt Ltd 238,2024-08-25,2025-08-25,72,Pending
CT1971,R1971,LBS Marg - Sector 22,K East,C060,City Build Pvt Ltd 60,2024-06-10,2025-06-10,72,Completed
CT1972,R1972,LBS Marg - Sector 19,P North,C116,Prime Infra Pvt Ltd 116,2024-05-15,2025-05-15,48,Pending
CT1973,R1973,Marine Drive - Sector 14,H East,C219,Urban Concrete Pvt Ltd 219,2024-01-20,2025-01-19,24,Pending
CT1974,R1974,Marine Drive - Sector 33,F South,C232,City Build Pvt Ltd 232,2024-10-23,2025-10-23,48,Ongoing
CT1975,R1975,Station Road - Sector 4,R North,C068,Urban Concrete Pvt Ltd 68,2024-01-03,2025-01-02,72,Completed
CT1976,R1976,Station Road - Sector 22,R North,C011,Skyline Roads Pvt Ltd 11,2024-04-23,2025-04-23,48,Completed
CT1977,R1977,Linking Road - Sector 23,D,C102,Apex Roads Pvt Ltd 102,2024-01-02,2025-01-01,48,Completed
CT1978,R1978,Veer Savarkar Road - Sector 1,K West,C246,City Build Pvt Ltd 246,2024-02-08,2025-02-07,48,Pending
CT1979,R1979,Dr Annie Besant Road - Sector 6,M West,C209,Apex Roads Pvt Ltd 209,2024-10-06,2025-10-06,48,Completed
CT1980,R1980,Palm Beach Road - Sector 8,E,C129,Urban Concrete Pvt Ltd 129,2024-11-23,2025-11-23,48,Pending
CT1981,R1981,Metro Road - Sector 17,E,C170,Apex Roads Pvt Ltd 170,2024-01-27,2025-01-26,48,Pending
CT1982,R1982,Veer Savarkar Road - Sector 20,K West,C055,Western Civil Pvt Ltd 55,2024-09-30,2025-09-30,72,Pending
CT1983,R1983,Market Road - Sector 18,F North,C074,Metro Asphalt Pvt Ltd 74,2024-02-29,2025-02-28,24,Ongoing
CT1984,R1984,Station Road - Sector 11,R South,C144,Prime Infra Pvt Ltd 144,2024-06-17,2025-06-17,24,Pending
CT1985,R1985,Palm Beach Road - Sector 1,T,C168,Apex Roads Pvt Ltd 168,2024-04-12,2025-04-12,24,Pending
CT1986,R1986,Dr Annie Besant Road - Sector 19,D,C110,Skyline Roads Pvt Ltd 110,2024-02-10,2025-02-09,48,Pending
CT1987,R1987,Palm Beach Road - Sector 22,K West,C063,City Build Pvt Ltd 63,2024-09-02,2025-09-02,24,Completed
CT1988,R1988,Dr Annie Besant Road - Sector 31,R South,C034,Urban Concrete Pvt Ltd 34,2024-05-12,2025-05-12,24,Pending
CT1989,R1989,Palm Beach Road - Sector 32,D,C075,Skyline Roads Pvt Ltd 75,2024-12-09,2025-12-09,48,Ongoing
CT1990,R1990,S.V. Road - Sector 21,R South,C042,Shiv Shakti Pvt Ltd 42,2024-08-06,2025-08-06,24,Pending
CT1991,R1991,Palm Beach Road - Sector 9,T,C042,Shiv Shakti Pvt Ltd 42,2024-07-04,2025-07-04,24,Ongoing
CT1992,R1992,S.V. Road - Sector 10,A,C080,Western Civil Pvt Ltd 80,2024-10-04,2025-10-04,72,Pending
CT1993,R1993,Metro Road - Sector 16,A,C164,RoadBuild Pvt Ltd 164,2024-02-05,2025-02-04,24,Completed
CT1994,R1994,Hospital Road - Sector 1,L,C224,City Build Pvt Ltd 224,2024-03-03,2025-03-03,24,Completed
CT1995,R1995,Marine Drive - Sector 32,H East,C017,Urban Concrete Pvt Ltd 17,2024-05-18,2025-05-18,24,Completed
CT1996,R1996,Hospital Road - Sector 10,G North,C196,Western Civil Pvt Ltd 196,2024-08-19,2025-08-19,48,Completed
CT1997,R1997,Dr Annie Besant Road - Sector 18,F North,C129,Urban Concrete Pvt Ltd 129,2024-09-30,2025-09-30,48,Pending
CT1998,R1998,Dr Annie Besant Road - Sector 28,S,C032,Apex Roads Pvt Ltd 32,2024-09-03,2025-09-03,72,Pending
CT1999,R1999,LBS Marg - Sector 33,S,C072,Prime Infra Pvt Ltd 72,2024-02-12,2025-02-11,48,Completed
CT2000,R2000,Hospital Road - Sector 10,F South,C091,Apex Roads Pvt Ltd 91,2024-03-31,2025-03-31,48,Completed
CT2001,R2001,Palm Beach Road - Sector 3,E,C140,Urban Concrete Pvt Ltd 140,2024-05-08,2025-05-08,72,Completed
CT2002,R2002,Palm Beach Road - Sector 2,E,C234,City Build Pvt Ltd 234,2024-11-13,2025-11-13,24,Completed
CT2003,R2003,Linking Road - Sector 25,C,C042,Shiv Shakti Pvt Ltd 42,2024-03-15,2025-03-15,48,Completed
CT2004,R2004,Metro Road - Sector 15,H East,C134,Urban Concrete Pvt Ltd 134,2024-12-19,2025-12-19,72,Completed
CT2005,R2005,Station Road - Sector 4,L,C123,Shiv Shakti Pvt Ltd 123,2024-11-19,2025-11-19,48,Completed
CT2006,R2006,Linking Road - Sector 20,R Central,C088,Shiv Shakti Pvt Ltd 88,2024-07-18,2025-07-18,48,Completed
CT2007,R2007,Marine Drive - Sector 23,K East,C207,Urban Concrete Pvt Ltd 207,2024-09-19,2025-09-19,48,Completed
CT2008,R2008,Veer Savarkar Road - Sector 4,G North,C043,Western Civil Pvt Ltd 43,2024-04-07,2025-04-07,72,Pending
CT2009,R2009,Linking Road - Sector 21,A,C124,Skyline Roads Pvt Ltd 124,2024-10-27,2025-10-27,72,Pending
CT2010,R2010,Marine Drive - Sector 39,M West,C018,Apex Roads Pvt Ltd 18,2024-04-26,2025-04-26,72,Ongoing
CT2011,R2011,Marine Drive - Sector 32,F North,C143,Urban Concrete Pvt Ltd 143,2024-08-22,2025-08-22,48,Ongoing
CT2012,R2012,LBS Marg - Sector 7,H East,C165,Western Civil Pvt Ltd 165,2024-07-07,2025-07-07,24,Completed
CT2013,R2013,Market Road - Sector 9,R South,C010,Prime Infra Pvt Ltd 10,2024-08-19,2025-08-19,24,Completed
CT2014,R2014,Veer Savarkar Road - Sector 38,T,C147,Urban Concrete Pvt Ltd 147,2024-06-30,2025-06-30,24,Pending
CT2015,R2015,Metro Road - Sector 18,G North,C240,Apex Roads Pvt Ltd 240,2024-07-09,2025-07-09,72,Ongoing
CT2016,R2016,LBS Marg - Sector 9,C,C107,Shiv Shakti Pvt Ltd 107,2024-01-04,2025-01-03,48,Ongoing
CT2017,R2017,Hospital Road - Sector 13,B,C022,Metro Asphalt Pvt Ltd 22,2024-03-09,2025-03-09,24,Pending
CT2018,R2018,LBS Marg - Sector 35,D,C134,Urban Concrete Pvt Ltd 134,2024-10-14,2025-10-14,24,Pending
CT2019,R2019,Station Road - Sector 13,H East,C035,City Build Pvt Ltd 35,2024-08-30,2025-08-30,48,Pending
CT2020,R2020,S.V. Road - Sector 13,B,C142,Skyline Roads Pvt Ltd 142,2024-06-23,2025-06-23,24,Pending
CT2021,R2021,Marine Drive - Sector 36,S,C208,RoadBuild Pvt Ltd 208,2024-01-17,2025-01-16,72,Ongoing
CT2022,R2022,Metro Road - Sector 8,M East,C063,City Build Pvt Ltd 63,2024-06-08,2025-06-08,72,Ongoing
CT2023,R2023,Palm Beach Road - Sector 34,M West,C076,RoadBuild Pvt Ltd 76,2024-01-20,2025-01-19,24,Completed
CT2024,R2024,Hospital Road - Sector 18,F North,C241,Shiv Shakti Pvt Ltd 241,2024-06-02,2025-06-02,72,Completed
CT2025,R2025,Linking Road - Sector 37,H East,C179,Metro Asphalt Pvt Ltd 179,2024-05-12,2025-05-12,48,Completed
CT2026,R2026,Palm Beach Road - Sector 32,T,C072,Prime Infra Pvt Ltd 72,2024-06-23,2025-06-23,48,Completed
CT2027,R2027,LBS Marg - Sector 11,N,C250,Western Civil Pvt Ltd 250,2024-09-28,2025-09-28,48,Completed
CT2028,R2028,Market Road - Sector 25,K West,C128,Metro Asphalt Pvt Ltd 128,2024-06-06,2025-06-06,72,Ongoing
CT2029,R2029,S.V. Road - Sector 1,F South,C105,Metro Asphalt Pvt Ltd 105,2024-01-12,2025-01-11,24,Ongoing
CT2030,R2030,Linking Road - Sector 33,P South,C084,Skyline Roads Pvt Ltd 84,2024-04-04,2025-04-04,72,Completed
CT2031,R2031,Market Road - Sector 17,S,C223,RoadBuild Pvt Ltd 223,2024-03-11,2025-03-11,72,Pending
CT2032,R2032,Marine Drive - Sector 36,H East,C154,Western Civil Pvt Ltd 154,2024-02-21,2025-02-20,48,Completed
CT2033,R2033,Linking Road - Sector 35,G North,C025,Prime Infra Pvt Ltd 25,2024-05-15,2025-05-15,48,Ongoing
CT2034,R2034,Metro Road - Sector 10,B,C228,Western Civil Pvt Ltd 228,2024-03-04,2025-03-04,24,Pending
CT2035,R2035,Linking Road - Sector 16,G South,C055,Western Civil Pvt Ltd 55,2024-10-25,2025-10-25,24,Completed
CT2036,R2036,Linking Road - Sector 23,D,C013,Prime Infra Pvt Ltd 13,2024-05-21,2025-05-21,48,Pending
CT2037,R2037,LBS Marg - Sector 36,H West,C194,Prime Infra Pvt Ltd 194,2024-10-04,2025-10-04,24,Pending
CT2038,R2038,Hospital Road - Sector 19,L,C141,Western Civil Pvt Ltd 141,2024-10-22,2025-10-22,72,Pending
CT2039,R2039,Linking Road - Sector 23,R Central,C077,Urban Concrete Pvt Ltd 77,2024-10-09,2025-10-09,72,Ongoing
CT2040,R2040,Marine Drive - Sector 2,F North,C026,RoadBuild Pvt Ltd 26,2024-07-25,2025-07-25,24,Ongoing
CT2041,R2041,Palm Beach Road - Sector 17,T,C236,Prime Infra Pvt Ltd 236,2024-08-03,2025-08-03,24,Pending
CT2042,R2042,Station Road - Sector 15,F South,C086,Urban Concrete Pvt Ltd 86,2024-05-17,2025-05-17,72,Completed
CT2043,R2043,Hospital Road - Sector 26,F South,C036,Prime Infra Pvt Ltd 36,2024-02-05,2025-02-04,24,Pending
CT2044,R2044,Palm Beach Road - Sector 24,G North,C002,Metro Asphalt Pvt Ltd 2,2024-02-24,2025-02-23,48,Completed
CT2045,R2045,Station Road - Sector 12,C,C121,Urban Concrete Pvt Ltd 121,2024-07-03,2025-07-03,48,Pending
CT2046,R2046,Dr Annie Besant Road - Sector 37,F North,C028,Prime Infra Pvt Ltd 28,2024-05-15,2025-05-15,24,Pending
CT2047,R2047,Marine Drive - Sector 2,R Central,C241,Shiv Shakti Pvt Ltd 241,2024-10-14,2025-10-14,24,Completed
CT2048,R2048,Palm Beach Road - Sector 39,F North,C086,Urban Concrete Pvt Ltd 86,2024-03-27,2025-03-27,24,Pending
CT2049,R2049,LBS Marg - Sector 28,E,C236,Prime Infra Pvt Ltd 236,2024-10-18,2025-10-18,72,Completed
CT2050,R2050,Palm Beach Road - Sector 7,R Central,C162,Western Civil Pvt Ltd 162,2024-01-09,2025-01-08,48,Completed
CT2051,R2051,Linking Road - Sector 39,E,C187,Skyline Roads Pvt Ltd 187,2024-12-28,2025-12-28,24,Completed
CT2052,R2052,Linking Road - Sector 8,K West,C189,Metro Asphalt Pvt Ltd 189,2024-12-15,2025-12-15,72,Completed
CT2053,R2053,Dr Annie Besant Road - Sector 6,E,C105,Metro Asphalt Pvt Ltd 105,2024-01-03,2025-01-02,72,Pending
CT2054,R2054,Hospital Road - Sector 1,R Central,C225,City Build Pvt Ltd 225,2024-05-19,2025-05-19,72,Pending
CT2055,R2055,Veer Savarkar Road - Sector 6,P North,C199,Skyline Roads Pvt Ltd 199,2024-04-06,2025-04-06,48,Pending
CT2056,R2056,Hospital Road - Sector 29,M West,C061,Western Civil Pvt Ltd 61,2024-01-31,2025-01-30,48,Completed
CT2057,R2057,Station Road - Sector 10,H West,C157,RoadBuild Pvt Ltd 157,2024-12-07,2025-12-07,48,Completed
CT2058,R2058,Marine Drive - Sector 35,P North,C212,RoadBuild Pvt Ltd 212,2024-09-27,2025-09-27,48,Ongoing
CT2059,R2059,LBS Marg - Sector 35,B,C035,City Build Pvt Ltd 35,2024-07-26,2025-07-26,72,Ongoing
CT2060,R2060,Palm Beach Road - Sector 10,N,C234,City Build Pvt Ltd 234,2024-10-23,2025-10-23,48,Ongoing
CT2061,R2061,Dr Annie Besant Road - Sector 28,A,C064,Urban Concrete Pvt Ltd 64,2024-11-11,2025-11-11,24,Pending
CT2062,R2062,Metro Road - Sector 19,K East,C108,Shiv Shakti Pvt Ltd 108,2024-05-10,2025-05-10,72,Pending
CT2063,R2063,LBS Marg - Sector 32,R South,C128,Metro Asphalt Pvt Ltd 128,2024-01-01,2024-12-31,24,Ongoing
CT2064,R2064,LBS Marg - Sector 19,G North,C152,Shiv Shakti Pvt Ltd 152,2024-04-07,2025-04-07,72,Ongoing
CT2065,R2065,Veer Savarkar Road - Sector 8,R North,C177,Metro Asphalt Pvt Ltd 177,2024-03-06,2025-03-06,72,Completed
CT2066,R2066,Hospital Road - Sector 10,B,C209,Apex Roads Pvt Ltd 209,2024-11-24,2025-11-24,72,Completed
CT2067,R2067,Veer Savarkar Road - Sector 39,N,C248,Shiv Shakti Pvt Ltd 248,2024-12-09,2025-12-09,24,Completed
CT2068,R2068,Metro Road - Sector 20,E,C183,Prime Infra Pvt Ltd 183,2024-01-21,2025-01-20,24,Completed
CT2069,R2069,LBS Marg - Sector 18,K East,C191,Apex Roads Pvt Ltd 191,2024-01-24,2025-01-23,72,Completed
CT2070,R2070,LBS Marg - Sector 1,G South,C176,Apex Roads Pvt Ltd 176,2024-07-21,2025-07-21,24,Completed
CT2071,R2071,S.V. Road - Sector 25,H West,C071,Shiv Shakti Pvt Ltd 71,2024-02-27,2025-02-26,72,Completed
CT2072,R2072,LBS Marg - Sector 37,C,C167,Apex Roads Pvt Ltd 167,2024-04-17,2025-04-17,72,Completed
CT2073,R2073,LBS Marg - Sector 21,E,C213,Urban Concrete Pvt Ltd 213,2024-12-22,2025-12-22,24,Ongoing
CT2074,R2074,Veer Savarkar Road - Sector 21,K West,C028,Prime Infra Pvt Ltd 28,2024-06-23,2025-06-23,24,Ongoing
CT2075,R2075,Palm Beach Road - Sector 39,M West,C037,Skyline Roads Pvt Ltd 37,2024-03-16,2025-03-16,72,Pending
CT2076,R2076,Metro Road - Sector 16,E,C202,Urban Concrete Pvt Ltd 202,2024-03-04,2025-03-04,48,Ongoing
CT2077,R2077,Station Road - Sector 35,P North,C106,City Build Pvt Ltd 106,2024-07-12,2025-07-12,72,Pending
CT2078,R2078,Market Road - Sector 15,P North,C175,City Build Pvt Ltd 175,2024-05-20,2025-05-20,48,Pending
CT2079,R2079,Palm Beach Road - Sector 34,P South,C052,Prime Infra Pvt Ltd 52,2024-11-21,2025-11-21,24,Completed
CT2080,R2080,LBS Marg - Sector 16,S,C100,City Build Pvt Ltd 100,2024-06-29,2025-06-29,24,Pending
CT2081,R2081,Linking Road - Sector 24,F South,C220,Skyline Roads Pvt Ltd 220,2024-12-05,2025-12-05,24,Ongoing
CT2082,R2082,LBS Marg - Sector 4,E,C126,City Build Pvt Ltd 126,2024-05-20,2025-05-20,48,Completed
CT2083,R2083,Marine Drive - Sector 30,E,C065,Urban Concrete Pvt Ltd 65,2024-01-02,2025-01-01,48,Ongoing
CT2084,R2084,Dr Annie Besant Road - Sector 14,L,C041,Shiv Shakti Pvt Ltd 41,2024-02-01,2025-01-31,24,Pending
CT2085,R2085,S.V. Road - Sector 8,T,C118,Skyline Roads Pvt Ltd 118,2024-09-25,2025-09-25,48,Completed
CT2086,R2086,Linking Road - Sector 28,K West,C106,City Build Pvt Ltd 106,2024-02-26,2025-02-25,48,Completed
CT2087,R2087,LBS Marg - Sector 38,S,C073,City Build Pvt Ltd 73,2024-05-23,2025-05-23,24,Ongoing
CT2088,R2088,S.V. Road - Sector 2,R North,C197,Metro Asphalt Pvt Ltd 197,2024-01-08,2025-01-07,48,Pending
CT2089,R2089,LBS Marg - Sector 16,E,C017,Urban Concrete Pvt Ltd 17,2024-10-27,2025-10-27,48,Ongoing
CT2090,R2090,Palm Beach Road - Sector 10,P South,C078,Prime Infra Pvt Ltd 78,2024-11-25,2025-11-25,24,Ongoing
CT2091,R2091,S.V. Road - Sector 34,T,C052,Prime Infra Pvt Ltd 52,2024-12-18,2025-12-18,48,Ongoing
CT2092,R2092,Palm Beach Road - Sector 22,M West,C247,Prime Infra Pvt Ltd 247,2024-07-18,2025-07-18,48,Completed
CT2093,R2093,LBS Marg - Sector 10,H East,C123,Shiv Shakti Pvt Ltd 123,2024-04-22,2025-04-22,48,Completed
CT2094,R2094,S.V. Road - Sector 33,R North,C005,City Build Pvt Ltd 5,2024-04-30,2025-04-30,72,Ongoing
CT2095,R2095,Palm Beach Road - Sector 30,K West,C099,Prime Infra Pvt Ltd 99,2024-04-22,2025-04-22,72,Pending
CT2096,R2096,Market Road - Sector 20,P South,C165,Western Civil Pvt Ltd 165,2024-03-15,2025-03-15,24,Ongoing
CT2097,R2097,S.V. Road - Sector 18,L,C185,Apex Roads Pvt Ltd 185,2024-07-08,2025-07-08,72,Ongoing
CT2098,R2098,S.V. Road - Sector 14,K West,C177,Metro Asphalt Pvt Ltd 177,2024-02-20,2025-02-19,48,Pending
CT2099,R2099,Palm Beach Road - Sector 12,G North,C133,Skyline Roads Pvt Ltd 133,2024-06-07,2025-06-07,72,Ongoing
CT2100,R2100,LBS Marg - Sector 30,R North,C006,Metro Asphalt Pvt Ltd 6,2024-02-02,2025-02-01,72,Completed
CT2101,R2101,Metro Road - Sector 26,R Central,C062,City Build Pvt Ltd 62,2024-05-24,2025-05-24,48,Completed
CT2102,R2102,Veer Savarkar Road - Sector 28,B,C194,Prime Infra Pvt Ltd 194,2024-12-08,2025-12-08,72,Pending
CT2103,R2103,LBS Marg - Sector 5,D,C148,RoadBuild Pvt Ltd 148,2024-09-28,2025-09-28,24,Pending
CT2104,R2104,Dr Annie Besant Road - Sector 19,A,C128,Metro Asphalt Pvt Ltd 128,2024-09-27,2025-09-27,24,Completed
CT2105,R2105,LBS Marg - Sector 14,D,C246,City Build Pvt Ltd 246,2024-01-11,2025-01-10,48,Pending
CT2106,R2106,Dr Annie Besant Road - Sector 36,H East,C198,RoadBuild Pvt Ltd 198,2024-10-10,2025-10-10,48,Pending
CT2107,R2107,Marine Drive - Sector 6,G North,C088,Shiv Shakti Pvt Ltd 88,2024-01-01,2024-12-31,48,Completed
CT2108,R2108,Station Road - Sector 3,P South,C048,Skyline Roads Pvt Ltd 48,2024-02-25,2025-02-24,72,Ongoing
CT2109,R2109,Marine Drive - Sector 1,C,C185,Apex Roads Pvt Ltd 185,2024-08-05,2025-08-05,48,Pending
CT2110,R2110,Market Road - Sector 13,K West,C206,Shiv Shakti Pvt Ltd 206,2024-05-19,2025-05-19,72,Completed
CT2111,R2111,Veer Savarkar Road - Sector 9,T,C161,Metro Asphalt Pvt Ltd 161,2024-07-24,2025-07-24,72,Pending
CT2112,R2112,Palm Beach Road - Sector 33,H West,C145,Urban Concrete Pvt Ltd 145,2024-10-15,2025-10-15,48,Completed
CT2113,R2113,Linking Road - Sector 38,E,C098,Apex Roads Pvt Ltd 98,2024-08-29,2025-08-29,72,Completed
CT2114,R2114,Linking Road - Sector 19,P South,C228,Western Civil Pvt Ltd 228,2024-05-05,2025-05-05,48,Completed
CT2115,R2115,Station Road - Sector 6,R South,C220,Skyline Roads Pvt Ltd 220,2024-06-21,2025-06-21,48,Ongoing
CT2116,R2116,Dr Annie Besant Road - Sector 14,S,C195,Western Civil Pvt Ltd 195,2024-05-03,2025-05-03,72,Ongoing
CT2117,R2117,S.V. Road - Sector 33,S,C127,Western Civil Pvt Ltd 127,2024-04-26,2025-04-26,48,Pending
CT2118,R2118,Station Road - Sector 9,H West,C005,City Build Pvt Ltd 5,2024-12-19,2025-12-19,24,Completed
CT2119,R2119,Hospital Road - Sector 28,K East,C145,Urban Concrete Pvt Ltd 145,2024-03-11,2025-03-11,24,Ongoing
CT2120,R2120,Dr Annie Besant Road - Sector 40,G North,C222,Urban Concrete Pvt Ltd 222,2024-01-23,2025-01-22,24,Ongoing
CT2121,R2121,Hospital Road - Sector 32,E,C106,City Build Pvt Ltd 106,2024-09-30,2025-09-30,72,Completed
