road_id,road_name,ward,zone,road_type,length_meters
R0001,Hospital Road - Sector 36,B,City,Connector,1550
R0002,LBS Marg - Sector 27,R South,Borivali,Internal Road,1932
R0003,Linking Road - Sector 19,T,Mulund,Connector,1479
R0004,LBS Marg - Sector 37,K East,Andheri,Connector,1071
R0005,Metro Road - Sector 31,E,City,Main Road,643
R0006,Market Road - Sector 24,K East,Andheri,Main Road,1341
R0007,Dr Annie Besant Road - Sector 28,P South,Malad,Connector,2480
R0008,Hospital Road - Sector 18,A,City,Main Road,938
R0009,Marine Drive - Sector 22,G South,Central,Internal Road,225
R0010,S.V. Road - Sector 37,F North,South Central,Connector,1841
R0011,S.V. Road - Sector 2,C,City,Main Road,2372
R0012,Palm Beach Road - Sector 27,F South,South Central,Internal Road,1596
R0013,Veer Savarkar Road - Sector 20,F North,South Central,Connector,1528
R0014,Hospital Road - Sector 6,P South,Malad,Main Road,837
R0015,Hospital Road - Sector 4,F North,South Central,Connector,534
R0016,Station Road - Sector 28,G South,Central,Internal Road,2010
R0017,Marine Drive - Sector 14,L,Kurla,Connector,666
R0018,Palm Beach Road - Sector 8,K East,Andheri,Internal Road,2193
R0019,Metro Road - Sector 20,N,Ghatkopar,Main Road,1103
R0020,Hospital Road - Sector 4,K West,Andheri,Main Road,1037
R0021,Dr Annie Besant Road - Sector 9,H East,West,Internal Road,1385
R0022,LBS Marg - Sector 1,H West,West,Internal Road,1963
R0023,S.V. Road - Sector 25,F North,South Central,Connector,1142
R0024,Market Road - Sector 23,N,Ghatkopar,Main Road,1826
R0025,Linking Road - Sector 28,T,Mulund,Main Road,2083
R0026,Veer Savarkar Road - Sector 37,C,City,Internal Road,1856
R0027,Metro Road - Sector 27,S,Powai,Internal Road,671
R0028,Linking Road - Sector 21,K West,Andheri,Main Road,2084
R0029,Veer Savarkar Road - Sector 6,S,Powai,Internal Road,633
R0030,Palm Beach Road - Sector 38,G North,Central,Internal Road,2346
R0031,Palm Beach Road - Sector 20,C,City,Connector,1590
R0032,Veer Savarkar Road - Sector 11,G North,Central,Main Road,2290
R0033,LBS Marg - Sector 34,R Central,Borivali,Connector,994
R0034,Veer Savarkar Road - Sector 10,K East,Andheri,Main Road,621
R0035,Marine Drive - Sector 13,E,City,Main Road,826
R0036,LBS Marg - Sector 12,R Central,Borivali,Connector,2223
R0037,Hospital Road - Sector 38,M East,Chembur,Internal Road,1523
R0038,Veer Savarkar Road - Sector 10,R Central,Borivali,Internal Road,479
R0039,Station Road - Sector 20,M West,Chembur,Internal Road,430
R0040,Market Road - Sector 5,K East,Andheri,Internal Road,2091
R0041,Linking Road - Sector 4,M East,Chembur,Internal Road,1375
R0042,Metro Road - Sector 6,C,City,Connector,2276
R0043,Station Road - Sector 38,K West,Andheri,Connector,368
R0044,Hospital Road - Sector 13,M East,Chembur,Internal Road,2148
R0045,S.V. Road - Sector 4,N,Ghatkopar,Internal Road,623
R0046,LBS Marg - Sector 33,H West,West,Connector,906
R0047,Dr Annie Besant Road - Sector 29,B,City,Internal Road,2346
R0048,Hospital Road - Sector 11,N,Ghatkopar,Internal Road,1727
R0049,Palm Beach Road - Sector 27,H East,West,Internal Road,414
R0050,Metro Road - Sector 22,R Central,Borivali,Main Road,1550
R0051,Market Road - Sector 25,D,City,Internal Road,1232
R0052,Metro Road - Sector 39,T,Mulund,Main Road,1565
R0053,Hospital Road - Sector 10,C,City,Internal Road,1470
R0054,Metro Road - Sector 26,R Central,Borivali,Main Road,547
R0055,Market Road - Sector 25,H East,West,Connector,1545
R0056,Metro Road - Sector 34,E,City,Main Road,1934
R0057,Veer Savarkar Road - Sector 2,N,Ghatkopar,Internal Road,1465
R0058,Dr Annie Besant Road - Sector 22,F North,South Central,Internal Road,986
R0059,S.V. Road - Sector 10,G North,Central,Main Road,1411
R0060,Market Road - Sector 35,D,City,Connector,2356
R0061,Metro Road - Sector 22,B,City,Connector,736
R0062,Palm Beach Road - Sector 10,R North,Borivali,Main Road,940
R0063,Hospital Road - Sector 11,S,Powai,Connector,1992
R0064,Palm Beach Road - Sector 24,B,City,Connector,1172
R0065,Hospital Road - Sector 19,M East,Chembur,Connector,2038
R0066,Market Road - Sector 16,G North,Central,Internal Road,2121
R0067,Veer Savarkar Road - Sector 37,F South,South Central,Internal Road,2091
R0068,Palm Beach Road - Sector 33,H East,West,Connector,1914
R0069,Dr Annie Besant Road - Sector 39,F North,South Central,Main Road,1224
R0070,Metro Road - Sector 31,B,City,Internal Road,2471
R0071,Market Road - Sector 8,D,City,Internal Road,543
R0072,Marine Drive - Sector 29,F North,South Central,Connector,803
R0073,LBS Marg - Sector 15,L,Kurla,Internal Road,1631
R0074,Palm Beach Road - Sector 4,A,City,Internal Road,2256
R0075,Dr Annie Besant Road - Sector 25,K East,Andheri,Main Road,1735
R0076,Linking Road - Sector 21,G North,Central,Main Road,1573
R0077,S.V. Road - Sector 3,E,City,Internal Road,2135
R0078,S.V. Road - Sector 31,S,Powai,Internal Road,221
R0079,Linking Road - Sector 17,C,City,Main Road,812
R0080,Hospital Road - Sector 34,P North,Malad,Internal Road,655
R0081,Dr Annie Besant Road - Sector 20,H East,West,Main Road,395
R0082,Palm Beach Road - Sector 40,G North,Central,Internal Road,457
R0083,Station Road - Sector 39,D,City,Connector,267
R0084,Market Road - Sector 37,R Central,Borivali,Main Road,788
R0085,Palm Beach Road - Sector 1,H East,West,Connector,1645
R0086,Hospital Road - Sector 27,G North,Central,Main Road,550
R0087,Veer Savarkar Road - Sector 5,N,Ghatkopar,Connector,2428
R0088,Market Road - Sector 36,N,Ghatkopar,Main Road,1799
R0089,Linking Road - Sector 25,M West,Chembur,Internal Road,1238
R0090,Linking Road - Sector 23,T,Mulund,Main Road,1612
R0091,Metro Road - Sector 7,G North,Central,Connector,1561
R0092,Linking Road - Sector 23,E,City,Connector,1586
R0093,S.V. Road - Sector 30,R Central,Borivali,Connector,2160
R0094,S.V. Road - Sector 9,R Central,Borivali,Main Road,2074
R0095,Marine Drive - Sector 13,B,City,Main Road,1017
R0096,Veer Savarkar Road - Sector 20,B,City,Connector,1831
R0097,Station Road - Sector 17,P North,Malad,Main Road,982
R0098,Veer Savarkar Road - Sector 4,H East,West,Connector,1559
R0099,LBS Marg - Sector 24,G South,Central,Internal Road,1838
R0100,Station Road - Sector 25,T,Mulund,Internal Road,965
R0101,Station Road - Sector 24,M West,Chembur,Connector,1292
R0102,Palm Beach Road - Sector 6,C,City,Internal Road,939
R0103,Marine Drive - Sector 21,P North,Malad,Main Road,527
R0104,Metro Road - Sector 19,H West,West,Internal Road,2026
R0105,Palm Beach Road - Sector 11,R North,Borivali,Connector,2018
R0106,Station Road - Sector 3,K East,Andheri,Connector,1644
R0107,Palm Beach Road - Sector 18,R North,Borivali,Connector,434
R0108,Metro Road - Sector 26,C,City,Internal Road,2301
R0109,Metro Road - Sector 11,T,Mulund,Main Road,784
R0110,Metro Road - Sector 29,R North,Borivali,Main Road,717
R0111,Dr Annie Besant Road - Sector 24,C,City,Internal Road,1768
R0112,Linking Road - Sector 39,P South,Malad,Main Road,2042
R0113,Veer Savarkar Road - Sector 29,K East,Andheri,Main Road,763
R0114,Veer Savarkar Road - Sector 26,N,Ghatkopar,Internal Road,1341
R0115,LBS Marg - Sector 2,G North,Central,Connector,962
R0116,Market Road - Sector 25,M West,Chembur,Connector,682
R0117,Marine Drive - Sector 29,G South,Central,Main Road,1369
R0118,Station Road - Sector 13,S,Powai,Main Road,755
R0119,Station Road - Sector 12,C,City,Connector,2023
R0120,Metro Road - Sector 21,C,City,Connector,1623
R0121,LBS Marg - Sector 36,S,Powai,Connector,1389
R0122,S.V. Road - Sector 12,H East,West,Internal Road,2283
R0123,LBS Marg - Sector 13,G North,Central,Main Road,1169
R0124,Linking Road - Sector 24,M West,Chembur,Connector,1711
R0125,Market Road - Sector 9,M East,Chembur,Connector,553
R0126,Marine Drive - Sector 26,C,City,Connector,2160
R0127,Palm Beach Road - Sector 27,N,Ghatkopar,Connector,502
R0128,Veer Savarkar Road - Sector 5,E,City,Internal Road,2108
R0129,Market Road - Sector 23,R South,Borivali,Main Road,2458
R0130,Hospital Road - Sector 12,R Central,Borivali,Main Road,1972
R0131,Linking Road - Sector 8,N,Ghatkopar,Connector,826
R0132,S.V. Road - Sector 11,H East,West,Internal Road,1123
R0133,Market Road - Sector 19,K East,Andheri,Main Road,1226
R0134,Metro Road - Sector 36,F South,South Central,Internal Road,712
R0135,Marine Drive - Sector 40,R Central,Borivali,Connector,582
R0136,Metro Road - Sector 11,N,Ghatkopar,Connector,831
R0137,Metro Road - Sector 40,F North,South Central,Connector,1582
R0138,Linking Road - Sector 2,P South,Malad,Main Road,386
R0139,Hospital Road - Sector 17,R Central,Borivali,Connector,1063
R0140,Palm Beach Road - Sector 40,P South,Malad,Connector,324
R0141,Metro Road - Sector 35,M West,Chembur,Internal Road,1437
R0142,Dr Annie Besant Road - Sector 26,M West,Chembur,Internal Road,2057
R0143,Linking Road - Sector 11,C,City,Internal Road,1902
R0144,Station Road - Sector 14,M West,Chembur,Internal Road,788
R0145,Veer Savarkar Road - Sector 23,H West,West,Internal Road,735
R0146,Market Road - Sector 36,K East,Andheri,Main Road,1507
R0147,Station Road - Sector 8,G North,Central,Internal Road,2041
R0148,S.V. Road - Sector 7,G North,Central,Main Road,1388
R0149,Hospital Road - Sector 27,K West,Andheri,Main Road,854
R0150,Hospital Road - Sector 21,H West,West,Main Road,852
R0151,Market Road - Sector 30,M West,Chembur,Internal Road,1463
R0152,Linking Road - Sector 6,M West,Chembur,Internal Road,2270
R0153,Dr Annie Besant Road - Sector 14,M East,Chembur,Connector,1645
R0154,Linking Road - Sector 19,B,City,Internal Road,2127
R0155,Market Road - Sector 1,H East,West,Main Road,1965
R0156,Marine Drive - Sector 24,E,City,Internal Road,1698
R0157,Palm Beach Road - Sector 4,B,City,Connector,997
R0158,Market Road - Sector 19,K East,Andheri,Main Road,1782
R0159,Station Road - Sector 36,N,Ghatkopar,Internal Road,686
R0160,LBS Marg - Sector 26,E,City,Internal Road,1588
R0161,Veer Savarkar Road - Sector 10,P North,Malad,Main Road,2285
R0162,Market Road - Sector 3,K West,Andheri,Main Road,359
R0163,Veer Savarkar Road - Sector 31,E,City,Connector,2071
R0164,Hospital Road - Sector 33,E,City,Main Road,1543
R0165,Veer Savarkar Road - Sector 11,R North,Borivali,Internal Road,1425
R0166,Veer Savarkar Road - Sector 33,P South,Malad,Connector,2380
R0167,Hospital Road - Sector 20,M West,Chembur,Internal Road,268
R0168,Veer Savarkar Road - Sector 8,K East,Andheri,Internal Road,1460
R0169,Metro Road - Sector 2,T,Mulund,Connector,2143
R0170,Metro Road - Sector 38,G South,Central,Connector,1132
R0171,Linking Road - Sector 38,T,Mulund,Internal Road,898
R0172,Metro Road - Sector 40,N,Ghatkopar,Internal Road,805
R0173,Dr Annie Besant Road - Sector 3,R South,Borivali,Connector,650
R0174,Linking Road - Sector 29,F South,South Central,Internal Road,1915
R0175,Palm Beach Road - Sector 14,E,City,Internal Road,2255
R0176,Station Road - Sector 4,R North,Borivali,Connector,765
R0177,Dr Annie Besant Road - Sector 36,N,Ghatkopar,Internal Road,2159
R0178,Palm Beach Road - Sector 21,N,Ghatkopar,Main Road,2082
R0179,Veer Savarkar Road - Sector 35,P North,Malad,Internal Road,1282
R0180,Station Road - Sector 13,R North,Borivali,Main Road,1342
R0181,Marine Drive - Sector 15,P North,Malad,Internal Road,1383
R0182,Dr Annie Besant Road - Sector 32,S,Powai,Internal Road,2165
R0183,Market Road - Sector 18,K East,Andheri,Internal Road,699
R0184,Metro Road - Sector 35,P South,Malad,Internal Road,1816
R0185,S.V. Road - Sector 19,K East,Andheri,Main Road,1378
R0186,LBS Marg - Sector 23,S,Powai,Internal Road,1250
R0187,Station Road - Sector 14,T,Mulund,Main Road,2406
R0188,Market Road - Sector 18,G South,Central,Main Road,647
R0189,Hospital Road - Sector 16,R North,Borivali,Main Road,407
R0190,Market Road - Sector 15,R South,Borivali,Connector,1153
R0191,LBS Marg - Sector 27,B,City,Internal Road,2134
R0192,Metro Road - Sector 9,D,City,Main Road,2454
R0193,Palm Beach Road - Sector 31,F North,South Central,Internal Road,1016
R0194,Veer Savarkar Road - Sector 19,H East,West,Connector,442
R0195,Metro Road - Sector 37,C,City,Main Road,2391
R0196,Linking Road - Sector 12,T,Mulund,Internal Road,920
R0197,Palm Beach Road - Sector 32,B,City,Main Road,1385
R0198,Linking Road - Sector 20,B,City,Connector,639
R0199,Marine Drive - Sector 30,H West,West,Connector,2425
R0200,Station Road - Sector 9,N,Ghatkopar,Connector,2117
R0201,Dr Annie Besant Road - Sector 8,G South,Central,Internal Road,865
R0202,Station Road - Sector 17,T,Mulund,Connector,962
R0203,Veer Savarkar Road - Sector 19,A,City,Connector,991
R0204,Hospital Road - Sector 26,F North,South Central,Internal Road,2310
R0205,LBS Marg - Sector 26,H West,West,Connector,590
R0206,S.V. Road - Sector 31,F North,South Central,Internal Road,1216
R0207,Marine Drive - Sector 25,A,City,Main Road,2029
R0208,Veer Savarkar Road - Sector 20,G South,Central,Connector,246
R0209,Metro Road - Sector 24,G South,Central,Connector,1167
R0210,Metro Road - Sector 8,B,City,Internal Road,1456
R0211,Palm Beach Road - Sector 33,F North,South Central,Connector,1473
R0212,LBS Marg - Sector 19,S,Powai,Internal Road,1104
R0213,S.V. Road - Sector 31,G North,Central,Main Road,2063
R0214,Hospital Road - Sector 24,T,Mulund,Internal Road,2449
R0215,Market Road - Sector 14,M West,Chembur,Main Road,535
R0216,Station Road - Sector 34,N,Ghatkopar,Connector,1681
R0217,Hospital Road - Sector 8,C,City,Main Road,2443
R0218,Dr Annie Besant Road - Sector 37,N,Ghatkopar,Connector,813
R0219,Veer Savarkar Road - Sector 34,F North,South Central,Internal Road,676
R0220,Dr Annie Besant Road - Sector 38,R South,Borivali,Internal Road,572
R0221,Station Road - Sector 4,N,Ghatkopar,Internal Road,740
R0222,Palm Beach Road - Sector 30,N,Ghatkopar,Connector,436
R0223,Station Road - Sector 20,P North,Malad,Connector,289
R0224,Marine Drive - Sector 1,K West,Andheri,Connector,1092
R0225,LBS Marg - Sector 3,P South,Malad,Internal Road,1611
R0226,LBS Marg - Sector 35,S,Powai,Main Road,482
R0227,Linking Road - Sector 19,M West,Chembur,Internal Road,937
R0228,Metro Road - Sector 27,E,City,Internal Road,1766
R0229,Palm Beach Road - Sector 25,M East,Chembur,Main Road,2408
R0230,Metro Road - Sector 23,E,City,Main Road,931
R0231,Palm Beach Road - Sector 34,P North,Malad,Main Road,1112
R0232,Linking Road - Sector 20,A,City,Internal Road,2430
R0233,Market Road - Sector 25,L,Kurla,Main Road,1213
R0234,Veer Savarkar Road - Sector 10,M East,Chembur,Internal Road,972
R0235,LBS Marg - Sector 3,T,Mulund,Connector,1917
R0236,Linking Road - Sector 16,R North,Borivali,Main Road,475
R0237,Hospital Road - Sector 3,D,City,Internal Road,399
R0238,Linking Road - Sector 26,G North,Central,Internal Road,1159
R0239,Dr Annie Besant Road - Sector 4,P North,Malad,Main Road,2263
R0240,Dr Annie Besant Road - Sector 37,H East,West,Internal Road,1513
R0241,Marine Drive - Sector 10,G North,Central,Connector,2335
R0242,Palm Beach Road - Sector 20,G North,Central,Internal Road,449
R0243,Hospital Road - Sector 12,P North,Malad,Connector,1949
R0244,Station Road - Sector 4,P North,Malad,Internal Road,1761
R0245,Veer Savarkar Road - Sector 27,N,Ghatkopar,Internal Road,811
R0246,Palm Beach Road - Sector 12,H East,West,Connector,2139
R0247,Dr Annie Besant Road - Sector 20,G North,Central,Connector,791
R0248,Linking Road - Sector 36,M East,Chembur,Internal Road,1906
R0249,Market Road - Sector 9,P North,Malad,Internal Road,1194
R0250,Dr Annie Besant Road - Sector 22,G South,Central,Connector,523
R0251,Veer Savarkar Road - Sector 6,M East,Chembur,Connector,980
R0252,Marine Drive - Sector 25,B,City,Connector,361
R0253,Dr Annie Besant Road - Sector 38,C,City,Connector,2489
R0254,Station Road - Sector 14,F South,South Central,Internal Road,1441
R0255,Dr Annie Besant Road - Sector 13,A,City,Connector,680
R0256,Station Road - Sector 16,T,Mulund,Connector,1037
R0257,Dr Annie Besant Road - Sector 36,K West,Andheri,Internal Road,1359
R0258,Station Road - Sector 35,K West,Andheri,Connector,1671
R0259,Marine Drive - Sector 24,H East,West,Connector,2236
R0260,LBS Marg - Sector 31,M East,Chembur,Internal Road,1032
R0261,Veer Savarkar Road - Sector 27,K East,Andheri,Main Road,1106
R0262,S.V. Road - Sector 2,T,Mulund,Internal Road,2466
R0263,Hospital Road - Sector 27,P South,Malad,Internal Road,824
R0264,Veer Savarkar Road - Sector 15,F South,South Central,Internal Road,1206
R0265,Market Road - Sector 22,M West,Chembur,Internal Road,2201
R0266,Metro Road - Sector 32,T,Mulund,Internal Road,889
R0267,Veer Savarkar Road - Sector 11,T,Mulund,Main Road,2438
R0268,S.V. Road - Sector 35,M West,Chembur,Connector,440
R0269,Linking Road - Sector 5,N,Ghatkopar,Connector,398
R0270,Palm Beach Road - Sector 9,A,City,Connector,1147
R0271,S.V. Road - Sector 1,C,City,Main Road,2271
R0272,Veer Savarkar Road - Sector 4,M East,Chembur,Connector,2179
R0273,Station Road - Sector 2,R South,Borivali,Main Road,2379
R0274,Palm Beach Road - Sector 1,P North,Malad,Main Road,2368
R0275,Marine Drive - Sector 35,T,Mulund,Internal Road,270
R0276,Metro Road - Sector 28,N,Ghatkopar,Main Road,638
R0277,Market Road - Sector 10,D,City,Main Road,986
R0278,Market Road - Sector 17,R North,Borivali,Internal Road,1294
R0279,LBS Marg - Sector 24,K West,Andheri,Internal Road,2080
R0280,Dr Annie Besant Road - Sector 15,P South,Malad,Internal Road,530
R0281,Metro Road - Sector 3,R Central,Borivali,Main Road,1860
R0282,Palm Beach Road - Sector 36,K West,Andheri,Internal Road,429
R0283,Linking Road - Sector 11,R Central,Borivali,Main Road,2247
R0284,Metro Road - Sector 22,L,Kurla,Connector,590
R0285,Linking Road - Sector 15,N,Ghatkopar,Main Road,2147
R0286,Linking Road - Sector 5,G South,Central,Connector,1348
R0287,Hospital Road - Sector 3,P North,Malad,Main Road,1488
R0288,Dr Annie Besant Road - Sector 38,A,City,Main Road,1831
R0289,Marine Drive - Sector 11,C,City,Connector,1184
R0290,Palm Beach Road - Sector 35,P South,Malad,Internal Road,1772
R0291,S.V. Road - Sector 6,T,Mulund,Connector,1616
R0292,LBS Marg - Sector 28,B,City,Main Road,511
R0293,Hospital Road - Sector 40,H West,West,Connector,1824
R0294,Linking Road - Sector 18,H West,West,Internal Road,2209
R0295,Veer Savarkar Road - Sector 36,G North,Central,Internal Road,1968
R0296,Metro Road - Sector 38,F North,South Central,Connector,1756
R0297,Hospital Road - Sector 19,C,City,Main Road,501
R0298,Marine Drive - Sector 10,C,City,Internal Road,831
R0299,Palm Beach Road - Sector 21,T,Mulund,Internal Road,636
R0300,Linking Road - Sector 20,C,City,Internal Road,1674
R0301,LBS Marg - Sector 9,G South,Central,Main Road,967
R0302,Station Road - Sector 36,L,Kurla,Connector,2298
R0303,LBS Marg - Sector 2,L,Kurla,Main Road,1649
R0304,LBS Marg - Sector 39,P North,Malad,Connector,1528
R0305,Linking Road - Sector 19,K West,Andheri,Internal Road,1788
R0306,Market Road - Sector 16,C,City,Connector,2334
R0307,Metro Road - Sector 25,F North,South Central,Main Road,768
R0308,Marine Drive - Sector 18,G South,Central,Internal Road,797
R0309,S.V. Road - Sector 28,C,City,Internal Road,1924
R0310,Station Road - Sector 5,H East,West,Internal Road,1230
R0311,Metro Road - Sector 32,G North,Central,Connector,1000
R0312,LBS Marg - Sector 9,M East,Chembur,Internal Road,227
R0313,Veer Savarkar Road - Sector 40,K West,Andheri,Internal Road,1549
R0314,Veer Savarkar Road - Sector 28,M East,Chembur,Connector,757
R0315,Veer Savarkar Road - Sector 39,H East,West,Connector,1022
R0316,Veer Savarkar Road - Sector 12,M West,Chembur,Internal Road,1507
R0317,Metro Road - Sector 32,H East,West,Connector,1192
R0318,Palm Beach Road - Sector 18,H West,West,Internal Road,1695
R0319,Hospital Road - Sector 13,D,City,Connector,2434
R0320,Metro Road - Sector 36,F North,South Central,Main Road,2090
R0321,Dr Annie Besant Road - Sector 29,S,Powai,Internal Road,483
R0322,Metro Road - Sector 32,L,Kurla,Main Road,1440
R0323,Marine Drive - Sector 10,G North,Central,Connector,1933
R0324,LBS Marg - Sector 29,K West,Andheri,Connector,2162
R0325,Palm Beach Road - Sector 35,P South,Malad,Connector,1913
R0326,Linking Road - Sector 24,P North,Malad,Connector,2399
R0327,Metro Road - Sector 6,R North,Borivali,Main Road,1216
R0328,Metro Road - Sector 23,R South,Borivali,Main Road,381
R0329,Metro Road - Sector 26,P South,Malad,Internal Road,1963
R0330,Linking Road - Sector 7,D,City,Internal Road,1109
R0331,Market Road - Sector 36,N,Ghatkopar,Connector,1105
R0332,Veer Savarkar Road - Sector 26,M East,Chembur,Internal Road,2249
R0333,Veer Savarkar Road - Sector 2,E,City,Internal Road,628
R0334,Palm Beach Road - Sector 6,H East,West,Main Road,780
R0335,Marine Drive - Sector 22,K East,Andheri,Internal Road,1047
R0336,Station Road - Sector 23,N,Ghatkopar,Internal Road,599
R0337,Station Road - Sector 21,M East,Chembur,Main Road,1429
R0338,LBS Marg - Sector 2,B,City,Internal Road,647
R0339,S.V. Road - Sector 16,R South,Borivali,Connector,914
R0340,S.V. Road - Sector 22,P North,Malad,Connector,1946
R0341,Dr Annie Besant Road - Sector 26,M East,Chembur,Connector,955
R0342,Metro Road - Sector 28,F North,South Central,Internal Road,319
R0343,Hospital Road - Sector 13,T,Mulund,Internal Road,1959
R0344,Linking Road - Sector 14,K West,Andheri,Main Road,1340
R0345,LBS Marg - Sector 37,S,Powai,Main Road,2399
R0346,Veer Savarkar Road - Sector 21,F North,South Central,Main Road,2074
R0347,Marine Drive - Sector 32,D,City,Connector,1483
R0348,Palm Beach Road - Sector 40,R North,Borivali,Internal Road,667
R0349,Veer Savarkar Road - Sector 30,K East,Andheri,Connector,906
R0350,Marine Drive - Sector 40,R South,Borivali,Connector,547
R0351,S.V. Road - Sector 21,R South,Borivali,Main Road,1177
R0352,LBS Marg - Sector 12,H East,West,Internal Road,779
R0353,Palm Beach Road - Sector 27,N,Ghatkopar,Connector,764
R0354,Palm Beach Road - Sector 28,P South,Malad,Main Road,2193
R0355,Market Road - Sector 12,R Central,Borivali,Connector,883
R0356,Marine Drive - Sector 9,M West,Chembur,Main Road,1488
R0357,Hospital Road - Sector 4,M East,Chembur,Internal Road,239
R0358,S.V. Road - Sector 13,M West,Chembur,Internal Road,2500
R0359,Metro Road - Sector 32,N,Ghatkopar,Internal Road,2214
R0360,Station Road - Sector 32,L,Kurla,Main Road,538
R0361,Linking Road - Sector 15,P South,Malad,Internal Road,333
R0362,Dr Annie Besant Road - Sector 35,G South,Central,Internal Road,888
R0363,Hospital Road - Sector 32,M East,Chembur,Connector,2292
R0364,Hospital Road - Sector 8,D,City,Internal Road,2424
R0365,Market Road - Sector 3,K East,Andheri,Connector,2007
R0366,Dr Annie Besant Road - Sector 28,P North,Malad,Main Road,1213
R0367,Linking Road - Sector 29,H East,West,Internal Road,1627
R0368,Station Road - Sector 8,C,City,Main Road,1059
R0369,Hospital Road - Sector 23,T,Mulund,Connector,1953
R0370,Hospital Road - Sector 9,F North,South Central,Main Road,1047
R0371,Hospital Road - Sector 23,B,City,Connector,1351
R0372,Market Road - Sector 11,R North,Borivali,Internal Road,1398
R0373,Hospital Road - Sector 18,H East,West,Connector,590
R0374,Palm Beach Road - Sector 4,E,City,Internal Road,719
R0375,S.V. Road - Sector 16,S,Powai,Main Road,1519
R0376,Metro Road - Sector 26,G North,Central,Internal Road,782
R0377,Metro Road - Sector 18,P South,Malad,Connector,1896
R0378,Station Road - Sector 5,K West,Andheri,Connector,581
R0379,Market Road - Sector 18,K West,Andheri,Connector,1711
R0380,Station Road - Sector 21,M East,Chembur,Connector,210
R0381,LBS Marg - Sector 30,T,Mulund,Connector,1667
R0382,Market Road - Sector 26,C,City,Main Road,1959
R0383,Station Road - Sector 18,F South,South Central,Internal Road,1361
R0384,Market Road - Sector 37,H West,West,Main Road,2187
R0385,Metro Road - Sector 4,H West,West,Main Road,607
R0386,Station Road - Sector 2,R Central,Borivali,Main Road,847
R0387,Station Road - Sector 1,M East,Chembur,Internal Road,1028
R0388,S.V. Road - Sector 20,S,Powai,Main Road,1322
R0389,Metro Road - Sector 24,C,City,Internal Road,537
R0390,Metro Road - Sector 11,K East,Andheri,Main Road,1823
R0391,Marine Drive - Sector 15,R Central,Borivali,Internal Road,573
R0392,LBS Marg - Sector 1,S,Powai,Main Road,2153
R0393,S.V. Road - Sector 38,C,City,Main Road,2327
R0394,Station Road - Sector 1,R South,Borivali,Main Road,1607
R0395,Palm Beach Road - Sector 9,D,City,Internal Road,490
R0396,Palm Beach Road - Sector 6,G North,Central,Connector,619
R0397,Veer Savarkar Road - Sector 24,D,City,Internal Road,761
R0398,S.V. Road - Sector 10,K West,Andheri,Main Road,2372
R0399,Linking Road - Sector 40,P South,Malad,Connector,872
R0400,Veer Savarkar Road - Sector 14,M East,Chembur,Connector,820
R0401,Hospital Road - Sector 29,L,Kurla,Main Road,555
R0402,S.V. Road - Sector 8,D,City,Connector,1772
R0403,Palm Beach Road - Sector 21,K East,Andheri,Main Road,1214
R0404,Metro Road - Sector 6,G South,Central,Main Road,2466
R0405,Hospital Road - Sector 39,R North,Borivali,Internal Road,309
R0406,Marine Drive - Sector 14,R South,Borivali,Connector,2287
R0407,Palm Beach Road - Sector 19,F South,South Central,Connector,423
R0408,Station Road - Sector 25,G North,Central,Main Road,1187
R0409,Metro Road - Sector 39,M West,Chembur,Main Road,2363
R0410,Veer Savarkar Road - Sector 21,A,City,Main Road,1784
R0411,Palm Beach Road - Sector 24,P South,Malad,Connector,907
R0412,LBS Marg - Sector 2,M West,Chembur,Connector,476
R0413,Marine Drive - Sector 14,A,City,Main Road,447
R0414,Market Road - Sector 19,K West,Andheri,Connector,2252
R0415,Palm Beach Road - Sector 26,L,Kurla,Main Road,2397
R0416,Hospital Road - Sector 10,P North,Malad,Internal Road,542
R0417,LBS Marg - Sector 33,H East,West,Main Road,836
R0418,Veer Savarkar Road - Sector 26,P North,Malad,Connector,470
R0419,Palm Beach Road - Sector 16,H East,West,Main Road,1201
R0420,Palm Beach Road - Sector 8,C,City,Internal Road,425
R0421,Metro Road - Sector 12,H East,West,Main Road,251
R0422,S.V. Road - Sector 1,S,Powai,Main Road,2233
R0423,Market Road - Sector 34,K East,Andheri,Connector,1261
R0424,Veer Savarkar Road - Sector 9,F North,South Central,Connector,1300
R0425,LBS Marg - Sector 2,T,Mulund,Internal Road,1958
R0426,Market Road - Sector 5,G South,Central,Internal Road,515
R0427,Station Road - Sector 33,M West,Chembur,Internal Road,427
R0428,Hospital Road - Sector 11,M West,Chembur,Internal Road,844
R0429,LBS Marg - Sector 37,G South,Central,Connector,672
R0430,Market Road - Sector 1,G North,Central,Main Road,250
R0431,Linking Road - Sector 31,G North,Central,Internal Road,1768
R0432,S.V. Road - Sector 3,E,City,Connector,1917
R0433,Veer Savarkar Road - Sector 16,G North,Central,Internal Road,1510
R0434,LBS Marg - Sector 37,G South,Central,Internal Road,689
R0435,Metro Road - Sector 4,N,Ghatkopar,Main Road,1114
R0436,Linking Road - Sector 26,N,Ghatkopar,Main Road,2105
R0437,Marine Drive - Sector 21,H East,West,Main Road,2465
R0438,Linking Road - Sector 24,M East,Chembur,Main Road,1394
R0439,Marine Drive - Sector 40,P South,Malad,Main Road,2100
R0440,Hospital Road - Sector 32,K East,Andheri,Main Road,2438
R0441,S.V. Road - Sector 1,G North,Central,Internal Road,297
R0442,Market Road - Sector 23,G North,Central,Connector,239
R0443,Linking Road - Sector 25,H West,West,Connector,1459
R0444,Dr Annie Besant Road - Sector 34,D,City,Main Road,1919
R0445,Linking Road - Sector 10,M West,Chembur,Connector,1346
R0446,Linking Road - Sector 15,C,City,Connector,1891
R0447,Veer Savarkar Road - Sector 30,S,Powai,Connector,547
R0448,LBS Marg - Sector 33,P South,Malad,Main Road,1815
R0449,Hospital Road - Sector 37,C,City,Main Road,1981
R0450,S.V. Road - Sector 16,R South,Borivali,Internal Road,1269
R0451,Palm Beach Road - Sector 21,H West,West,Internal Road,2054
R0452,Dr Annie Besant Road - Sector 5,G South,Central,Main Road,757
R0453,LBS Marg - Sector 10,P South,Malad,Main Road,873
R0454,Station Road - Sector 21,M East,Chembur,Internal Road,694
R0455,Veer Savarkar Road - Sector 14,P North,Malad,Internal Road,1462
R0456,Marine Drive - Sector 8,M East,Chembur,Main Road,845
R0457,Marine Drive - Sector 39,R South,Borivali,Main Road,1080
R0458,S.V. Road - Sector 6,H West,West,Connector,1216
R0459,Palm Beach Road - Sector 33,K East,Andheri,Main Road,1424
R0460,S.V. Road - Sector 2,G South,Central,Internal Road,2052
R0461,Market Road - Sector 16,P North,Malad,Main Road,2092
R0462,S.V. Road - Sector 8,D,City,Main Road,452
R0463,S.V. Road - Sector 13,G North,Central,Internal Road,1724
R0464,Metro Road - Sector 6,R South,Borivali,Connector,1260
R0465,Linking Road - Sector 5,C,City,Main Road,2016
R0466,LBS Marg - Sector 22,E,City,Main Road,374
R0467,Linking Road - Sector 11,M East,Chembur,Connector,1974
R0468,Palm Beach Road - Sector 32,T,Mulund,Main Road,1767
R0469,Palm Beach Road - Sector 12,R South,Borivali,Internal Road,1079
R0470,Marine Drive - Sector 18,F North,South Central,Internal Road,808
R0471,Hospital Road - Sector 40,B,City,Connector,1206
R0472,Marine Drive - Sector 32,R Central,Borivali,Internal Road,2455
R0473,Linking Road - Sector 6,M West,Chembur,Internal Road,1768
R0474,Palm Beach Road - Sector 13,E,City,Connector,2353
R0475,Metro Road - Sector 35,G North,Central,Main Road,1766
R0476,Veer Savarkar Road - Sector 31,S,Powai,Connector,2185
R0477,Hospital Road - Sector 33,K East,Andheri,Internal Road,1790
R0478,S.V. Road - Sector 2,G South,Central,Internal Road,1097
R0479,Marine Drive - Sector 4,A,City,Internal Road,2368
R0480,Hospital Road - Sector 15,K East,Andheri,Main Road,610
R0481,Metro Road - Sector 16,G North,Central,Internal Road,2385
R0482,Linking Road - Sector 15,T,Mulund,Connector,1790
R0483,S.V. Road - Sector 12,K East,Andheri,Main Road,1502
R0484,Veer Savarkar Road - Sector 38,T,Mulund,Main Road,1640
R0485,Hospital Road - Sector 10,P South,Malad,Connector,971
R0486,Market Road - Sector 20,M West,Chembur,Main Road,2208
R0487,LBS Marg - Sector 4,B,City,Main Road,1096
R0488,Market Road - Sector 31,A,City,Main Road,1558
R0489,Dr Annie Besant Road - Sector 9,R North,Borivali,Internal Road,926
R0490,Linking Road - Sector 2,H West,West,Main Road,780
R0491,Market Road - Sector 24,D,City,Main Road,1730
R0492,Metro Road - Sector 26,S,Powai,Connector,613
R0493,Marine Drive - Sector 21,H West,West,Main Road,845
R0494,Palm Beach Road - Sector 32,T,Mulund,Connector,1499
R0495,Market Road - Sector 40,F North,South Central,Internal Road,1114
R0496,Hospital Road - Sector 12,R South,Borivali,Internal Road,1456
R0497,Marine Drive - Sector 9,T,Mulund,Main Road,207
R0498,Hospital Road - Sector 26,S,Powai,Connector,332
R0499,Hospital Road - Sector 21,F North,South Central,Connector,1104
R0500,Hospital Road - Sector 7,R Central,Borivali,Internal Road,776
R0501,LBS Marg - Sector 16,H West,West,Internal Road,1508
R0502,Metro Road - Sector 6,F North,South Central,Connector,1575
R0503,Linking Road - Sector 17,M East,Chembur,Main Road,1222
R0504,LBS Marg - Sector 23,S,Powai,Internal Road,642
R0505,Linking Road - Sector 4,T,Mulund,Internal Road,1994
R0506,Palm Beach Road - Sector 11,T,Mulund,Internal Road,2219
R0507,Veer Savarkar Road - Sector 35,K West,Andheri,Internal Road,615
R0508,Hospital Road - Sector 15,M West,Chembur,Main Road,2048
R0509,Linking Road - Sector 19,C,City,Main Road,1505
R0510,LBS Marg - Sector 5,G South,Central,Internal Road,896
R0511,S.V. Road - Sector 5,K West,Andheri,Connector,581
R0512,Hospital Road - Sector 40,H West,West,Internal Road,326
R0513,Metro Road - Sector 11,L,Kurla,Connector,1978
R0514,Linking Road - Sector 7,F North,South Central,Internal Road,1041
R0515,Palm Beach Road - Sector 36,F South,South Central,Connector,2412
R0516,Metro Road - Sector 19,G South,Central,Internal Road,1172
R0517,Linking Road - Sector 26,D,City,Connector,2451
R0518,S.V. Road - Sector 4,M West,Chembur,Internal Road,215
R0519,LBS Marg - Sector 19,L,Kurla,Connector,2167
R0520,LBS Marg - Sector 2,F South,South Central,Main Road,899
R0521,Marine Drive - Sector 6,R Central,Borivali,Internal Road,673
R0522,Palm Beach Road - Sector 31,H East,West,Internal Road,1285
R0523,Metro Road - Sector 35,C,City,Internal Road,957
R0524,Palm Beach Road - Sector 24,K East,Andheri,Main Road,2025
R0525,Marine Drive - Sector 29,B,City,Internal Road,1278
R0526,Marine Drive - Sector 37,G North,Central,Main Road,819
R0527,Metro Road - Sector 7,S,Powai,Main Road,1608
R0528,Palm Beach Road - Sector 38,P North,Malad,Main Road,2467
R0529,Palm Beach Road - Sector 34,B,City,Internal Road,2393
R0530,Station Road - Sector 37,R South,Borivali,Main Road,2150
R0531,LBS Marg - Sector 26,H East,West,Connector,342
R0532,Hospital Road - Sector 34,N,Ghatkopar,Connector,803
R0533,Station Road - Sector 12,D,City,Main Road,1067
R0534,S.V. Road - Sector 3,F South,South Central,Internal Road,520
R0535,Palm Beach Road - Sector 13,R South,Borivali,Connector,805
R0536,Marine Drive - Sector 21,R North,Borivali,Connector,474
R0537,Palm Beach Road - Sector 36,C,City,Internal Road,2461
R0538,Marine Drive - Sector 34,H West,West,Internal Road,250
R0539,Hospital Road - Sector 38,S,Powai,Connector,1918
R0540,Palm Beach Road - Sector 10,D,City,Main Road,610
R0541,Hospital Road - Sector 7,D,City,Internal Road,2393
R0542,Palm Beach Road - Sector 17,K East,Andheri,Internal Road,2188
R0543,Hospital Road - Sector 31,P South,Malad,Main Road,905
R0544,Palm Beach Road - Sector 10,G South,Central,Connector,1845
R0545,Palm Beach Road - Sector 22,B,City,Connector,1173
R0546,Station Road - Sector 18,B,City,Internal Road,282
R0547,Marine Drive - Sector 20,H West,West,Internal Road,2213
R0548,Metro Road - Sector 7,S,Powai,Main Road,750
R0549,Station Road - Sector 21,H East,West,Internal Road,1907
R0550,Metro Road - Sector 6,R North,Borivali,Main Road,2009
R0551,Palm Beach Road - Sector 32,F South,South Central,Connector,1731
R0552,Market Road - Sector 11,B,City,Main Road,1474
R0553,Market Road - Sector 26,S,Powai,Main Road,2347
R0554,Linking Road - Sector 12,P South,Malad,Main Road,1022
R0555,Dr Annie Besant Road - Sector 3,B,City,Internal Road,407
R0556,Dr Annie Besant Road - Sector 18,K East,Andheri,Internal Road,2101
R0557,Palm Beach Road - Sector 8,N,Ghatkopar,Connector,325
R0558,Veer Savarkar Road - Sector 32,G North,Central,Connector,2027
R0559,Station Road - Sector 38,F North,South Central,Connector,1632
R0560,S.V. Road - Sector 17,K East,Andheri,Connector,570
R0561,Linking Road - Sector 25,H East,West,Main Road,867
R0562,Dr Annie Besant Road - Sector 15,P South,Malad,Connector,1122
R0563,Dr Annie Besant Road - Sector 18,R South,Borivali,Connector,1877
R0564,Linking Road - Sector 1,N,Ghatkopar,Internal Road,741
R0565,S.V. Road - Sector 39,R Central,Borivali,Main Road,1116
R0566,Hospital Road - Sector 20,G South,Central,Connector,1327
R0567,Palm Beach Road - Sector 23,L,Kurla,Internal Road,1232
R0568,Station Road - Sector 20,F South,South Central,Connector,2332
R0569,Palm Beach Road - Sector 38,R North,Borivali,Main Road,230
R0570,Metro Road - Sector 24,N,Ghatkopar,Connector,1357
R0571,Metro Road - Sector 7,H East,West,Internal Road,461
R0572,Marine Drive - Sector 21,H West,West,Internal Road,1269
R0573,Metro Road - Sector 20,R Central,Borivali,Main Road,814
R0574,Dr Annie Besant Road - Sector 4,N,Ghatkopar,Connector,1855
R0575,Veer Savarkar Road - Sector 9,R South,Borivali,Connector,304
R0576,Station Road - Sector 19,R Central,Borivali,Internal Road,1914
R0577,Palm Beach Road - Sector 3,K West,Andheri,Connector,977
R0578,Dr Annie Besant Road - Sector 35,H West,West,Connector,2148
R0579,Veer Savarkar Road - Sector 33,R South,Borivali,Internal Road,896
R0580,Market Road - Sector 12,R South,Borivali,Internal Road,599
R0581,S.V. Road - Sector 17,M West,Chembur,Connector,2489
R0582,Metro Road - Sector 22,F North,South Central,Connector,565
R0583,Veer Savarkar Road - Sector 15,G North,Central,Connector,1457
R0584,Veer Savarkar Road - Sector 24,L,Kurla,Internal Road,1404
R0585,LBS Marg - Sector 31,M East,Chembur,Main Road,491
R0586,Dr Annie Besant Road - Sector 33,M West,Chembur,Main Road,1763
R0587,Marine Drive - Sector 27,N,Ghatkopar,Main Road,817
R0588,Dr Annie Besant Road - Sector 22,E,City,Internal Road,2074
R0589,Veer Savarkar Road - Sector 12,E,City,Main Road,2197
R0590,Metro Road - Sector 12,H West,West,Internal Road,437
R0591,Station Road - Sector 18,A,City,Main Road,890
R0592,S.V. Road - Sector 32,P South,Malad,Main Road,730
R0593,Palm Beach Road - Sector 28,R North,Borivali,Internal Road,1957
R0594,Palm Beach Road - Sector 1,M West,Chembur,Main Road,2386
R0595,Veer Savarkar Road - Sector 1,F South,South Central,Internal Road,2375
R0596,Linking Road - Sector 1,F South,South Central,Connector,1219
R0597,Veer Savarkar Road - Sector 20,G North,Central,Main Road,620
R0598,Market Road - Sector 38,K West,Andheri,Internal Road,884
R0599,Linking Road - Sector 20,C,City,Internal Road,2067
R0600,Market Road - Sector 39,T,Mulund,Connector,1583
R0601,Metro Road - Sector 9,L,Kurla,Internal Road,2207
R0602,Dr Annie Besant Road - Sector 11,K East,Andheri,Internal Road,278
R0603,Dr Annie Besant Road - Sector 9,G North,Central,Main Road,289
R0604,Market Road - Sector 11,P South,Malad,Main Road,1701
R0605,Metro Road - Sector 3,S,Powai,Internal Road,1247
R0606,Hospital Road - Sector 4,P North,Malad,Connector,396
R0607,LBS Marg - Sector 2,R South,Borivali,Main Road,674
R0608,Station Road - Sector 25,L,Kurla,Main Road,2441
R0609,Station Road - Sector 10,G South,Central,Main Road,238
R0610,Palm Beach Road - Sector 7,H East,West,Connector,2331
R0611,Hospital Road - Sector 39,G South,Central,Connector,761
R0612,LBS Marg - Sector 33,L,Kurla,Connector,682
R0613,LBS Marg - Sector 7,H East,West,Internal Road,1013
R0614,Dr Annie Besant Road - Sector 17,R North,Borivali,Connector,1026
R0615,Palm Beach Road - Sector 19,K East,Andheri,Main Road,361
R0616,Station Road - Sector 14,P North,Malad,Connector,2168
R0617,Dr Annie Besant Road - Sector 1,H West,West,Main Road,564
R0618,Hospital Road - Sector 32,D,City,Main Road,568
R0619,LBS Marg - Sector 7,N,Ghatkopar,Internal Road,1146
R0620,Marine Drive - Sector 17,M East,Chembur,Internal Road,405
R0621,S.V. Road - Sector 3,D,City,Internal Road,1675
R0622,Veer Savarkar Road - Sector 28,R South,Borivali,Connector,674
R0623,Linking Road - Sector 1,D,City,Main Road,898
R0624,Veer Savarkar Road - Sector 29,H West,West,Connector,1298
R0625,LBS Marg - Sector 24,T,Mulund,Internal Road,949
R0626,Palm Beach Road - Sector 26,D,City,Internal Road,1313
R0627,Station Road - Sector 27,K West,Andheri,Connector,883
R0628,S.V. Road - Sector 4,D,City,Main Road,624
R0629,Hospital Road - Sector 31,L,Kurla,Connector,1994
R0630,Hospital Road - Sector 25,F North,South Central,Internal Road,318
R0631,S.V. Road - Sector 31,R South,Borivali,Internal Road,662
R0632,Station Road - Sector 3,L,Kurla,Main Road,1271
R0633,Veer Savarkar Road - Sector 1,R Central,Borivali,Connector,2349
R0634,Hospital Road - Sector 37,T,Mulund,Main Road,1585
R0635,Market Road - Sector 40,N,Ghatkopar,Main Road,1972
R0636,Dr Annie Besant Road - Sector 31,R South,Borivali,Internal Road,1776
R0637,Market Road - Sector 40,E,City,Main Road,247
R0638,S.V. Road - Sector 33,R Central,Borivali,Internal Road,2230
R0639,LBS Marg - Sector 32,F North,South Central,Internal Road,1186
R0640,Marine Drive - Sector 4,H West,West,Connector,1112
R0641,Metro Road - Sector 25,P North,Malad,Internal Road,1162
R0642,Station Road - Sector 29,C,City,Connector,2035
R0643,Station Road - Sector 29,C,City,Internal Road,686
R0644,Metro Road - Sector 2,M West,Chembur,Main Road,1852
R0645,Linking Road - Sector 36,L,Kurla,Connector,200
R0646,Hospital Road - Sector 40,C,City,Connector,1447
R0647,Market Road - Sector 14,N,Ghatkopar,Connector,2068
R0648,Veer Savarkar Road - Sector 4,H West,West,Main Road,2061
R0649,Market Road - Sector 40,H West,West,Connector,2137
R0650,Metro Road - Sector 24,S,Powai,Connector,2053
R0651,LBS Marg - Sector 15,D,City,Main Road,1598
R0652,Metro Road - Sector 19,K East,Andheri,Connector,2338
R0653,LBS Marg - Sector 3,K East,Andheri,Main Road,2216
R0654,Palm Beach Road - Sector 7,E,City,Internal Road,1002
R0655,LBS Marg - Sector 26,F South,South Central,Main Road,2072
R0656,Veer Savarkar Road - Sector 7,F South,South Central,Internal Road,390
R0657,Metro Road - Sector 38,R Central,Borivali,Main Road,2045
R0658,Metro Road - Sector 38,M East,Chembur,Connector,751
R0659,Linking Road - Sector 34,M West,Chembur,Connector,398
R0660,Palm Beach Road - Sector 38,P North,Malad,Internal Road,2282
R0661,Hospital Road - Sector 12,F North,South Central,Connector,725
R0662,Palm Beach Road - Sector 39,D,City,Connector,1518
R0663,Palm Beach Road - Sector 27,N,Ghatkopar,Connector,1216
R0664,Palm Beach Road - Sector 22,G South,Central,Internal Road,2054
R0665,S.V. Road - Sector 27,E,City,Connector,2298
R0666,Market Road - Sector 21,H East,West,Connector,2467
R0667,Dr Annie Besant Road - Sector 13,R Central,Borivali,Main Road,1390
R0668,Veer Savarkar Road - Sector 9,R South,Borivali,Connector,928
R0669,Market Road - Sector 21,N,Ghatkopar,Connector,672
R0670,Market Road - Sector 31,K East,Andheri,Connector,1909
R0671,Market Road - Sector 19,R South,Borivali,Internal Road,252
R0672,LBS Marg - Sector 2,N,Ghatkopar,Internal Road,795
R0673,Metro Road - Sector 4,B,City,Main Road,1293
R0674,Marine Drive - Sector 17,F North,South Central,Main Road,454
R0675,Marine Drive - Sector 14,S,Powai,Connector,332
R0676,Station Road - Sector 7,K East,Andheri,Connector,1118
R0677,Metro Road - Sector 36,T,Mulund,Internal Road,1173
R0678,Marine Drive - Sector 4,N,Ghatkopar,Internal Road,1787
R0679,Metro Road - Sector 21,L,Kurla,Connector,420
R0680,Marine Drive - Sector 13,A,City,Connector,2014
R0681,Metro Road - Sector 24,G North,Central,Connector,2438
R0682,Hospital Road - Sector 13,T,Mulund,Connector,992
R0683,Station Road - Sector 12,H East,West,Connector,505
R0684,S.V. Road - Sector 33,F North,South Central,Main Road,1745
R0685,Palm Beach Road - Sector 18,B,City,Connector,1282
R0686,S.V. Road - Sector 38,E,City,Internal Road,223
R0687,Station Road - Sector 10,H West,West,Main Road,829
R0688,Hospital Road - Sector 4,H West,West,Connector,1433
R0689,Hospital Road - Sector 36,M West,Chembur,Internal Road,498
R0690,Veer Savarkar Road - Sector 34,S,Powai,Main Road,953
R0691,LBS Marg - Sector 33,N,Ghatkopar,Main Road,1903
R0692,Market Road - Sector 26,P North,Malad,Main Road,1631
R0693,Dr Annie Besant Road - Sector 22,G North,Central,Internal Road,1677
R0694,Dr Annie Besant Road - Sector 40,H East,West,Connector,2145
R0695,Metro Road - Sector 1,P North,Malad,Main Road,1617
R0696,Dr Annie Besant Road - Sector 40,M East,Chembur,Connector,1198
R0697,Metro Road - Sector 21,B,City,Internal Road,664
R0698,Marine Drive - Sector 35,K West,Andheri,Connector,1358
R0699,Market Road - Sector 24,A,City,Connector,2283
R0700,Station Road - Sector 3,M East,Chembur,Internal Road,988
R0701,Market Road - Sector 6,H West,West,Main Road,885
R0702,Market Road - Sector 1,P North,Malad,Connector,468
R0703,Metro Road - Sector 14,F South,South Central,Connector,1937
R0704,Dr Annie Besant Road - Sector 35,D,City,Connector,1982
R0705,LBS Marg - Sector 10,R Central,Borivali,Main Road,2080
R0706,Veer Savarkar Road - Sector 3,S,Powai,Main Road,500
R0707,S.V. Road - Sector 17,B,City,Connector,488
R0708,Dr Annie Besant Road - Sector 17,P South,Malad,Internal Road,1789
R0709,Metro Road - Sector 26,M East,Chembur,Internal Road,1495
R0710,Palm Beach Road - Sector 8,A,City,Connector,224
R0711,Hospital Road - Sector 5,R Central,Borivali,Connector,386
R0712,LBS Marg - Sector 23,S,Powai,Connector,634
R0713,Metro Road - Sector 20,H East,West,Connector,554
R0714,Station Road - Sector 25,H East,West,Internal Road,326
R0715,S.V. Road - Sector 35,M West,Chembur,Main Road,758
R0716,Palm Beach Road - Sector 35,T,Mulund,Internal Road,790
R0717,Metro Road - Sector 24,H East,West,Main Road,2467
R0718,S.V. Road - Sector 8,P North,Malad,Main Road,220
R0719,Hospital Road - Sector 26,P South,Malad,Connector,2442
R0720,Marine Drive - Sector 14,C,City,Connector,1608
R0721,Palm Beach Road - Sector 33,F South,South Central,Main Road,859
R0722,Dr Annie Besant Road - Sector 40,F North,South Central,Internal Road,995
R0723,S.V. Road - Sector 37,D,City,Main Road,2448
R0724,Metro Road - Sector 36,M East,Chembur,Main Road,1390
R0725,LBS Marg - Sector 17,R South,Borivali,Main Road,1008
R0726,Hospital Road - Sector 32,T,Mulund,Internal Road,1662
R0727,Metro Road - Sector 16,E,City,Main Road,1367
R0728,LBS Marg - Sector 13,R North,Borivali,Internal Road,2190
R0729,Veer Savarkar Road - Sector 40,M East,Chembur,Connector,1452
R0730,Hospital Road - Sector 10,S,Powai,Connector,1692
R0731,Palm Beach Road - Sector 11,H West,West,Main Road,1482
R0732,Dr Annie Besant Road - Sector 28,G North,Central,Internal Road,1672
R0733,Metro Road - Sector 22,E,City,Internal Road,2095
R0734,Veer Savarkar Road - Sector 20,M East,Chembur,Internal Road,2459
R0735,S.V. Road - Sector 39,D,City,Main Road,1349
R0736,Market Road - Sector 13,E,City,Internal Road,513
R0737,LBS Marg - Sector 2,T,Mulund,Connector,327
R0738,Hospital Road - Sector 26,P South,Malad,Connector,1071
R0739,Market Road - Sector 17,B,City,Connector,2410
R0740,Metro Road - Sector 10,M West,Chembur,Internal Road,1807
R0741,Hospital Road - Sector 19,G North,Central,Main Road,2103
R0742,Market Road - Sector 6,N,Ghatkopar,Internal Road,1690
R0743,Linking Road - Sector 16,N,Ghatkopar,Connector,879
R0744,S.V. Road - Sector 29,N,Ghatkopar,Main Road,933
R0745,Hospital Road - Sector 10,P South,Malad,Connector,2180
R0746,Linking Road - Sector 15,K East,Andheri,Internal Road,1149
R0747,Marine Drive - Sector 24,C,City,Main Road,375
R0748,Dr Annie Besant Road - Sector 34,R South,Borivali,Internal Road,1789
R0749,Station Road - Sector 3,M West,Chembur,Main Road,1527
R0750,Market Road - Sector 18,D,City,Connector,1278
R0751,Market Road - Sector 37,P South,Malad,Main Road,1742
R0752,Palm Beach Road - Sector 24,R Central,Borivali,Connector,518
R0753,Marine Drive - Sector 25,N,Ghatkopar,Main Road,2315
R0754,Veer Savarkar Road - Sector 23,K West,Andheri,Internal Road,2174
R0755,Linking Road - Sector 33,R North,Borivali,Main Road,2001
R0756,Dr Annie Besant Road - Sector 5,F North,South Central,Connector,1350
R0757,S.V. Road - Sector 12,F South,South Central,Main Road,1683
R0758,LBS Marg - Sector 15,R North,Borivali,Internal Road,1552
R0759,LBS Marg - Sector 31,T,Mulund,Connector,2161
R0760,Dr Annie Besant Road - Sector 38,M West,Chembur,Main Road,1883
R0761,Dr Annie Besant Road - Sector 3,A,City,Main Road,859
R0762,Metro Road - Sector 33,E,City,Main Road,801
R0763,S.V. Road - Sector 17,B,City,Main Road,2316
R0764,Hospital Road - Sector 37,K West,Andheri,Connector,276
R0765,Metro Road - Sector 19,T,Mulund,Main Road,1087
R0766,Hospital Road - Sector 31,M East,Chembur,Internal Road,898
R0767,Palm Beach Road - Sector 39,G North,Central,Main Road,944
R0768,Metro Road - Sector 33,R North,Borivali,Internal Road,886
R0769,Metro Road - Sector 22,T,Mulund,Internal Road,481
R0770,Palm Beach Road - Sector 25,G North,Central,Main Road,644
R0771,Dr Annie Besant Road - Sector 34,A,City,Connector,1919
R0772,Hospital Road - Sector 7,E,City,Main Road,2149
R0773,Hospital Road - Sector 3,R North,Borivali,Connector,2261
R0774,LBS Marg - Sector 31,D,City,Connector,733
R0775,Market Road - Sector 1,R North,Borivali,Connector,1967
R0776,Palm Beach Road - Sector 24,N,Ghatkopar,Main Road,2370
R0777,Dr Annie Besant Road - Sector 31,L,Kurla,Internal Road,1635
R0778,Hospital Road - Sector 7,P South,Malad,Internal Road,748
R0779,Station Road - Sector 15,G South,Central,Main Road,1360
R0780,Market Road - Sector 27,R North,Borivali,Internal Road,974
R0781,Linking Road - Sector 37,A,City,Connector,682
R0782,Linking Road - Sector 25,N,Ghatkopar,Connector,1041
R0783,Veer Savarkar Road - Sector 27,S,Powai,Internal Road,636
R0784,Palm Beach Road - Sector 38,E,City,Internal Road,1270
R0785,Palm Beach Road - Sector 37,P North,Malad,Internal Road,1328
R0786,Palm Beach Road - Sector 14,R South,Borivali,Internal Road,2461
R0787,Station Road - Sector 12,P North,Malad,Internal Road,2490
R0788,Station Road - Sector 17,P North,Malad,Internal Road,1610
R0789,Palm Beach Road - Sector 9,S,Powai,Connector,687
R0790,Dr Annie Besant Road - Sector 29,T,Mulund,Connector,862
R0791,Dr Annie Besant Road - Sector 33,D,City,Internal Road,1586
R0792,Hospital Road - Sector 4,P North,Malad,Main Road,1793
R0793,Linking Road - Sector 6,R Central,Borivali,Main Road,2131
R0794,Palm Beach Road - Sector 6,R North,Borivali,Main Road,1277
R0795,Veer Savarkar Road - Sector 6,G North,Central,Connector,354
R0796,Palm Beach Road - Sector 26,T,Mulund,Connector,2334
R0797,Hospital Road - Sector 4,H East,West,Main Road,2224
R0798,Linking Road - Sector 13,M East,Chembur,Connector,2322
R0799,Dr Annie Besant Road - Sector 3,H East,West,Connector,2291
R0800,Dr Annie Besant Road - Sector 40,N,Ghatkopar,Main Road,347
R0801,Dr Annie Besant Road - Sector 1,K East,Andheri,Main Road,555
R0802,Palm Beach Road - Sector 23,G South,Central,Connector,1818
R0803,Hospital Road - Sector 13,K West,Andheri,Connector,262
R0804,LBS Marg - Sector 6,T,Mulund,Connector,1365
R0805,Market Road - Sector 38,T,Mulund,Internal Road,1623
R0806,Dr Annie Besant Road - Sector 39,G South,Central,Main Road,2062
R0807,Hospital Road - Sector 1,K West,Andheri,Internal Road,916
R0808,Market Road - Sector 7,L,Kurla,Connector,496
R0809,Marine Drive - Sector 22,N,Ghatkopar,Main Road,2302
R0810,Market Road - Sector 37,G South,Central,Internal Road,2013
R0811,Hospital Road - Sector 31,K West,Andheri,Main Road,1591
R0812,Metro Road - Sector 30,M East,Chembur,Connector,312
R0813,LBS Marg - Sector 17,M West,Chembur,Main Road,1767
R0814,Dr Annie Besant Road - Sector 15,R Central,Borivali,Internal Road,1889
R0815,Market Road - Sector 35,K East,Andheri,Main Road,1278
R0816,Marine Drive - Sector 6,G North,Central,Internal Road,1600
R0817,Market Road - Sector 12,C,City,Internal Road,1485
R0818,Dr Annie Besant Road - Sector 37,K East,Andheri,Internal Road,948
R0819,Metro Road - Sector 13,T,Mulund,Internal Road,1017
R0820,Dr Annie Besant Road - Sector 17,G North,Central,Main Road,1138
R0821,Dr Annie Besant Road - Sector 40,F South,South Central,Internal Road,838
R0822,LBS Marg - Sector 6,D,City,Connector,2217
R0823,Linking Road - Sector 35,R North,Borivali,Main Road,2175
R0824,Hospital Road - Sector 21,K East,Andheri,Internal Road,1325
R0825,S.V. Road - Sector 33,M West,Chembur,Internal Road,1829
R0826,Hospital Road - Sector 9,G North,Central,Main Road,2353
R0827,Station Road - Sector 35,L,Kurla,Main Road,2258
R0828,Palm Beach Road - Sector 12,K East,Andheri,Internal Road,693
R0829,Market Road - Sector 30,S,Powai,Internal Road,234
R0830,Metro Road - Sector 14,A,City,Internal Road,612
R0831,Veer Savarkar Road - Sector 40,H West,West,Internal Road,966
R0832,Marine Drive - Sector 16,P North,Malad,Internal Road,2130
R0833,Veer Savarkar Road - Sector 24,R North,Borivali,Main Road,2242
R0834,Dr Annie Besant Road - Sector 27,L,Kurla,Connector,1724
R0835,Palm Beach Road - Sector 18,K East,Andheri,Internal Road,936
R0836,S.V. Road - Sector 37,P South,Malad,Connector,1136
R0837,Marine Drive - Sector 16,D,City,Connector,1970
R0838,Dr Annie Besant Road - Sector 10,K West,Andheri,Connector,812
R0839,Linking Road - Sector 12,M West,Chembur,Internal Road,2246
R0840,Metro Road - Sector 34,E,City,Connector,1493
R0841,Marine Drive - Sector 17,M West,Chembur,Connector,395
R0842,LBS Marg - Sector 11,K West,Andheri,Main Road,1082
R0843,Station Road - Sector 7,G South,Central,Internal Road,1570
R0844,Veer Savarkar Road - Sector 24,G South,Central,Connector,2483
R0845,Veer Savarkar Road - Sector 2,G South,Central,Internal Road,696
R0846,Metro Road - Sector 39,K East,Andheri,Main Road,2405
R0847,Marine Drive - Sector 23,F North,South Central,Internal Road,2290
R0848,Station Road - Sector 6,M West,Chembur,Internal Road,1373
R0849,Metro Road - Sector 10,M East,Chembur,Main Road,1581
R0850,Metro Road - Sector 40,L,Kurla,Connector,1857
R0851,LBS Marg - Sector 11,C,City,Internal Road,1134
R0852,Veer Savarkar Road - Sector 19,H West,West,Connector,1295
R0853,Metro Road - Sector 26,R North,Borivali,Internal Road,2022
R0854,Hospital Road - Sector 34,K East,Andheri,Internal Road,1895
R0855,S.V. Road - Sector 2,F North,South Central,Main Road,1161
R0856,Marine Drive - Sector 6,R South,Borivali,Main Road,883
R0857,LBS Marg - Sector 7,K West,Andheri,Main Road,2138
R0858,Linking Road - Sector 2,P North,Malad,Internal Road,2346
R0859,LBS Marg - Sector 17,C,City,Connector,836
R0860,Metro Road - Sector 25,C,City,Internal Road,1139
R0861,Marine Drive - Sector 29,G North,Central,Connector,717
R0862,Market Road - Sector 11,E,City,Main Road,343
R0863,Veer Savarkar Road - Sector 21,R South,Borivali,Internal Road,2113
R0864,Marine Drive - Sector 36,P North,Malad,Internal Road,753
R0865,Market Road - Sector 12,S,Powai,Connector,2070
R0866,Metro Road - Sector 37,R Central,Borivali,Internal Road,2344
R0867,Metro Road - Sector 35,R Central,Borivali,Internal Road,1622
R0868,Market Road - Sector 15,M West,Chembur,Main Road,2009
R0869,Veer Savarkar Road - Sector 27,H East,West,Internal Road,837
R0870,Linking Road - Sector 1,H East,West,Connector,758
R0871,Marine Drive - Sector 31,K East,Andheri,Connector,234
R0872,Station Road - Sector 31,S,Powai,Internal Road,237
R0873,Marine Drive - Sector 39,L,Kurla,Main Road,229
R0874,Veer Savarkar Road - Sector 13,P North,Malad,Internal Road,2496
R0875,Palm Beach Road - Sector 16,L,Kurla,Main Road,1796
R0876,Dr Annie Besant Road - Sector 17,K West,Andheri,Main Road,1929
R0877,Dr Annie Besant Road - Sector 34,R Central,Borivali,Connector,1313
R0878,Metro Road - Sector 35,H East,West,Internal Road,1891
R0879,LBS Marg - Sector 12,F South,South Central,Main Road,1386
R0880,Metro Road - Sector 30,D,City,Connector,2054
R0881,Hospital Road - Sector 32,G South,Central,Main Road,1513
R0882,S.V. Road - Sector 4,A,City,Connector,290
R0883,LBS Marg - Sector 19,F North,South Central,Internal Road,712
R0884,Station Road - Sector 1,S,Powai,Main Road,569
R0885,Linking Road - Sector 32,E,City,Main Road,1600
R0886,Marine Drive - Sector 32,L,Kurla,Internal Road,2099
R0887,Linking Road - Sector 22,S,Powai,Main Road,798
R0888,Marine Drive - Sector 26,B,City,Main Road,2424
R0889,S.V. Road - Sector 13,M West,Chembur,Internal Road,1762
R0890,LBS Marg - Sector 16,A,City,Internal Road,2014
R0891,Linking Road - Sector 13,G North,Central,Internal Road,584
R0892,Metro Road - Sector 14,N,Ghatkopar,Internal Road,1793
R0893,Marine Drive - Sector 21,R South,Borivali,Main Road,372
R0894,Market Road - Sector 34,T,Mulund,Main Road,1237
R0895,Metro Road - Sector 20,M West,Chembur,Main Road,1676
R0896,Metro Road - Sector 14,B,City,Main Road,1166
R0897,Palm Beach Road - Sector 21,R Central,Borivali,Main Road,885
R0898,Hospital Road - Sector 8,G South,Central,Internal Road,1195
R0899,Linking Road - Sector 38,A,City,Connector,2146
R0900,Hospital Road - Sector 10,S,Powai,Internal Road,566
R0901,S.V. Road - Sector 32,G North,Central,Main Road,1586
R0902,Linking Road - Sector 4,R Central,Borivali,Internal Road,830
R0903,Market Road - Sector 7,S,Powai,Main Road,2198
R0904,Veer Savarkar Road - Sector 36,G North,Central,Connector,1622
R0905,Dr Annie Besant Road - Sector 2,M East,Chembur,Connector,1747
R0906,S.V. Road - Sector 17,K East,Andheri,Main Road,2187
R0907,Station Road - Sector 36,S,Powai,Internal Road,2423
R0908,Station Road - Sector 13,S,Powai,Connector,964
R0909,Veer Savarkar Road - Sector 21,P North,Malad,Connector,2118
R0910,Hospital Road - Sector 36,G South,Central,Main Road,482
R0911,S.V. Road - Sector 29,N,Ghatkopar,Internal Road,1278
R0912,Veer Savarkar Road - Sector 30,P North,Malad,Main Road,2272
R0913,S.V. Road - Sector 2,K West,Andheri,Connector,1691
R0914,Dr Annie Besant Road - Sector 21,R North,Borivali,Connector,459
R0915,Market Road - Sector 25,R South,Borivali,Main Road,2346
R0916,Station Road - Sector 36,R South,Borivali,Main Road,1359
R0917,Palm Beach Road - Sector 21,H West,West,Main Road,594
R0918,Metro Road - Sector 5,N,Ghatkopar,Main Road,731
R0919,Linking Road - Sector 13,F North,South Central,Main Road,2188
R0920,LBS Marg - Sector 3,F South,South Central,Connector,1791
R0921,Station Road - Sector 34,R South,Borivali,Connector,1248
R0922,Veer Savarkar Road - Sector 15,B,City,Connector,490
R0923,Dr Annie Besant Road - Sector 32,A,City,Main Road,2117
R0924,Linking Road - Sector 24,R Central,Borivali,Connector,1903
R0925,Linking Road - Sector 40,K East,Andheri,Internal Road,2366
R0926,LBS Marg - Sector 20,B,City,Main Road,1084
R0927,LBS Marg - Sector 7,N,Ghatkopar,Connector,1146
R0928,Palm Beach Road - Sector 13,P North,Malad,Main Road,2355
R0929,Dr Annie Besant Road - Sector 37,R South,Borivali,Connector,932
R0930,Market Road - Sector 27,P North,Malad,Connector,632
R0931,Hospital Road - Sector 23,R Central,Borivali,Connector,2078
R0932,Metro Road - Sector 28,S,Powai,Main Road,883
R0933,Market Road - Sector 26,F North,South Central,Connector,1582
R0934,S.V. Road - Sector 35,R South,Borivali,Connector,2014
R0935,Veer Savarkar Road - Sector 36,K East,Andheri,Internal Road,1722
R0936,Metro Road - Sector 28,L,Kurla,Connector,1524
R0937,Dr Annie Besant Road - Sector 37,R North,Borivali,Connector,1076
R0938,Market Road - Sector 17,K West,Andheri,Internal Road,2053
R0939,Palm Beach Road - Sector 1,M East,Chembur,Connector,341
R0940,Hospital Road - Sector 2,H East,West,Connector,753
R0941,Linking Road - Sector 20,H East,West,Main Road,1079
R0942,Linking Road - Sector 18,H West,West,Connector,2294
R0943,Hospital Road - Sector 37,P North,Malad,Main Road,586
R0944,Station Road - Sector 23,B,City,Main Road,766
R0945,Veer Savarkar Road - Sector 38,G South,Central,Main Road,1154
R0946,Marine Drive - Sector 6,G South,Central,Connector,1837
R0947,Dr Annie Besant Road - Sector 5,P South,Malad,Connector,1529
R0948,S.V. Road - Sector 32,M West,Chembur,Connector,590
R0949,Metro Road - Sector 20,R North,Borivali,Main Road,1762
R0950,Linking Road - Sector 22,C,City,Internal Road,1978
R0951,LBS Marg - Sector 15,L,Kurla,Connector,246
R0952,Metro Road - Sector 25,R Central,Borivali,Main Road,1448
R0953,Linking Road - Sector 21,N,Ghatkopar,Connector,812
R0954,Market Road - Sector 15,H West,West,Main Road,406
R0955,Palm Beach Road - Sector 29,R South,Borivali,Connector,2267
R0956,Dr Annie Besant Road - Sector 28,C,City,Internal Road,1815
R0957,S.V. Road - Sector 22,E,City,Main Road,2149
R0958,Linking Road - Sector 36,P South,Malad,Internal Road,1275
R0959,Palm Beach Road - Sector 33,C,City,Internal Road,734
R0960,Station Road - Sector 36,E,City,Main Road,2198
R0961,Metro Road - Sector 37,K West,Andheri,Main Road,2498
R0962,Market Road - Sector 16,R North,Borivali,Main Road,493
R0963,Palm Beach Road - Sector 21,G South,Central,Connector,566
R0964,Metro Road - Sector 27,D,City,Internal Road,1696
R0965,Dr Annie Besant Road - Sector 21,K East,Andheri,Internal Road,299
R0966,S.V. Road - Sector 23,H East,West,Connector,2011
R0967,S.V. Road - Sector 29,R North,Borivali,Main Road,1156
R0968,Metro Road - Sector 24,F South,South Central,Main Road,551
R0969,Linking Road - Sector 16,D,City,Connector,804
R0970,Linking Road - Sector 22,H East,West,Connector,655
R0971,Station Road - Sector 31,H East,West,Main Road,1559
R0972,Market Road - Sector 14,F South,South Central,Main Road,2438
R0973,Marine Drive - Sector 36,N,Ghatkopar,Internal Road,778
R0974,Metro Road - Sector 2,S,Powai,Internal Road,2357
R0975,Marine Drive - Sector 11,B,City,Main Road,1363
R0976,Hospital Road - Sector 18,F South,South Central,Main Road,2104
R0977,Linking Road - Sector 5,R Central,Borivali,Internal Road,1311
R0978,Metro Road - Sector 24,R South,Borivali,Main Road,278
R0979,Metro Road - Sector 25,H East,West,Main Road,1759
R0980,LBS Marg - Sector 21,N,Ghatkopar,Internal Road,2377
R0981,S.V. Road - Sector 13,C,City,Connector,2075
R0982,Linking Road - Sector 3,P North,Malad,Main Road,2368
R0983,Veer Savarkar Road - Sector 32,H East,West,Internal Road,843
R0984,Veer Savarkar Road - Sector 23,A,City,Internal Road,1438
R0985,Market Road - Sector 18,G North,Central,Main Road,1255
R0986,Linking Road - Sector 36,K West,Andheri,Internal Road,1123
R0987,Veer Savarkar Road - Sector 26,E,City,Connector,762
R0988,Palm Beach Road - Sector 34,C,City,Connector,1131
R0989,Dr Annie Besant Road - Sector 37,L,Kurla,Main Road,1946
R0990,Hospital Road - Sector 22,H East,West,Internal Road,2420
R0991,Dr Annie Besant Road - Sector 9,E,City,Connector,2417
R0992,Dr Annie Besant Road - Sector 9,R South,Borivali,Internal Road,2345
R0993,Palm Beach Road - Sector 10,E,City,Connector,847
R0994,LBS Marg - Sector 36,H West,West,Connector,684
R0995,Veer Savarkar Road - Sector 10,F North,South Central,Connector,320
R0996,Palm Beach Road - Sector 27,H West,West,Internal Road,2014
R0997,Metro Road - Sector 18,T,Mulund,Main Road,969
R0998,S.V. Road - Sector 12,D,City,Main Road,1293
R0999,Hospital Road - Sector 40,R North,Borivali,Main Road,1151
R1000,Metro Road - Sector 2,G North,Central,Internal Road,525
R1001,Station Road - Sector 9,S,Powai,Connector,2120
R1002,Metro Road - Sector 24,S,Powai,Main Road,1787
R1003,Station Road - Sector 9,M West,Chembur,Main Road,991
R1004,Linking Road - Sector 27,G North,Central,Main Road,1305
R1005,Dr Annie Besant Road - Sector 13,L,Kurla,Main Road,470
R1006,Station Road - Sector 40,F North,South Central,Internal Road,1530
R1007,Dr Annie Besant Road - Sector 28,M East,Chembur,Internal Road,371
R1008,Palm Beach Road - Sector 21,R North,Borivali,Internal Road,2396
R1009,Metro Road - Sector 3,N,Ghatkopar,Connector,647
R1010,Station Road - Sector 3,M East,Chembur,Main Road,2324
R1011,Palm Beach Road - Sector 3,P North,Malad,Connector,1786
R1012,Metro Road - Sector 4,N,Ghatkopar,Main Road,1392
R1013,Palm Beach Road - Sector 20,M East,Chembur,Internal Road,2089
R1014,Palm Beach Road - Sector 19,F North,South Central,Connector,423
R1015,Market Road - Sector 10,S,Powai,Internal Road,2050
R1016,Market Road - Sector 8,C,City,Main Road,2438
R1017,Palm Beach Road - Sector 27,E,City,Internal Road,2046
R1018,S.V. Road - Sector 30,A,City,Connector,1027
R1019,LBS Marg - Sector 17,M East,Chembur,Internal Road,871
R1020,LBS Marg - Sector 6,S,Powai,Main Road,2040
R1021,Veer Savarkar Road - Sector 6,R Central,Borivali,Connector,1773
R1022,Market Road - Sector 40,T,Mulund,Main Road,1751
R1023,Palm Beach Road - Sector 3,P North,Malad,Main Road,1572
R1024,Metro Road - Sector 10,P South,Malad,Main Road,792
R1025,Linking Road - Sector 27,F North,South Central,Internal Road,1467
R1026,Station Road - Sector 19,T,Mulund,Connector,940
R1027,S.V. Road - Sector 13,D,City,Main Road,1236
R1028,Station Road - Sector 32,A,City,Internal Road,2426
R1029,Hospital Road - Sector 32,A,City,Main Road,1088
R1030,Metro Road - Sector 31,P South,Malad,Internal Road,1879
R1031,LBS Marg - Sector 39,M East,Chembur,Connector,226
R1032,Market Road - Sector 18,G North,Central,Connector,2483
R1033,Linking Road - Sector 12,F South,South Central,Main Road,425
R1034,Veer Savarkar Road - Sector 3,R Central,Borivali,Main Road,332
R1035,Hospital Road - Sector 39,R South,Borivali,Internal Road,1556
R1036,Linking Road - Sector 7,C,City,Internal Road,930
R1037,Metro Road - Sector 19,F North,South Central,Connector,926
R1038,Hospital Road - Sector 24,M East,Chembur,Main Road,581
R1039,Veer Savarkar Road - Sector 24,H East,West,Internal Road,477
R1040,Market Road - Sector 5,L,Kurla,Internal Road,2128
R1041,LBS Marg - Sector 18,E,City,Internal Road,2358
R1042,Market Road - Sector 14,L,Kurla,Connector,1056
R1043,Linking Road - Sector 7,R North,Borivali,Connector,2366
R1044,Station Road - Sector 39,C,City,Connector,1376
R1045,Hospital Road - Sector 21,L,Kurla,Internal Road,2352
R1046,Hospital Road - Sector 23,P South,Malad,Main Road,2233
R1047,Metro Road - Sector 32,N,Ghatkopar,Internal Road,936
R1048,Dr Annie Besant Road - Sector 19,R North,Borivali,Main Road,206
R1049,Linking Road - Sector 30,D,City,Connector,683
R1050,Dr Annie Besant Road - Sector 40,T,Mulund,Internal Road,1895
R1051,Veer Savarkar Road - Sector 23,B,City,Connector,1069
R1052,Metro Road - Sector 13,A,City,Connector,1353
R1053,LBS Marg - Sector 20,G South,Central,Internal Road,2275
R1054,Veer Savarkar Road - Sector 1,P North,Malad,Main Road,1565
R1055,Palm Beach Road - Sector 37,H West,West,Connector,319
R1056,Dr Annie Besant Road - Sector 22,F North,South Central,Internal Road,2162
R1057,Linking Road - Sector 9,M West,Chembur,Internal Road,836
R1058,Station Road - Sector 35,R Central,Borivali,Internal Road,2094
R1059,Linking Road - Sector 34,L,Kurla,Internal Road,1492
R1060,Market Road - Sector 2,P North,Malad,Main Road,1558
R1061,LBS Marg - Sector 10,K East,Andheri,Internal Road,327
R1062,Palm Beach Road - Sector 35,H West,West,Main Road,1795
R1063,Hospital Road - Sector 8,F North,South Central,Internal Road,1488
R1064,Linking Road - Sector 18,S,Powai,Internal Road,555
R1065,Dr Annie Besant Road - Sector 24,M West,Chembur,Internal Road,1439
R1066,Market Road - Sector 20,F South,South Central,Main Road,659
R1067,Linking Road - Sector 13,K East,Andheri,Main Road,2017
R1068,Linking Road - Sector 31,N,Ghatkopar,Connector,831
R1069,Veer Savarkar Road - Sector 31,F South,South Central,Connector,2344
R1070,Veer Savarkar Road - Sector 10,H East,West,Main Road,2314
R1071,S.V. Road - Sector 14,R South,Borivali,Connector,349
R1072,Palm Beach Road - Sector 34,M East,Chembur,Main Road,216
R1073,Linking Road - Sector 39,H East,West,Main Road,1565
R1074,Linking Road - Sector 7,M East,Chembur,Connector,1479
R1075,Hospital Road - Sector 20,A,City,Connector,1059
R1076,Dr Annie Besant Road - Sector 13,H West,West,Internal Road,1333
R1077,Veer Savarkar Road - Sector 29,P North,Malad,Connector,681
R1078,S.V. Road - Sector 11,G South,Central,Internal Road,668
R1079,Hospital Road - Sector 36,A,City,Connector,619
R1080,Market Road - Sector 23,F South,South Central,Connector,1504
R1081,S.V. Road - Sector 19,G South,Central,Connector,1202
R1082,LBS Marg - Sector 20,F North,South Central,Connector,1587
R1083,Station Road - Sector 4,P North,Malad,Main Road,318
R1084,Metro Road - Sector 4,M West,Chembur,Main Road,1771
R1085,LBS Marg - Sector 28,B,City,Internal Road,933
R1086,Hospital Road - Sector 38,S,Powai,Connector,2026
R1087,Veer Savarkar Road - Sector 20,R North,Borivali,Internal Road,1011
R1088,Metro Road - Sector 35,S,Powai,Main Road,2107
R1089,S.V. Road - Sector 6,P South,Malad,Connector,2118
R1090,Station Road - Sector 20,D,City,Connector,2106
R1091,Dr Annie Besant Road - Sector 15,M West,Chembur,Main Road,1256
R1092,Palm Beach Road - Sector 12,K East,Andheri,Connector,1553
R1093,Station Road - Sector 32,H West,West,Main Road,467
R1094,LBS Marg - Sector 23,M West,Chembur,Internal Road,2089
R1095,Marine Drive - Sector 23,F North,South Central,Connector,721
R1096,LBS Marg - Sector 26,N,Ghatkopar,Connector,638
R1097,Market Road - Sector 5,H West,West,Internal Road,2382
R1098,Palm Beach Road - Sector 38,M East,Chembur,Internal Road,1177
R1099,Dr Annie Besant Road - Sector 36,R North,Borivali,Main Road,2175
R1100,LBS Marg - Sector 22,K West,Andheri,Main Road,1965
R1101,Hospital Road - Sector 22,L,Kurla,Connector,1167
R1102,Metro Road - Sector 5,F North,South Central,Connector,2193
R1103,Hospital Road - Sector 39,D,City,Internal Road,1532
R1104,LBS Marg - Sector 29,P North,Malad,Main Road,1461
R1105,LBS Marg - Sector 39,K West,Andheri,Main Road,1752
R1106,Station Road - Sector 4,H West,West,Main Road,1091
R1107,Hospital Road - Sector 1,E,City,Main Road,811
R1108,Market Road - Sector 19,M East,Chembur,Internal Road,2031
R1109,Dr Annie Besant Road - Sector 21,F South,South Central,Internal Road,1447
R1110,Veer Savarkar Road - Sector 6,L,Kurla,Connector,233
R1111,Market Road - Sector 26,R North,Borivali,Main Road,1404
R1112,Veer Savarkar Road - Sector 36,B,City,Main Road,203
R1113,Market Road - Sector 23,S,Powai,Main Road,1355
R1114,Dr Annie Besant Road - Sector 28,A,City,Connector,1814
R1115,Veer Savarkar Road - Sector 25,R Central,Borivali,Internal Road,1762
R1116,Market Road - Sector 14,L,Kurla,Connector,910
R1117,S.V. Road - Sector 13,M West,Chembur,Connector,1775
R1118,Palm Beach Road - Sector 10,K East,Andheri,Internal Road,714
R1119,Linking Road - Sector 5,E,City,Connector,264
R1120,Station Road - Sector 28,E,City,Main Road,546
R1121,Metro Road - Sector 27,E,City,Internal Road,1943
R1122,S.V. Road - Sector 30,R North,Borivali,Connector,1937
R1123,Station Road - Sector 25,P North,Malad,Internal Road,1124
R1124,Palm Beach Road - Sector 39,F North,South Central,Main Road,2240
R1125,Dr Annie Besant Road - Sector 33,T,Mulund,Internal Road,1882
R1126,Hospital Road - Sector 24,P North,Malad,Main Road,355
R1127,Station Road - Sector 24,P South,Malad,Main Road,2172
R1128,LBS Marg - Sector 10,S,Powai,Connector,2356
R1129,Station Road - Sector 34,G South,Central,Main Road,2343
R1130,LBS Marg - Sector 16,R North,Borivali,Internal Road,519
R1131,Metro Road - Sector 35,R South,Borivali,Connector,1479
R1132,Linking Road - Sector 22,R North,Borivali,Connector,244
R1133,Station Road - Sector 33,M West,Chembur,Internal Road,1557
R1134,Veer Savarkar Road - Sector 19,L,Kurla,Internal Road,886
R1135,Hospital Road - Sector 20,B,City,Connector,1266
R1136,Metro Road - Sector 31,B,City,Connector,892
R1137,Linking Road - Sector 19,P South,Malad,Connector,311
R1138,Station Road - Sector 6,H East,West,Main Road,2270
R1139,Marine Drive - Sector 17,C,City,Main Road,1350
R1140,Marine Drive - Sector 1,G South,Central,Connector,656
R1141,S.V. Road - Sector 38,R North,Borivali,Connector,819
R1142,Station Road - Sector 24,R South,Borivali,Main Road,1270
R1143,Dr Annie Besant Road - Sector 32,S,Powai,Main Road,2360
R1144,Veer Savarkar Road - Sector 6,B,City,Main Road,831
R1145,Palm Beach Road - Sector 25,M West,Chembur,Main Road,2002
R1146,Metro Road - Sector 11,T,Mulund,Main Road,1613
R1147,Metro Road - Sector 17,B,City,Main Road,415
R1148,Station Road - Sector 26,F North,South Central,Internal Road,1434
R1149,Market Road - Sector 15,M West,Chembur,Internal Road,1797
R1150,Marine Drive - Sector 10,M West,Chembur,Connector,1980
R1151,Marine Drive - Sector 29,A,City,Internal Road,1493
R1152,Metro Road - Sector 3,N,Ghatkopar,Main Road,2376
R1153,Veer Savarkar Road - Sector 28,R Central,Borivali,Connector,1316
R1154,Marine Drive - Sector 18,H West,West,Main Road,1245
R1155,Hospital Road - Sector 26,R Central,Borivali,Internal Road,1190
R1156,Metro Road - Sector 38,T,Mulund,Main Road,2329
R1157,Metro Road - Sector 12,H West,West,Internal Road,2443
R1158,Metro Road - Sector 1,A,City,Main Road,248
R1159,LBS Marg - Sector 34,L,Kurla,Main Road,2026
R1160,Dr Annie Besant Road - Sector 19,K East,Andheri,Internal Road,990
R1161,Linking Road - Sector 40,B,City,Main Road,432
R1162,Metro Road - Sector 14,R North,Borivali,Connector,698
R1163,LBS Marg - Sector 6,S,Powai,Connector,732
R1164,Metro Road - Sector 37,K West,Andheri,Main Road,654
R1165,S.V. Road - Sector 17,S,Powai,Internal Road,2112
R1166,LBS Marg - Sector 30,R South,Borivali,Internal Road,1948
R1167,Metro Road - Sector 21,S,Powai,Internal Road,863
R1168,Marine Drive - Sector 4,C,City,Internal Road,1791
R1169,Linking Road - Sector 17,H West,West,Internal Road,928
R1170,LBS Marg - Sector 32,M East,Chembur,Main Road,1808
R1171,Metro Road - Sector 32,F North,South Central,Main Road,789
R1172,Palm Beach Road - Sector 14,P North,Malad,Connector,635
R1173,Marine Drive - Sector 7,M East,Chembur,Main Road,498
R1174,Hospital Road - Sector 17,C,City,Internal Road,276
R1175,S.V. Road - Sector 1,M West,Chembur,Main Road,1799
R1176,S.V. Road - Sector 22,G South,Central,Internal Road,215
R1177,Station Road - Sector 31,N,Ghatkopar,Internal Road,1854
R1178,LBS Marg - Sector 35,T,Mulund,Main Road,213
R1179,Station Road - Sector 8,K West,Andheri,Connector,2392
R1180,Veer Savarkar Road - Sector 20,K East,Andheri,Internal Road,426
R1181,Metro Road - Sector 6,R Central,Borivali,Internal Road,2389
R1182,LBS Marg - Sector 30,H West,West,Internal Road,1031
R1183,Market Road - Sector 3,F North,South Central,Internal Road,982
R1184,Palm Beach Road - Sector 7,H East,West,Connector,1671
R1185,LBS Marg - Sector 29,M West,Chembur,Connector,976
R1186,Linking Road - Sector 13,E,City,Main Road,1176
R1187,Palm Beach Road - Sector 5,M West,Chembur,Connector,1460
R1188,Market Road - Sector 29,M West,Chembur,Main Road,351
R1189,Linking Road - Sector 22,H West,West,Connector,375
R1190,LBS Marg - Sector 14,K West,Andheri,Connector,2342
R1191,Metro Road - Sector 35,M East,Chembur,Main Road,1154
R1192,Linking Road - Sector 10,C,City,Internal Road,278
R1193,Hospital Road - Sector 3,M West,Chembur,Main Road,734
R1194,S.V. Road - Sector 4,A,City,Internal Road,598
R1195,Hospital Road - Sector 11,M East,Chembur,Connector,461
R1196,LBS Marg - Sector 32,D,City,Connector,1103
R1197,Dr Annie Besant Road - Sector 28,C,City,Internal Road,1846
R1198,LBS Marg - Sector 37,H West,West,Connector,762
R1199,Dr Annie Besant Road - Sector 3,H West,West,Connector,910
R1200,LBS Marg - Sector 8,H West,West,Internal Road,778
R1201,S.V. Road - Sector 24,L,Kurla,Connector,875
R1202,Dr Annie Besant Road - Sector 38,M East,Chembur,Main Road,746
R1203,Metro Road - Sector 40,D,City,Internal Road,846
R1204,Station Road - Sector 6,A,City,Main Road,229
R1205,LBS Marg - Sector 38,F North,South Central,Internal Road,1904
R1206,Station Road - Sector 9,S,Powai,Main Road,786
R1207,Marine Drive - Sector 34,R Central,Borivali,Internal Road,1887
R1208,S.V. Road - Sector 40,G North,Central,Connector,354
R1209,S.V. Road - Sector 32,R North,Borivali,Connector,560
R1210,Marine Drive - Sector 23,R Central,Borivali,Internal Road,218
R1211,Dr Annie Besant Road - Sector 13,P North,Malad,Main Road,2371
R1212,Hospital Road - Sector 24,D,City,Connector,2278
R1213,Station Road - Sector 14,G North,Central,Internal Road,417
R1214,LBS Marg - Sector 10,F South,South Central,Connector,2143
R1215,S.V. Road - Sector 11,M West,Chembur,Connector,376
R1216,Metro Road - Sector 24,B,City,Internal Road,1058
R1217,Marine Drive - Sector 22,L,Kurla,Connector,2056
R1218,LBS Marg - Sector 4,B,City,Connector,920
R1219,Linking Road - Sector 32,F North,South Central,Connector,675
R1220,Dr Annie Besant Road - Sector 29,C,City,Connector,1535
R1221,Dr Annie Besant Road - Sector 21,L,Kurla,Main Road,651
R1222,Dr Annie Besant Road - Sector 7,H West,West,Main Road,1889
R1223,Palm Beach Road - Sector 15,F South,South Central,Main Road,2129
R1224,Station Road - Sector 4,P South,Malad,Internal Road,793
R1225,Hospital Road - Sector 30,F South,South Central,Main Road,1786
R1226,S.V. Road - Sector 30,K East,Andheri,Connector,995
R1227,Veer Savarkar Road - Sector 18,R Central,Borivali,Main Road,1575
R1228,Linking Road - Sector 37,E,City,Main Road,1349
R1229,LBS Marg - Sector 30,E,City,Internal Road,1913
R1230,Veer Savarkar Road - Sector 15,F North,South Central,Internal Road,842
R1231,Hospital Road - Sector 11,R Central,Borivali,Connector,2464
R1232,LBS Marg - Sector 27,G North,Central,Connector,2203
R1233,Hospital Road - Sector 31,F South,South Central,Internal Road,1343
R1234,Palm Beach Road - Sector 16,A,City,Main Road,1540
R1235,Hospital Road - Sector 15,L,Kurla,Connector,810
R1236,Linking Road - Sector 27,P South,Malad,Main Road,364
R1237,Market Road - Sector 3,M West,Chembur,Internal Road,2375
R1238,Station Road - Sector 7,K West,Andheri,Internal Road,2228
R1239,LBS Marg - Sector 36,G North,Central,Main Road,1865
R1240,S.V. Road - Sector 23,F South,South Central,Internal Road,1179
R1241,LBS Marg - Sector 2,R Central,Borivali,Internal Road,1448
R1242,Station Road - Sector 37,F North,South Central,Connector,299
R1243,Station Road - Sector 9,M East,Chembur,Connector,1860
R1244,Veer Savarkar Road - Sector 30,F North,South Central,Connector,205
R1245,LBS Marg - Sector 25,R Central,Borivali,Connector,1563
R1246,Linking Road - Sector 19,N,Ghatkopar,Internal Road,1305
R1247,Hospital Road - Sector 35,S,Powai,Connector,1048
R1248,LBS Marg - Sector 40,R South,Borivali,Internal Road,424
R1249,Metro Road - Sector 24,N,Ghatkopar,Main Road,654
R1250,Veer Savarkar Road - Sector 30,K West,Andheri,Connector,367
R1251,Veer Savarkar Road - Sector 12,K East,Andheri,Connector,2488
R1252,LBS Marg - Sector 36,S,Powai,Connector,1038
R1253,Veer Savarkar Road - Sector 16,E,City,Connector,665
R1254,Station Road - Sector 38,R Central,Borivali,Connector,1059
R1255,Dr Annie Besant Road - Sector 21,T,Mulund,Internal Road,1295
R1256,Metro Road - Sector 28,N,Ghatkopar,Internal Road,423
R1257,Veer Savarkar Road - Sector 23,C,City,Internal Road,2191
R1258,Market Road - Sector 8,N,Ghatkopar,Internal Road,2378
R1259,Market Road - Sector 19,R South,Borivali,Internal Road,1707
R1260,LBS Marg - Sector 13,R South,Borivali,Internal Road,557
R1261,Palm Beach Road - Sector 12,C,City,Internal Road,515
R1262,S.V. Road - Sector 18,D,City,Main Road,806
R1263,S.V. Road - Sector 14,M West,Chembur,Connector,292
R1264,Palm Beach Road - Sector 35,H East,West,Main Road,2141
R1265,Palm Beach Road - Sector 29,K East,Andheri,Connector,287
R1266,Dr Annie Besant Road - Sector 5,H East,West,Main Road,1151
R1267,Metro Road - Sector 22,N,Ghatkopar,Internal Road,1604
R1268,Metro Road - Sector 21,R Central,Borivali,Internal Road,2371
R1269,Station Road - Sector 30,P North,Malad,Internal Road,740
R1270,S.V. Road - Sector 17,H East,West,Main Road,2183
R1271,Marine Drive - Sector 4,K East,Andheri,Main Road,1646
R1272,Station Road - Sector 11,H East,West,Connector,858
R1273,Market Road - Sector 19,S,Powai,Main Road,918
R1274,Metro Road - Sector 10,S,Powai,Main Road,1174
R1275,Linking Road - Sector 21,D,City,Connector,718
R1276,Marine Drive - Sector 24,M East,Chembur,Main Road,1040
R1277,Linking Road - Sector 21,P North,Malad,Internal Road,805
R1278,Station Road - Sector 35,K East,Andheri,Main Road,2385
R1279,LBS Marg - Sector 2,H East,West,Internal Road,2245
R1280,Station Road - Sector 21,E,City,Main Road,217
R1281,Market Road - Sector 33,T,Mulund,Internal Road,1410
R1282,Marine Drive - Sector 37,M West,Chembur,Connector,802
R1283,Station Road - Sector 22,P South,Malad,Connector,660
R1284,Station Road - Sector 3,T,Mulund,Main Road,2456
R1285,Marine Drive - Sector 2,D,City,Internal Road,1102
R1286,Veer Savarkar Road - Sector 6,M East,Chembur,Internal Road,425
R1287,Metro Road - Sector 13,R North,Borivali,Connector,2356
R1288,Marine Drive - Sector 13,G North,Central,Main Road,542
R1289,Station Road - Sector 6,P North,Malad,Connector,1815
R1290,Station Road - Sector 21,F South,South Central,Connector,2295
R1291,Metro Road - Sector 24,B,City,Internal Road,805
R1292,Palm Beach Road - Sector 24,S,Powai,Internal Road,1727
R1293,Marine Drive - Sector 23,A,City,Internal Road,1461
R1294,Market Road - Sector 6,M East,Chembur,Main Road,2019
R1295,Palm Beach Road - Sector 29,T,Mulund,Internal Road,870
R1296,Palm Beach Road - Sector 27,T,Mulund,Main Road,552
R1297,Dr Annie Besant Road - Sector 20,E,City,Internal Road,2351
R1298,LBS Marg - Sector 38,H West,West,Internal Road,562
R1299,Palm Beach Road - Sector 18,A,City,Internal Road,916
R1300,Station Road - Sector 37,P North,Malad,Main Road,1016
R1301,Palm Beach Road - Sector 19,F North,South Central,Connector,2209
R1302,Marine Drive - Sector 38,B,City,Internal Road,2223
R1303,Station Road - Sector 15,P North,Malad,Main Road,210
R1304,Marine Drive - Sector 20,E,City,Connector,2135
R1305,Metro Road - Sector 19,D,City,Internal Road,934
R1306,Metro Road - Sector 16,M West,Chembur,Main Road,688
R1307,Station Road - Sector 5,G South,Central,Connector,1681
R1308,Station Road - Sector 37,P South,Malad,Internal Road,1256
R1309,Metro Road - Sector 31,R Central,Borivali,Connector,689
R1310,Market Road - Sector 37,K East,Andheri,Main Road,1263
R1311,Hospital Road - Sector 4,F North,South Central,Main Road,1509
R1312,S.V. Road - Sector 23,M East,Chembur,Main Road,416
R1313,Veer Savarkar Road - Sector 27,G South,Central,Connector,1658
R1314,Marine Drive - Sector 19,B,City,Connector,514
R1315,Dr Annie Besant Road - Sector 12,N,Ghatkopar,Main Road,884
R1316,Veer Savarkar Road - Sector 21,P North,Malad,Connector,1433
R1317,Metro Road - Sector 24,G South,Central,Main Road,2388
R1318,Veer Savarkar Road - Sector 10,P South,Malad,Main Road,760
R1319,Marine Drive - Sector 24,N,Ghatkopar,Internal Road,1887
R1320,S.V. Road - Sector 7,H West,West,Main Road,833
R1321,Dr Annie Besant Road - Sector 13,N,Ghatkopar,Connector,2353
R1322,Market Road - Sector 8,P North,Malad,Internal Road,2086
R1323,LBS Marg - Sector 9,C,City,Main Road,2164
R1324,Marine Drive - Sector 24,K East,Andheri,Main Road,2010
R1325,Market Road - Sector 22,R North,Borivali,Main Road,1447
R1326,LBS Marg - Sector 15,A,City,Main Road,783
R1327,Dr Annie Besant Road - Sector 20,S,Powai,Main Road,1059
R1328,LBS Marg - Sector 28,E,City,Connector,657
R1329,Linking Road - Sector 31,C,City,Internal Road,374
R1330,LBS Marg - Sector 3,F South,South Central,Connector,2303
R1331,Linking Road - Sector 31,P South,Malad,Main Road,1236
R1332,LBS Marg - Sector 20,B,City,Connector,242
R1333,LBS Marg - Sector 39,D,City,Main Road,1019
R1334,Metro Road - Sector 23,F North,South Central,Main Road,571
R1335,Marine Drive - Sector 38,E,City,Internal Road,1642
R1336,Market Road - Sector 40,F North,South Central,Main Road,2268
R1337,LBS Marg - Sector 7,P South,Malad,Connector,257
R1338,Dr Annie Besant Road - Sector 13,N,Ghatkopar,Internal Road,903
R1339,Linking Road - Sector 7,P North,Malad,Main Road,2265
R1340,Station Road - Sector 24,S,Powai,Connector,958
R1341,Metro Road - Sector 7,M East,Chembur,Main Road,1653
R1342,Palm Beach Road - Sector 14,K West,Andheri,Connector,1132
R1343,LBS Marg - Sector 21,L,Kurla,Main Road,2108
R1344,Market Road - Sector 9,D,City,Internal Road,1679
R1345,Marine Drive - Sector 36,S,Powai,Connector,366
R1346,Veer Savarkar Road - Sector 32,C,City,Main Road,1776
R1347,Station Road - Sector 39,H East,West,Connector,1477
R1348,Station Road - Sector 15,R South,Borivali,Connector,1868
R1349,Palm Beach Road - Sector 13,H East,West,Main Road,2148
R1350,Veer Savarkar Road - Sector 12,R South,Borivali,Main Road,2213
R1351,LBS Marg - Sector 26,R South,Borivali,Internal Road,2340
R1352,Metro Road - Sector 6,R South,Borivali,Main Road,787
R1353,Palm Beach Road - Sector 38,K West,Andheri,Main Road,891
R1354,Veer Savarkar Road - Sector 13,C,City,Internal Road,1020
R1355,Palm Beach Road - Sector 8,R North,Borivali,Main Road,1939
R1356,Station Road - Sector 18,T,Mulund,Connector,1318
R1357,Palm Beach Road - Sector 23,R Central,Borivali,Internal Road,1856
R1358,Market Road - Sector 18,M West,Chembur,Main Road,2062
R1359,LBS Marg - Sector 17,D,City,Internal Road,2236
R1360,Metro Road - Sector 9,G North,Central,Main Road,607
R1361,Linking Road - Sector 5,T,Mulund,Internal Road,309
R1362,Palm Beach Road - Sector 39,F North,South Central,Connector,1539
R1363,Marine Drive - Sector 40,E,City,Connector,594
R1364,Metro Road - Sector 34,C,City,Internal Road,2108
R1365,Marine Drive - Sector 32,F South,South Central,Internal Road,2267
R1366,Market Road - Sector 22,G South,Central,Connector,2438
R1367,Linking Road - Sector 28,A,City,Main Road,1771
R1368,Veer Savarkar Road - Sector 25,M East,Chembur,Internal Road,2082
R1369,Linking Road - Sector 12,B,City,Connector,1441
R1370,S.V. Road - Sector 32,S,Powai,Internal Road,750
R1371,Palm Beach Road - Sector 32,H East,West,Main Road,2209
R1372,Market Road - Sector 35,R South,Borivali,Connector,2124
R1373,Market Road - Sector 11,M West,Chembur,Connector,428
R1374,Marine Drive - Sector 32,K West,Andheri,Connector,1747
R1375,Metro Road - Sector 23,R North,Borivali,Internal Road,1512
R1376,Linking Road - Sector 38,B,City,Main Road,725
R1377,Veer Savarkar Road - Sector 38,K East,Andheri,Main Road,1597
R1378,LBS Marg - Sector 28,K West,Andheri,Internal Road,1663
R1379,Veer Savarkar Road - Sector 4,L,Kurla,Connector,1200
R1380,Dr Annie Besant Road - Sector 20,G North,Central,Connector,547
R1381,LBS Marg - Sector 20,S,Powai,Main Road,1582
R1382,Linking Road - Sector 35,F North,South Central,Internal Road,353
R1383,Metro Road - Sector 28,M East,Chembur,Connector,2308
R1384,Marine Drive - Sector 2,L,Kurla,Connector,2123
R1385,Linking Road - Sector 21,P South,Malad,Internal Road,1798
R1386,Hospital Road - Sector 7,H West,West,Internal Road,609
R1387,Metro Road - Sector 14,S,Powai,Internal Road,2234
R1388,Metro Road - Sector 22,N,Ghatkopar,Main Road,1426
R1389,Palm Beach Road - Sector 13,K East,Andheri,Internal Road,508
R1390,Dr Annie Besant Road - Sector 19,P North,Malad,Internal Road,394
R1391,Hospital Road - Sector 26,H East,West,Main Road,576
R1392,Hospital Road - Sector 7,S,Powai,Connector,1579
R1393,LBS Marg - Sector 37,G South,Central,Connector,2146
R1394,Dr Annie Besant Road - Sector 23,L,Kurla,Main Road,1436
R1395,Marine Drive - Sector 28,N,Ghatkopar,Connector,2411
R1396,Dr Annie Besant Road - Sector 27,H West,West,Internal Road,1229
R1397,Market Road - Sector 30,R North,Borivali,Connector,2442
R1398,Linking Road - Sector 34,F North,South Central,Main Road,2244
R1399,Metro Road - Sector 30,F South,South Central,Internal Road,2382
R1400,Palm Beach Road - Sector 37,R North,Borivali,Connector,445
R1401,Dr Annie Besant Road - Sector 24,N,Ghatkopar,Internal Road,805
R1402,S.V. Road - Sector 20,G North,Central,Internal Road,1880
R1403,LBS Marg - Sector 14,H West,West,Internal Road,1293
R1404,Metro Road - Sector 11,H East,West,Internal Road,1167
R1405,Dr Annie Besant Road - Sector 8,K West,Andheri,Main Road,986
R1406,Dr Annie Besant Road - Sector 20,A,City,Internal Road,2188
R1407,Palm Beach Road - Sector 28,P North,Malad,Connector,351
R1408,S.V. Road - Sector 18,F South,South Central,Main Road,319
R1409,Marine Drive - Sector 36,G South,Central,Main Road,372
R1410,Station Road - Sector 2,T,Mulund,Main Road,543
R1411,Hospital Road - Sector 20,H West,West,Main Road,1867
R1412,Metro Road - Sector 6,K East,Andheri,Internal Road,775
R1413,LBS Marg - Sector 37,G North,Central,Connector,2249
R1414,Market Road - Sector 38,D,City,Connector,1231
R1415,LBS Marg - Sector 16,M West,Chembur,Connector,700
R1416,Veer Savarkar Road - Sector 38,H West,West,Connector,1797
R1417,Dr Annie Besant Road - Sector 28,T,Mulund,Main Road,790
R1418,S.V. Road - Sector 14,D,City,Internal Road,2000
R1419,Marine Drive - Sector 38,L,Kurla,Main Road,2208
R1420,Veer Savarkar Road - Sector 8,P North,Malad,Internal Road,2435
R1421,Station Road - Sector 16,L,Kurla,Internal Road,793
R1422,Station Road - Sector 24,K East,Andheri,Internal Road,286
R1423,Hospital Road - Sector 3,R Central,Borivali,Connector,423
R1424,Metro Road - Sector 16,S,Powai,Internal Road,2463
R1425,Marine Drive - Sector 24,K West,Andheri,Connector,699
R1426,Dr Annie Besant Road - Sector 29,P North,Malad,Internal Road,232
R1427,Marine Drive - Sector 20,K West,Andheri,Main Road,1164
R1428,Dr Annie Besant Road - Sector 11,H East,West,Internal Road,1499
R1429,Palm Beach Road - Sector 3,R Central,Borivali,Internal Road,528
R1430,Station Road - Sector 27,M West,Chembur,Internal Road,1930
R1431,S.V. Road - Sector 17,D,City,Connector,471
R1432,Palm Beach Road - Sector 39,K East,Andheri,Connector,2443
R1433,Veer Savarkar Road - Sector 30,T,Mulund,Connector,312
R1434,Metro Road - Sector 12,B,City,Connector,2016
R1435,S.V. Road - Sector 1,R Central,Borivali,Internal Road,1019
R1436,Marine Drive - Sector 21,R Central,Borivali,Connector,536
R1437,S.V. Road - Sector 16,D,City,Connector,732
R1438,Metro Road - Sector 27,R North,Borivali,Internal Road,2049
R1439,S.V. Road - Sector 17,M West,Chembur,Main Road,1541
R1440,Dr Annie Besant Road - Sector 6,H East,West,Internal Road,1705
R1441,Palm Beach Road - Sector 25,F North,South Central,Connector,1119
R1442,Linking Road - Sector 36,A,City,Connector,1136
R1443,Station Road - Sector 13,C,City,Internal Road,891
R1444,Palm Beach Road - Sector 40,B,City,Internal Road,1265
R1445,LBS Marg - Sector 24,E,City,Main Road,680
R1446,Market Road - Sector 28,A,City,Internal Road,2224
R1447,Dr Annie Besant Road - Sector 14,D,City,Main Road,1290
R1448,Station Road - Sector 25,H East,West,Main Road,1966
R1449,Hospital Road - Sector 14,F South,South Central,Internal Road,975
R1450,S.V. Road - Sector 27,L,Kurla,Main Road,317
R1451,Marine Drive - Sector 16,H East,West,Connector,2047
R1452,Veer Savarkar Road - Sector 38,G North,Central,Connector,2076
R1453,Linking Road - Sector 31,C,City,Main Road,1524
R1454,Palm Beach Road - Sector 14,S,Powai,Connector,1770
R1455,Palm Beach Road - Sector 39,S,Powai,Internal Road,499
R1456,Market Road - Sector 4,D,City,Main Road,1563
R1457,Station Road - Sector 23,G North,Central,Connector,386
R1458,Marine Drive - Sector 33,A,City,Connector,1760
R1459,Palm Beach Road - Sector 24,H East,West,Main Road,2491
R1460,Hospital Road - Sector 12,B,City,Internal Road,895
R1461,Station Road - Sector 22,N,Ghatkopar,Internal Road,740
R1462,Veer Savarkar Road - Sector 34,C,City,Internal Road,780
R1463,LBS Marg - Sector 21,G South,Central,Main Road,723
R1464,Marine Drive - Sector 24,M West,Chembur,Internal Road,1358
R1465,Hospital Road - Sector 17,G South,Central,Connector,1482
R1466,S.V. Road - Sector 21,L,Kurla,Connector,2212
R1467,Market Road - Sector 29,E,City,Main Road,973
R1468,Linking Road - Sector 15,E,City,Main Road,346
R1469,Marine Drive - Sector 11,M West,Chembur,Connector,2113
R1470,LBS Marg - Sector 32,L,Kurla,Main Road,2008
R1471,Market Road - Sector 32,K East,Andheri,Internal Road,2219
R1472,S.V. Road - Sector 8,D,City,Internal Road,583
R1473,Marine Drive - Sector 12,F South,South Central,Main Road,2283
R1474,Hospital Road - Sector 38,G South,Central,Main Road,216
R1475,Hospital Road - Sector 12,N,Ghatkopar,Internal Road,514
R1476,Station Road - Sector 7,G North,Central,Internal Road,306
R1477,Metro Road - Sector 8,H East,West,Internal Road,1730
R1478,LBS Marg - Sector 21,P South,Malad,Main Road,318
R1479,Station Road - Sector 31,C,City,Internal Road,1303
R1480,Metro Road - Sector 1,R North,Borivali,Internal Road,379
R1481,Hospital Road - Sector 29,R Central,Borivali,Internal Road,729
R1482,Linking Road - Sector 19,F South,South Central,Internal Road,427
R1483,LBS Marg - Sector 36,T,Mulund,Connector,1762
R1484,Palm Beach Road - Sector 17,C,City,Main Road,1183
R1485,LBS Marg - Sector 2,K West,Andheri,Main Road,867
R1486,Palm Beach Road - Sector 19,K West,Andheri,Connector,831
R1487,Marine Drive - Sector 32,D,City,Internal Road,1470
R1488,Hospital Road - Sector 9,R South,Borivali,Internal Road,593
R1489,Market Road - Sector 13,K East,Andheri,Internal Road,2024
R1490,Station Road - Sector 18,K West,Andheri,Connector,1932
R1491,Palm Beach Road - Sector 24,C,City,Connector,963
R1492,Metro Road - Sector 28,L,Kurla,Main Road,365
R1493,Veer Savarkar Road - Sector 30,N,Ghatkopar,Connector,1118
R1494,Metro Road - Sector 10,R Central,Borivali,Internal Road,2359
R1495,Metro Road - Sector 34,R Central,Borivali,Main Road,1390
R1496,Palm Beach Road - Sector 6,M East,Chembur,Internal Road,1430
R1497,S.V. Road - Sector 20,E,City,Main Road,2342
R1498,Marine Drive - Sector 37,L,Kurla,Main Road,2456
R1499,Linking Road - Sector 33,C,City,Main Road,2291
R1500,Palm Beach Road - Sector 7,L,Kurla,Internal Road,1237
R1501,Marine Drive - Sector 38,K East,Andheri,Main Road,2262
R1502,LBS Marg - Sector 30,A,City,Main Road,946
R1503,Linking Road - Sector 6,K West,Andheri,Internal Road,1419
R1504,Hospital Road - Sector 30,H West,West,Connector,2042
R1505,Marine Drive - Sector 22,R North,Borivali,Main Road,1064
R1506,LBS Marg - Sector 39,F North,South Central,Internal Road,635
R1507,Market Road - Sector 2,L,Kurla,Main Road,1817
R1508,Linking Road - Sector 11,D,City,Connector,2154
R1509,Palm Beach Road - Sector 39,M East,Chembur,Connector,2193
R1510,Hospital Road - Sector 40,H East,West,Internal Road,1817
R1511,LBS Marg - Sector 9,H East,West,Main Road,256
R1512,LBS Marg - Sector 2,F South,South Central,Connector,970
R1513,Dr Annie Besant Road - Sector 31,A,City,Connector,794
R1514,Dr Annie Besant Road - Sector 28,R Central,Borivali,Connector,2406
R1515,LBS Marg - Sector 20,F South,South Central,Internal Road,806
R1516,Palm Beach Road - Sector 2,M West,Chembur,Main Road,880
R1517,Station Road - Sector 32,E,City,Internal Road,280
R1518,Hospital Road - Sector 16,M East,Chembur,Main Road,1407
R1519,Palm Beach Road - Sector 4,P South,Malad,Internal Road,232
R1520,Metro Road - Sector 28,D,City,Internal Road,2230
R1521,Hospital Road - Sector 39,T,Mulund,Connector,2470
R1522,Linking Road - Sector 32,H East,West,Internal Road,2191
R1523,Hospital Road - Sector 40,N,Ghatkopar,Connector,2198
R1524,Linking Road - Sector 34,G North,Central,Main Road,1928
R1525,Veer Savarkar Road - Sector 36,P South,Malad,Main Road,1297
R1526,Palm Beach Road - Sector 31,R Central,Borivali,Main Road,2226
R1527,Metro Road - Sector 23,R North,Borivali,Internal Road,1986
R1528,S.V. Road - Sector 19,A,City,Connector,987
R1529,Veer Savarkar Road - Sector 29,M West,Chembur,Main Road,2279
R1530,Hospital Road - Sector 22,G North,Central,Connector,2118
R1531,Marine Drive - Sector 25,E,City,Internal Road,1675
R1532,S.V. Road - Sector 40,M West,Chembur,Main Road,1356
R1533,LBS Marg - Sector 31,S,Powai,Main Road,909
R1534,S.V. Road - Sector 39,F South,South Central,Internal Road,613
R1535,Station Road - Sector 20,L,Kurla,Main Road,1057
R1536,Linking Road - Sector 2,P North,Malad,Internal Road,1268
R1537,Metro Road - Sector 11,K East,Andheri,Main Road,2262
R1538,LBS Marg - Sector 22,B,City,Internal Road,666
R1539,Dr Annie Besant Road - Sector 8,R North,Borivali,Connector,1117
R1540,Marine Drive - Sector 22,M West,Chembur,Internal Road,391
R1541,Marine Drive - Sector 10,P North,Malad,Connector,2311
R1542,Metro Road - Sector 7,R North,Borivali,Connector,406
R1543,Station Road - Sector 8,M East,Chembur,Main Road,617
R1544,Linking Road - Sector 33,P North,Malad,Main Road,884
R1545,LBS Marg - Sector 14,R Central,Borivali,Internal Road,843
R1546,Marine Drive - Sector 29,T,Mulund,Connector,2241
R1547,LBS Marg - Sector 10,T,Mulund,Connector,1689
R1548,S.V. Road - Sector 8,H West,West,Main Road,1998
R1549,Linking Road - Sector 16,L,Kurla,Internal Road,1598
R1550,Market Road - Sector 11,H East,West,Main Road,1289
R1551,Palm Beach Road - Sector 24,K East,Andheri,Connector,1205
R1552,Market Road - Sector 27,E,City,Main Road,765
R1553,Palm Beach Road - Sector 27,L,Kurla,Internal Road,2314
R1554,Veer Savarkar Road - Sector 2,R South,Borivali,Internal Road,796
R1555,Market Road - Sector 5,A,City,Main Road,1585
R1556,Palm Beach Road - Sector 11,H West,West,Internal Road,451
R1557,Linking Road - Sector 10,K West,Andheri,Connector,436
R1558,Metro Road - Sector 34,R Central,Borivali,Internal Road,1917
R1559,Metro Road - Sector 36,K West,Andheri,Internal Road,1484
R1560,Linking Road - Sector 18,K East,Andheri,Connector,801
R1561,Palm Beach Road - Sector 29,S,Powai,Connector,1040
R1562,Hospital Road - Sector 40,P North,Malad,Connector,2011
R1563,Veer Savarkar Road - Sector 26,S,Powai,Main Road,1435
R1564,Linking Road - Sector 35,C,City,Internal Road,1797
R1565,S.V. Road - Sector 34,T,Mulund,Connector,1362
R1566,LBS Marg - Sector 33,F South,South Central,Connector,1478
R1567,Veer Savarkar Road - Sector 11,N,Ghatkopar,Main Road,314
R1568,Hospital Road - Sector 17,P North,Malad,Main Road,1444
R1569,Palm Beach Road - Sector 33,T,Mulund,Main Road,445
R1570,Marine Drive - Sector 33,K East,Andheri,Internal Road,707
R1571,Metro Road - Sector 8,B,City,Internal Road,1420
R1572,Linking Road - Sector 30,P South,Malad,Internal Road,1167
R1573,Hospital Road - Sector 37,T,Mulund,Connector,2384
R1574,Dr Annie Besant Road - Sector 23,R North,Borivali,Internal Road,1365
R1575,Hospital Road - Sector 9,R South,Borivali,Connector,1746
R1576,Dr Annie Besant Road - Sector 7,N,Ghatkopar,Internal Road,2315
R1577,Dr Annie Besant Road - Sector 24,P South,Malad,Internal Road,601
R1578,Palm Beach Road - Sector 27,E,City,Main Road,577
R1579,Palm Beach Road - Sector 9,B,City,Internal Road,1079
R1580,LBS Marg - Sector 24,M East,Chembur,Connector,2355
R1581,Hospital Road - Sector 36,K West,Andheri,Connector,1817
R1582,Hospital Road - Sector 32,G South,Central,Connector,1934
R1583,Station Road - Sector 27,M East,Chembur,Main Road,791
R1584,S.V. Road - Sector 32,N,Ghatkopar,Connector,2074
R1585,Market Road - Sector 34,E,City,Main Road,1070
R1586,Station Road - Sector 3,M East,Chembur,Connector,842
R1587,Veer Savarkar Road - Sector 8,P North,Malad,Connector,1873
R1588,LBS Marg - Sector 24,D,City,Connector,1386
R1589,Market Road - Sector 10,B,City,Main Road,1721
R1590,Veer Savarkar Road - Sector 20,H East,West,Internal Road,2190
R1591,S.V. Road - Sector 10,A,City,Connector,1927
R1592,Marine Drive - Sector 19,B,City,Main Road,949
R1593,Station Road - Sector 1,T,Mulund,Main Road,2442
R1594,LBS Marg - Sector 3,K East,Andheri,Internal Road,2170
R1595,Marine Drive - Sector 37,P South,Malad,Internal Road,1583
R1596,Station Road - Sector 39,K West,Andheri,Main Road,767
R1597,Metro Road - Sector 30,N,Ghatkopar,Internal Road,2039
R1598,Veer Savarkar Road - Sector 6,E,City,Connector,1877
R1599,Dr Annie Besant Road - Sector 26,K West,Andheri,Internal Road,2415
R1600,Metro Road - Sector 29,B,City,Connector,1336
R1601,LBS Marg - Sector 11,R Central,Borivali,Connector,301
R1602,Metro Road - Sector 20,P South,Malad,Connector,707
R1603,Market Road - Sector 6,R Central,Borivali,Main Road,2419
R1604,Linking Road - Sector 37,P South,Malad,Connector,975
R1605,Market Road - Sector 2,M West,Chembur,Main Road,2378
R1606,Linking Road - Sector 18,F North,South Central,Main Road,1204
R1607,Hospital Road - Sector 29,S,Powai,Main Road,2385
R1608,Veer Savarkar Road - Sector 26,R North,Borivali,Connector,384
R1609,Linking Road - Sector 22,M West,Chembur,Internal Road,939
R1610,Linking Road - Sector 34,L,Kurla,Internal Road,1764
R1611,LBS Marg - Sector 8,G South,Central,Main Road,2419
R1612,Marine Drive - Sector 10,F North,South Central,Main Road,1246
R1613,S.V. Road - Sector 20,C,City,Internal Road,893
R1614,Hospital Road - Sector 21,B,City,Main Road,311
R1615,Linking Road - Sector 20,S,Powai,Internal Road,604
R1616,S.V. Road - Sector 27,H West,West,Internal Road,1256
R1617,LBS Marg - Sector 4,K West,Andheri,Main Road,1181
R1618,Hospital Road - Sector 16,R North,Borivali,Internal Road,2283
R1619,Palm Beach Road - Sector 8,N,Ghatkopar,Internal Road,448
R1620,Station Road - Sector 36,H West,West,Internal Road,468
R1621,Linking Road - Sector 27,M West,Chembur,Connector,1157
R1622,Marine Drive - Sector 36,A,City,Connector,615
R1623,Market Road - Sector 9,G North,Central,Internal Road,1866
R1624,LBS Marg - Sector 33,M East,Chembur,Main Road,783
R1625,Market Road - Sector 11,K East,Andheri,Main Road,2401
R1626,Market Road - Sector 29,L,Kurla,Main Road,204
R1627,Hospital Road - Sector 19,M East,Chembur,Connector,885
R1628,Linking Road - Sector 31,A,City,Internal Road,1227
R1629,Palm Beach Road - Sector 23,R South,Borivali,Connector,1071
R1630,Market Road - Sector 19,P South,Malad,Main Road,861
R1631,Market Road - Sector 37,T,Mulund,Main Road,1431
R1632,Palm Beach Road - Sector 8,C,City,Main Road,2479
R1633,Palm Beach Road - Sector 14,G South,Central,Connector,2267
R1634,Metro Road - Sector 22,H West,West,Connector,1270
R1635,Station Road - Sector 18,S,Powai,Main Road,1517
R1636,Dr Annie Besant Road - Sector 30,H West,West,Connector,1545
R1637,S.V. Road - Sector 1,A,City,Connector,2151
R1638,Linking Road - Sector 12,A,City,Internal Road,2476
R1639,Station Road - Sector 26,S,Powai,Connector,532
R1640,Metro Road - Sector 5,R Central,Borivali,Connector,326
R1641,Station Road - Sector 8,R South,Borivali,Internal Road,1741
R1642,Veer Savarkar Road - Sector 25,R North,Borivali,Main Road,234
R1643,Station Road - Sector 24,D,City,Main Road,2020
R1644,Dr Annie Besant Road - Sector 2,A,City,Internal Road,1665
R1645,LBS Marg - Sector 40,F South,South Central,Connector,1441
R1646,Dr Annie Besant Road - Sector 15,S,Powai,Internal Road,1686
R1647,Marine Drive - Sector 32,B,City,Connector,1056
R1648,Dr Annie Besant Road - Sector 26,A,City,Main Road,1336
R1649,Market Road - Sector 32,P South,Malad,Main Road,2460
R1650,Metro Road - Sector 37,F South,South Central,Connector,918
R1651,Hospital Road - Sector 9,C,City,Connector,466
R1652,Marine Drive - Sector 37,E,City,Main Road,2342
R1653,Marine Drive - Sector 13,T,Mulund,Connector,294
R1654,Metro Road - Sector 35,S,Powai,Connector,1235
R1655,Market Road - Sector 30,R South,Borivali,Main Road,1949
R1656,Metro Road - Sector 4,R Central,Borivali,Internal Road,1971
R1657,Marine Drive - Sector 8,L,Kurla,Connector,2322
R1658,Station Road - Sector 24,M East,Chembur,Connector,378
R1659,Dr Annie Besant Road - Sector 4,T,Mulund,Internal Road,1920
R1660,Station Road - Sector 21,P North,Malad,Main Road,1805
R1661,Veer Savarkar Road - Sector 6,F South,South Central,Connector,303
R1662,Dr Annie Besant Road - Sector 28,T,Mulund,Main Road,1223
R1663,S.V. Road - Sector 22,F South,South Central,Internal Road,457
R1664,Metro Road - Sector 7,R Central,Borivali,Main Road,2165
R1665,Linking Road - Sector 38,L,Kurla,Connector,1569
R1666,Dr Annie Besant Road - Sector 7,G South,Central,Internal Road,1176
R1667,Linking Road - Sector 22,H West,West,Connector,1169
R1668,Hospital Road - Sector 40,C,City,Internal Road,591
R1669,Station Road - Sector 38,R Central,Borivali,Main Road,550
R1670,Linking Road - Sector 25,B,City,Internal Road,466
R1671,Linking Road - Sector 29,E,City,Main Road,1434
R1672,Metro Road - Sector 28,R North,Borivali,Main Road,617
R1673,Linking Road - Sector 36,R South,Borivali,Main Road,1407
R1674,Palm Beach Road - Sector 7,K West,Andheri,Connector,1883
R1675,Hospital Road - Sector 40,G North,Central,Main Road,2057
R1676,Station Road - Sector 28,K West,Andheri,Connector,614
R1677,Metro Road - Sector 2,H West,West,Internal Road,2318
R1678,Hospital Road - Sector 13,H West,West,Main Road,620
R1679,Hospital Road - Sector 5,A,City,Connector,993
R1680,S.V. Road - Sector 33,P South,Malad,Internal Road,1655
R1681,Station Road - Sector 40,L,Kurla,Internal Road,961
R1682,S.V. Road - Sector 3,G North,Central,Main Road,722
R1683,Hospital Road - Sector 28,H East,West,Connector,1665
R1684,Hospital Road - Sector 35,H East,West,Main Road,803
R1685,Marine Drive - Sector 39,M West,Chembur,Internal Road,1392
R1686,Linking Road - Sector 34,K East,Andheri,Connector,792
R1687,Dr Annie Besant Road - Sector 33,B,City,Connector,423
R1688,Veer Savarkar Road - Sector 13,L,Kurla,Main Road,1024
R1689,Veer Savarkar Road - Sector 13,C,City,Connector,2148
R1690,Station Road - Sector 39,S,Powai,Connector,1556
R1691,Hospital Road - Sector 22,P South,Malad,Connector,1427
R1692,Veer Savarkar Road - Sector 11,L,Kurla,Main Road,2060
R1693,Station Road - Sector 15,B,City,Main Road,1113
R1694,Dr Annie Besant Road - Sector 30,S,Powai,Connector,1073
R1695,Station Road - Sector 22,G North,Central,Connector,1739
R1696,Palm Beach Road - Sector 12,F South,South Central,Main Road,1686
R1697,LBS Marg - Sector 23,A,City,Main Road,2472
R1698,S.V. Road - Sector 19,D,City,Internal Road,996
R1699,Hospital Road - Sector 24,R Central,Borivali,Main Road,321
R1700,Dr Annie Besant Road - Sector 19,F South,South Central,Main Road,1096
R1701,S.V. Road - Sector 22,G South,Central,Connector,1207
R1702,Dr Annie Besant Road - Sector 2,F North,South Central,Main Road,1272
R1703,Linking Road - Sector 9,D,City,Internal Road,654
R1704,Dr Annie Besant Road - Sector 20,H West,West,Internal Road,1183
R1705,Veer Savarkar Road - Sector 11,K East,Andheri,Connector,1976
R1706,LBS Marg - Sector 8,S,Powai,Main Road,735
R1707,Dr Annie Besant Road - Sector 35,F South,South Central,Internal Road,1732
R1708,Hospital Road - Sector 28,H West,West,Connector,1201
R1709,Hospital Road - Sector 38,B,City,Main Road,2393
R1710,S.V. Road - Sector 21,H East,West,Main Road,418
R1711,Marine Drive - Sector 9,R Central,Borivali,Connector,2202
R1712,LBS Marg - Sector 31,F South,South Central,Connector,465
R1713,Market Road - Sector 25,F North,South Central,Connector,2285
R1714,Station Road - Sector 34,K East,Andheri,Internal Road,933
R1715,Veer Savarkar Road - Sector 34,H West,West,Connector,2179
R1716,Station Road - Sector 31,S,Powai,Internal Road,1842
R1717,Hospital Road - Sector 3,R Central,Borivali,Main Road,1099
R1718,Station Road - Sector 16,F South,South Central,Internal Road,1095
R1719,Palm Beach Road - Sector 25,H East,West,Connector,843
R1720,Marine Drive - Sector 36,K East,Andheri,Main Road,750
R1721,Marine Drive - Sector 29,C,City,Connector,1640
R1722,Hospital Road - Sector 3,G North,Central,Internal Road,2298
R1723,Veer Savarkar Road - Sector 28,R North,Borivali,Internal Road,2115
R1724,Palm Beach Road - Sector 24,L,Kurla,Internal Road,1498
R1725,Palm Beach Road - Sector 2,G South,Central,Main Road,2009
R1726,Marine Drive - Sector 5,G North,Central,Internal Road,537
R1727,Market Road - Sector 33,H East,West,Connector,520
R1728,Dr Annie Besant Road - Sector 7,G South,Central,Main Road,492
R1729,Linking Road - Sector 35,K East,Andheri,Main Road,1567
R1730,Metro Road - Sector 22,F South,South Central,Internal Road,1439
R1731,Metro Road - Sector 18,T,Mulund,Main Road,764
R1732,Market Road - Sector 17,S,Powai,Main Road,1426
R1733,Veer Savarkar Road - Sector 26,H East,West,Internal Road,248
R1734,Metro Road - Sector 33,M West,Chembur,Main Road,1828
R1735,Dr Annie Besant Road - Sector 14,G North,Central,Internal Road,1157
R1736,Hospital Road - Sector 36,N,Ghatkopar,Internal Road,2089
R1737,LBS Marg - Sector 21,H West,West,Main Road,1956
R1738,Palm Beach Road - Sector 14,S,Powai,Internal Road,2043
R1739,Linking Road - Sector 24,P North,Malad,Main Road,725
R1740,Linking Road - Sector 32,H East,West,Connector,1652
R1741,Dr Annie Besant Road - Sector 27,H West,West,Internal Road,1852
R1742,Market Road - Sector 20,S,Powai,Internal Road,295
R1743,Linking Road - Sector 9,P South,Malad,Main Road,1552
R1744,Metro Road - Sector 39,P South,Malad,Connector,1801
R1745,Dr Annie Besant Road - Sector 26,K West,Andheri,Main Road,2389
R1746,Dr Annie Besant Road - Sector 31,K West,Andheri,Main Road,1546
R1747,Station Road - Sector 20,P South,Malad,Main Road,902
R1748,Metro Road - Sector 36,D,City,Main Road,331
R1749,Hospital Road - Sector 32,S,Powai,Main Road,964
R1750,LBS Marg - Sector 25,F South,South Central,Internal Road,1043
R1751,Marine Drive - Sector 34,G North,Central,Main Road,2062
R1752,Veer Savarkar Road - Sector 34,B,City,Main Road,903
R1753,Palm Beach Road - Sector 26,H West,West,Main Road,653
R1754,Market Road - Sector 27,E,City,Internal Road,481
R1755,Dr Annie Besant Road - Sector 9,K West,Andheri,Main Road,1468
R1756,Metro Road - Sector 31,L,Kurla,Main Road,1471
R1757,Dr Annie Besant Road - Sector 33,P South,Malad,Connector,2079
R1758,Dr Annie Besant Road - Sector 1,G South,Central,Main Road,2025
R1759,Palm Beach Road - Sector 39,C,City,Main Road,2353
R1760,Hospital Road - Sector 32,H West,West,Internal Road,2095
R1761,Linking Road - Sector 6,P South,Malad,Internal Road,2069
R1762,Marine Drive - Sector 26,K East,Andheri,Connector,917
R1763,Dr Annie Besant Road - Sector 12,L,Kurla,Connector,1969
R1764,Palm Beach Road - Sector 12,M East,Chembur,Connector,591
R1765,Linking Road - Sector 16,K West,Andheri,Main Road,1321
R1766,Market Road - Sector 19,R Central,Borivali,Connector,473
R1767,Dr Annie Besant Road - Sector 32,S,Powai,Internal Road,2464
R1768,Veer Savarkar Road - Sector 5,D,City,Main Road,2266
R1769,Palm Beach Road - Sector 29,H West,West,Main Road,1235
R1770,Market Road - Sector 3,F South,South Central,Internal Road,309
R1771,Metro Road - Sector 30,C,City,Internal Road,1607
R1772,Palm Beach Road - Sector 13,T,Mulund,Internal Road,354
R1773,Marine Drive - Sector 8,A,City,Connector,759
R1774,Metro Road - Sector 30,H West,West,Internal Road,2089
R1775,LBS Marg - Sector 36,C,City,Connector,1192
R1776,Station Road - Sector 9,S,Powai,Internal Road,1343
R1777,S.V. Road - Sector 2,F North,South Central,Connector,611
R1778,Marine Drive - Sector 8,F North,South Central,Connector,1800
R1779,LBS Marg - Sector 1,F North,South Central,Connector,1319
R1780,Station Road - Sector 23,E,City,Main Road,1087
R1781,Linking Road - Sector 35,S,Powai,Main Road,2010
R1782,Linking Road - Sector 34,S,Powai,Connector,621
R1783,Marine Drive - Sector 29,K West,Andheri,Main Road,219
R1784,Palm Beach Road - Sector 13,B,City,Main Road,1734
R1785,Dr Annie Besant Road - Sector 6,G North,Central,Main Road,1927
R1786,Linking Road - Sector 22,A,City,Main Road,458
R1787,LBS Marg - Sector 11,G North,Central,Connector,884
R1788,Palm Beach Road - Sector 33,B,City,Main Road,1539
R1789,Market Road - Sector 13,H West,West,Connector,1048
R1790,Palm Beach Road - Sector 28,P North,Malad,Main Road,1151
R1791,LBS Marg - Sector 23,F South,South Central,Internal Road,911
R1792,Palm Beach Road - Sector 21,A,City,Main Road,1794
R1793,Station Road - Sector 15,F South,South Central,Main Road,1340
R1794,Hospital Road - Sector 24,R Central,Borivali,Main Road,475
R1795,Palm Beach Road - Sector 20,F South,South Central,Connector,2246
R1796,Market Road - Sector 37,D,City,Main Road,1231
R1797,Hospital Road - Sector 21,D,City,Connector,1791
R1798,S.V. Road - Sector 22,R South,Borivali,Main Road,1502
R1799,Station Road - Sector 5,R South,Borivali,Internal Road,272
R1800,Hospital Road - Sector 29,R North,Borivali,Internal Road,2293
R1801,Dr Annie Besant Road - Sector 33,R Central,Borivali,Connector,254
R1802,Linking Road - Sector 40,G North,Central,Main Road,1465
R1803,Palm Beach Road - Sector 16,G North,Central,Connector,525
R1804,S.V. Road - Sector 24,B,City,Internal Road,1414
R1805,S.V. Road - Sector 25,F South,South Central,Main Road,355
R1806,Hospital Road - Sector 29,G North,Central,Connector,1546
R1807,Marine Drive - Sector 21,E,City,Connector,362
R1808,Palm Beach Road - Sector 19,N,Ghatkopar,Main Road,1138
R1809,Veer Savarkar Road - Sector 22,T,Mulund,Main Road,1043
R1810,Linking Road - Sector 16,P North,Malad,Connector,1111
R1811,Palm Beach Road - Sector 34,R North,Borivali,Internal Road,951
R1812,Metro Road - Sector 1,M East,Chembur,Main Road,2213
R1813,Dr Annie Besant Road - Sector 4,C,City,Connector,779
R1814,S.V. Road - Sector 6,F South,South Central,Main Road,2448
R1815,Dr Annie Besant Road - Sector 33,F South,South Central,Main Road,1945
R1816,Station Road - Sector 20,T,Mulund,Main Road,1009
R1817,Palm Beach Road - Sector 12,G North,Central,Connector,1219
R1818,Marine Drive - Sector 37,H East,West,Internal Road,1024
R1819,Station Road - Sector 6,G South,Central,Internal Road,1831
R1820,S.V. Road - Sector 31,K West,Andheri,Internal Road,1931
R1821,Hospital Road - Sector 28,N,Ghatkopar,Main Road,2174
R1822,Palm Beach Road - Sector 28,A,City,Main Road,1429
R1823,Market Road - Sector 10,R North,Borivali,Connector,919
R1824,Palm Beach Road - Sector 30,G South,Central,Internal Road,2057
R1825,Palm Beach Road - Sector 36,H East,West,Connector,2169
R1826,Veer Savarkar Road - Sector 9,C,City,Connector,2122
R1827,S.V. Road - Sector 13,F South,South Central,Main Road,252
R1828,Veer Savarkar Road - Sector 32,N,Ghatkopar,Internal Road,1903
R1829,Veer Savarkar Road - Sector 25,K West,Andheri,Internal Road,1460
R1830,Hospital Road - Sector 5,R Central,Borivali,Internal Road,359
R1831,Palm Beach Road - Sector 37,D,City,Main Road,995
R1832,Marine Drive - Sector 23,L,Kurla,Connector,2201
R1833,Veer Savarkar Road - Sector 4,R Central,Borivali,Connector,1778
R1834,Dr Annie Besant Road - Sector 16,L,Kurla,Internal Road,341
R1835,Metro Road - Sector 2,K East,Andheri,Connector,805
R1836,Hospital Road - Sector 30,G South,Central,Connector,803
R1837,Dr Annie Besant Road - Sector 39,G South,Central,Connector,861
R1838,LBS Marg - Sector 6,A,City,Connector,1774
R1839,Hospital Road - Sector 6,K West,Andheri,Connector,973
R1840,S.V. Road - Sector 28,L,Kurla,Internal Road,1437
R1841,Market Road - Sector 25,N,Ghatkopar,Connector,1461
R1842,Palm Beach Road - Sector 6,T,Mulund,Main Road,1610
R1843,Marine Drive - Sector 14,E,City,Connector,1830
R1844,Marine Drive - Sector 1,S,Powai,Main Road,2214
R1845,LBS Marg - Sector 5,A,City,Connector,1911
R1846,Palm Beach Road - Sector 19,N,Ghatkopar,Connector,1965
R1847,S.V. Road - Sector 24,F North,South Central,Main Road,750
R1848,Station Road - Sector 12,F South,South Central,Connector,651
R1849,Hospital Road - Sector 14,M East,Chembur,Main Road,1023
R1850,S.V. Road - Sector 13,B,City,Internal Road,1874
R1851,Metro Road - Sector 40,M East,Chembur,Main Road,880
R1852,Marine Drive - Sector 6,C,City,Internal Road,710
R1853,LBS Marg - Sector 22,G South,Central,Main Road,1161
R1854,Station Road - Sector 7,M West,Chembur,Main Road,450
R1855,Linking Road - Sector 38,G South,Central,Main Road,596
R1856,Market Road - Sector 1,F South,South Central,Internal Road,2330
R1857,Station Road - Sector 31,G South,Central,Internal Road,1959
R1858,Veer Savarkar Road - Sector 22,H West,West,Internal Road,1181
R1859,Metro Road - Sector 26,K East,Andheri,Internal Road,434
R1860,Veer Savarkar Road - Sector 7,K East,Andheri,Main Road,2071
R1861,Palm Beach Road - Sector 9,S,Powai,Main Road,703
R1862,Marine Drive - Sector 16,N,Ghatkopar,Internal Road,2051
R1863,Metro Road - Sector 31,R North,Borivali,Connector,1892
R1864,Dr Annie Besant Road - Sector 1,R South,Borivali,Connector,1519
R1865,Metro Road - Sector 24,A,City,Main Road,1533
R1866,Station Road - Sector 15,R South,Borivali,Connector,2184
R1867,Hospital Road - Sector 6,K West,Andheri,Internal Road,1952
R1868,Metro Road - Sector 7,M West,Chembur,Connector,1776
R1869,Hospital Road - Sector 13,H East,West,Connector,786
R1870,Hospital Road - Sector 33,N,Ghatkopar,Main Road,723
R1871,LBS Marg - Sector 20,M West,Chembur,Connector,2447
R1872,S.V. Road - Sector 29,M East,Chembur,Main Road,2174
R1873,Market Road - Sector 16,R South,Borivali,Main Road,1066
R1874,Metro Road - Sector 6,F North,South Central,Main Road,1981
R1875,Linking Road - Sector 11,S,Powai,Internal Road,1770
R1876,Dr Annie Besant Road - Sector 17,G South,Central,Connector,2150
R1877,LBS Marg - Sector 9,R South,Borivali,Connector,2215
R1878,Veer Savarkar Road - Sector 15,C,City,Connector,464
R1879,Veer Savarkar Road - Sector 25,R Central,Borivali,Connector,1763
R1880,Metro Road - Sector 36,R Central,Borivali,Internal Road,1155
R1881,Marine Drive - Sector 8,G North,Central,Internal Road,559
R1882,LBS Marg - Sector 22,D,City,Connector,970
R1883,LBS Marg - Sector 37,T,Mulund,Internal Road,721
R1884,Palm Beach Road - Sector 37,H West,West,Connector,206
R1885,Linking Road - Sector 38,H East,West,Connector,977
R1886,Palm Beach Road - Sector 21,K West,Andheri,Internal Road,717
R1887,Metro Road - Sector 39,N,Ghatkopar,Connector,1109
R1888,Palm Beach Road - Sector 1,D,City,Connector,2086
R1889,S.V. Road - Sector 19,H West,West,Main Road,2247
R1890,Station Road - Sector 10,R South,Borivali,Connector,1360
R1891,Metro Road - Sector 3,E,City,Connector,1511
R1892,Market Road - Sector 8,H East,West,Internal Road,2159
R1893,Dr Annie Besant Road - Sector 32,R Central,Borivali,Internal Road,1742
R1894,Veer Savarkar Road - Sector 10,B,City,Connector,1062
R1895,Dr Annie Besant Road - Sector 4,T,Mulund,Main Road,2196
R1896,Palm Beach Road - Sector 20,T,Mulund,Connector,852
R1897,Market Road - Sector 26,A,City,Internal Road,1930
R1898,Station Road - Sector 23,R South,Borivali,Internal Road,1801
R1899,Market Road - Sector 19,C,City,Internal Road,999
R1900,Market Road - Sector 26,S,Powai,Main Road,736
R1901,Hospital Road - Sector 4,H West,West,Connector,1445
R1902,Metro Road - Sector 11,M East,Chembur,Connector,763
R1903,Station Road - Sector 19,M East,Chembur,Main Road,1059
R1904,Dr Annie Besant Road - Sector 1,F South,South Central,Internal Road,617
R1905,S.V. Road - Sector 25,R South,Borivali,Internal Road,889
R1906,LBS Marg - Sector 23,B,City,Internal Road,935
R1907,LBS Marg - Sector 33,B,City,Connector,1586
R1908,Palm Beach Road - Sector 10,P South,Malad,Connector,1854
R1909,Linking Road - Sector 8,G North,Central,Main Road,1824
R1910,Marine Drive - Sector 39,M West,Chembur,Main Road,1737
R1911,Metro Road - Sector 6,S,Powai,Internal Road,1765
R1912,Metro Road - Sector 29,G South,Central,Internal Road,247
R1913,LBS Marg - Sector 6,D,City,Main Road,2203
R1914,Metro Road - Sector 33,R Central,Borivali,Main Road,294
R1915,Hospital Road - Sector 37,P South,Malad,Internal Road,1321
R1916,LBS Marg - Sector 38,S,Powai,Main Road,1772
R1917,Metro Road - Sector 28,M West,Chembur,Internal Road,712
R1918,Veer Savarkar Road - Sector 5,D,City,Connector,2401
R1919,Palm Beach Road - Sector 2,F North,South Central,Internal Road,2477
R1920,Market Road - Sector 32,P North,Malad,Main Road,2325
R1921,Market Road - Sector 8,P South,Malad,Main Road,680
R1922,Hospital Road - Sector 12,F North,South Central,Main Road,2472
R1923,Veer Savarkar Road - Sector 8,M East,Chembur,Main Road,727
R1924,Dr Annie Besant Road - Sector 11,P South,Malad,Main Road,1251
R1925,LBS Marg - Sector 8,B,City,Connector,1422
R1926,Market Road - Sector 11,K East,Andheri,Internal Road,200
R1927,Marine Drive - Sector 3,G North,Central,Connector,1401
R1928,Market Road - Sector 29,R South,Borivali,Main Road,2208
R1929,Veer Savarkar Road - Sector 34,S,Powai,Internal Road,2404
R1930,Dr Annie Besant Road - Sector 7,N,Ghatkopar,Connector,383
R1931,Linking Road - Sector 13,G North,Central,Main Road,1427
R1932,S.V. Road - Sector 39,F South,South Central,Connector,1084
R1933,Veer Savarkar Road - Sector 18,P South,Malad,Main Road,1928
R1934,Market Road - Sector 17,C,City,Internal Road,1763
R1935,S.V. Road - Sector 26,R Central,Borivali,Internal Road,541
R1936,Metro Road - Sector 28,G South,Central,Connector,786
R1937,Dr Annie Besant Road - Sector 5,P North,Malad,Connector,1303
R1938,Metro Road - Sector 13,R Central,Borivali,Connector,1724
R1939,Metro Road - Sector 33,P South,Malad,Connector,871
R1940,S.V. Road - Sector 21,L,Kurla,Internal Road,1752
R1941,Hospital Road - Sector 16,A,City,Main Road,1306
R1942,Market Road - Sector 8,D,City,Connector,2446
R1943,LBS Marg - Sector 22,L,Kurla,Connector,564
R1944,Veer Savarkar Road - Sector 18,K East,Andheri,Main Road,1124
R1945,Linking Road - Sector 7,G South,Central,Internal Road,1110
R1946,LBS Marg - Sector 8,K West,Andheri,Main Road,2356
R1947,Marine Drive - Sector 38,T,Mulund,Internal Road,591
R1948,Veer Savarkar Road - Sector 37,N,Ghatkopar,Internal Road,2459
R1949,Hospital Road - Sector 7,G South,Central,Main Road,899
R1950,Palm Beach Road - Sector 12,H West,West,Internal Road,2377
R1951,Hospital Road - Sector 26,P North,Malad,Internal Road,722
R1952,Linking Road - Sector 33,G South,Central,Connector,836
R1953,S.V. Road - Sector 10,R South,Borivali,Internal Road,1295
R1954,Metro Road - Sector 24,B,City,Connector,1220
R1955,Hospital Road - Sector 27,R South,Borivali,Connector,2075
R1956,Station Road - Sector 23,F North,South Central,Internal Road,2257
R1957,Marine Drive - Sector 28,H East,West,Connector,1137
R1958,Metro Road - Sector 6,H East,West,Internal Road,1865
R1959,LBS Marg - Sector 6,H West,West,Main Road,1183
R1960,S.V. Road - Sector 37,C,City,Main Road,546
R1961,Marine Drive - Sector 36,T,Mulund,Internal Road,243
R1962,Metro Road - Sector 33,L,Kurla,Connector,758
R1963,Station Road - Sector 33,M West,Chembur,Connector,2380
R1964,LBS Marg - Sector 26,S,Powai,Main Road,978
R1965,Linking Road - Sector 28,T,Mulund,Connector,2388
R1966,Veer Savarkar Road - Sector 16,T,Mulund,Connector,2363
R1967,Hospital Road - Sector 3,R South,Borivali,Connector,2037
R1968,Metro Road - Sector 34,F North,South Central,Main Road,916
R1969,Veer Savarkar Road - Sector 9,C,City,Connector,1647
R1970,Palm Beach Road - Sector 32,B,City,Internal Road,898
R1971,LBS Marg - Sector 22,K East,Andheri,Connector,1223
R1972,LBS Marg - Sector 19,P North,Malad,Internal Road,2178
R1973,Marine Drive - Sector 14,H East,West,Main Road,1812
R1974,Marine Drive - Sector 33,F South,South Central,Main Road,2096
R1975,Station Road - Sector 4,R North,Borivali,Internal Road,224
R1976,Station Road - Sector 22,R North,Borivali,Internal Road,1649
R1977,Linking Road - Sector 23,D,City,Connector,962
R1978,Veer Savarkar Road - Sector 1,K West,Andheri,Main Road,1964
R1979,Dr Annie Besant Road - Sector 6,M West,Chembur,Connector,2306
R1980,Palm Beach Road - Sector 8,E,City,Internal Road,228
R1981,Metro Road - Sector 17,E,City,Main Road,2127
R1982,Veer Savarkar Road - Sector 20,K West,Andheri,Internal Road,1954
R1983,Market Road - Sector 18,F North,South Central,Main Road,1996
R1984,Station Road - Sector 11,R South,Borivali,Main Road,1648
R1985,Palm Beach Road - Sector 1,T,Mulund,Internal Road,1012
R1986,Dr Annie Besant Road - Sector 19,D,City,Main Road,747
R1987,Palm Beach Road - Sector 22,K West,Andheri,Main Road,856
R1988,Dr Annie Besant Road - Sector 31,R South,Borivali,Connector,1288
R1989,Palm Beach Road - Sector 32,D,City,Connector,2229
R1990,S.V. Road - Sector 21,R South,Borivali,Internal Road,2255
R1991,Palm Beach Road - Sector 9,T,Mulund,Main Road,641
R1992,S.V. Road - Sector 10,A,City,Internal Road,2248
R1993,Metro Road - Sector 16,A,City,Main Road,1601
R1994,Hospital Road - Sector 1,L,Kurla,Internal Road,2166
R1995,Marine Drive - Sector 32,H East,West,Main Road,1956
R1996,Hospital Road - Sector 10,G North,Central,Connector,2294
R1997,Dr Annie Besant Road - Sector 18,F North,South Central,Main Road,1279
R1998,Dr Annie Besant Road - Sector 28,S,Powai,Main Road,2141
R1999,LBS Marg - Sector 33,S,Powai,Connector,942
R2000,Hospital Road - Sector 10,F South,South Central,Main Road,693
R2001,Palm Beach Road - Sector 3,E,City,Internal Road,987
R2002,Palm Beach Road - Sector 2,E,City,Connector,1017
R2003,Linking Road - Sector 25,C,City,Internal Road,2350
R2004,Metro Road - Sector 15,H East,West,Main Road,1576
R2005,Station Road - Sector 4,L,Kurla,Connector,1949
R2006,Linking Road - Sector 20,R Central,Borivali,Main Road,1302
R2007,Marine Drive - Sector 23,K East,Andheri,Connector,1912
R2008,Veer Savarkar Road - Sector 4,G North,Central,Main Road,367
R2009,Linking Road - Sector 21,A,City,Main Road,1368
R2010,Marine Drive - Sector 39,M West,Chembur,Main Road,1964
R2011,Marine Drive - Sector 32,F North,South Central,Internal Road,1569
R2012,LBS Marg - Sector 7,H East,West,Connector,255
R2013,Market Road - Sector 9,R South,Borivali,Internal Road,1676
R2014,Veer Savarkar Road - Sector 38,T,Mulund,Connector,1722
R2015,Metro Road - Sector 18,G North,Central,Main Road,1773
R2016,LBS Marg - Sector 9,C,City,Connector,692
R2017,Hospital Road - Sector 13,B,City,Main Road,2025
R2018,LBS Marg - Sector 35,D,City,Connector,1604
R2019,Station Road - Sector 13,H East,West,Connector,829
R2020,S.V. Road - Sector 13,B,City,Internal Road,2454
R2021,Marine Drive - Sector 36,S,Powai,Internal Road,1699
R2022,Metro Road - Sector 8,M East,Chembur,Internal Road,477
R2023,Palm Beach Road - Sector 34,M West,Chembur,Connector,289
R2024,Hospital Road - Sector 18,F North,South Central,Connector,728
R2025,Linking Road - Sector 37,H East,West,Main Road,979
R2026,Palm Beach Road - Sector 32,T,Mulund,Connector,2380
R2027,LBS Marg - Sector 11,N,Ghatkopar,Internal Road,2286
R2028,Market Road - Sector 25,K West,Andheri,Internal Road,1312
R2029,S.V. Road - Sector 1,F South,South Central,Main Road,1092
R2030,Linking Road - Sector 33,P South,Malad,Internal Road,2263
R2031,Market Road - Sector 17,S,Powai,Internal Road,1102
R2032,Marine Drive - Sector 36,H East,West,Main Road,900
R2033,Linking Road - Sector 35,G North,Central,Main Road,1395
R2034,Metro Road - Sector 10,B,City,Internal Road,744
R2035,Linking Road - Sector 16,G South,Central,Main Road,2389
R2036,Linking Road - Sector 23,D,City,Connector,1711
R2037,LBS Marg - Sector 36,H West,West,Internal Road,747
R2038,Hospital Road - Sector 19,L,Kurla,Internal Road,434
R2039,Linking Road - Sector 23,R Central,Borivali,Main Road,1345
R2040,Marine Drive - Sector 2,F North,South Central,Connector,635
R2041,Palm Beach Road - Sector 17,T,Mulund,Connector,2456
R2042,Station Road - Sector 15,F South,South Central,Internal Road,1300
R2043,Hospital Road - Sector 26,F South,South Central,Main Road,2027
R2044,Palm Beach Road - Sector 24,G North,Central,Main Road,2162
R2045,Station Road - Sector 12,C,City,Internal Road,957
R2046,Dr Annie Besant Road - Sector 37,F North,South Central,Internal Road,938
R2047,Marine Drive - Sector 2,R Central,Borivali,Internal Road,867
R2048,Palm Beach Road - Sector 39,F North,South Central,Main Road,484
R2049,LBS Marg - Sector 28,E,City,Main Road,2063
R2050,Palm Beach Road - Sector 7,R Central,Borivali,Connector,2357
R2051,Linking Road - Sector 39,E,City,Main Road,1747
R2052,Linking Road - Sector 8,K West,Andheri,Main Road,379
R2053,Dr Annie Besant Road - Sector 6,E,City,Internal Road,784
R2054,Hospital Road - Sector 1,R Central,Borivali,Main Road,635
R2055,Veer Savarkar Road - Sector 6,P North,Malad,Main Road,770
R2056,Hospital Road - Sector 29,M West,Chembur,Main Road,1459
R2057,Station Road - Sector 10,H West,West,Main Road,428
R2058,Marine Drive - Sector 35,P North,Malad,Main Road,286
R2059,LBS Marg - Sector 35,B,City,Internal Road,620
R2060,Palm Beach Road - Sector 10,N,Ghatkopar,Main Road,1118
R2061,Dr Annie Besant Road - Sector 28,A,City,Internal Road,803
R2062,Metro Road - Sector 19,K East,Andheri,Main Road,1775
R2063,LBS Marg - Sector 32,R South,Borivali,Main Road,651
R2064,LBS Marg - Sector 19,G North,Central,Internal Road,512
R2065,Veer Savarkar Road - Sector 8,R North,Borivali,Internal Road,547
R2066,Hospital Road - Sector 10,B,City,Main Road,1955
R2067,Veer Savarkar Road - Sector 39,N,Ghatkopar,Main Road,1941
R2068,Metro Road - Sector 20,E,City,Connector,1375
R2069,LBS Marg - Sector 18,K East,Andheri,Internal Road,1711
R2070,LBS Marg - Sector 1,G South,Central,Main Road,800
R2071,S.V. Road - Sector 25,H West,West,Internal Road,2159
R2072,LBS Marg - Sector 37,C,City,Internal Road,1340
R2073,LBS Marg - Sector 21,E,City,Main Road,944
R2074,Veer Savarkar Road - Sector 21,K West,Andheri,Internal Road,1936
R2075,Palm Beach Road - Sector 39,M West,Chembur,Connector,1565
R2076,Metro Road - Sector 16,E,City,Internal Road,1914
R2077,Station Road - Sector 35,P North,Malad,Connector,2217
R2078,Market Road - Sector 15,P North,Malad,Internal Road,542
R2079,Palm Beach Road - Sector 34,P South,Malad,Connector,1098
R2080,LBS Marg - Sector 16,S,Powai,Internal Road,211
R2081,Linking Road - Sector 24,F South,South Central,Connector,2141
R2082,LBS Marg - Sector 4,E,City,Internal Road,1678
R2083,Marine Drive - Sector 30,E,City,Main Road,2458
R2084,Dr Annie Besant Road - Sector 14,L,Kurla,Main Road,428
R2085,S.V. Road - Sector 8,T,Mulund,Connector,786
R2086,Linking Road - Sector 28,K West,Andheri,Internal Road,421
R2087,LBS Marg - Sector 38,S,Powai,Main Road,2153
R2088,S.V. Road - Sector 2,R North,Borivali,Main Road,1696
R2089,LBS Marg - Sector 16,E,City,Main Road,251
R2090,Palm Beach Road - Sector 10,P South,Malad,Main Road,2124
R2091,S.V. Road - Sector 34,T,Mulund,Connector,1426
R2092,Palm Beach Road - Sector 22,M West,Chembur,Internal Road,254
R2093,LBS Marg - Sector 10,H East,West,Main Road,331
R2094,S.V. Road - Sector 33,R North,Borivali,Main Road,244
R2095,Palm Beach Road - Sector 30,K West,Andheri,Connector,1256
R2096,Market Road - Sector 20,P South,Malad,Connector,1131
R2097,S.V. Road - Sector 18,L,Kurla,Main Road,2336
R2098,S.V. Road - Sector 14,K West,Andheri,Internal Road,429
R2099,Palm Beach Road - Sector 12,G North,Central,Connector,2490
R2100,LBS Marg - Sector 30,R North,Borivali,Internal Road,1482
R2101,Metro Road - Sector 26,R Central,Borivali,Internal Road,875
R2102,Veer Savarkar Road - Sector 28,B,City,Main Road,1305
R2103,LBS Marg - Sector 5,D,City,Internal Road,1574
R2104,Dr Annie Besant Road - Sector 19,A,City,Main Road,2418
R2105,LBS Marg - Sector 14,D,City,Connector,244
R2106,Dr Annie Besant Road - Sector 36,H East,West,Main Road,332
R2107,Marine Drive - Sector 6,G North,Central,Connector,383
R2108,Station Road - Sector 3,P South,Malad,Main Road,1488
R2109,Marine Drive - Sector 1,C,City,Internal Road,1356
R2110,Market Road - Sector 13,K West,Andheri,Internal Road,1800
R2111,Veer Savarkar Road - Sector 9,T,Mulund,Connector,598
R2112,Palm Beach Road - Sector 33,H West,West,Main Road,2256
R2113,Linking Road - Sector 38,E,City,Internal Road,2153
R2114,Linking Road - Sector 19,P South,Malad,Main Road,820
R2115,Station Road - Sector 6,R South,Borivali,Connector,582
R2116,Dr Annie Besant Road - Sector 14,S,Powai,Connector,776
R2117,S.V. Road - Sector 33,S,Powai,Connector,2343
R2118,Station Road - Sector 9,H West,West,Internal Road,1391
R2119,Hospital Road - Sector 28,K East,Andheri,Main Road,1787
R2120,Dr Annie Besant Road - Sector 40,G North,Central,Connector,507
R2121,Hospital Road - Sector 32,E,City,Main Road,261
